source_type,direction,horizon,ts_code,name,signal_type,signal_time,signal_date,recommendation_score,trigger_reason,suggestion,entry_date,exit_date,entry_price,exit_price,gross_return,net_return,mfe,mae,is_win,extra_json,signal_id,market_regime
pre_market_recommendation,buy,2,603680.SH,今创集团,pre_market_selection,2026-01-05 09:00:00,20260105,91.54648806541515,,,20260106,20260107,15.2,16.78,0.10394736842105279,0.09997831766072562,0.10921052631578942,-0.03421052631578947,1,"{""rec_date"": ""20260105"", ""strategy_type"": ""secondary_launch_walkforward""}",,NEUTRAL
pre_market_recommendation,buy,3,603680.SH,今创集团,pre_market_selection,2026-01-05 09:00:00,20260105,91.54648806541515,,,20260106,20260108,15.2,16.9,0.11184210526315774,0.10784467034959833,0.15657894736842093,-0.03421052631578947,1,"{""rec_date"": ""20260105"", ""strategy_type"": ""secondary_launch_walkforward""}",,NEUTRAL
pre_market_recommendation,buy,4,603680.SH,今创集团,pre_market_selection,2026-01-05 09:00:00,20260105,91.54648806541515,,,20260106,20260109,15.2,16.68,0.09736842105263155,0.09342302375333156,0.15657894736842093,-0.03421052631578947,1,"{""rec_date"": ""20260105"", ""strategy_type"": ""secondary_launch_walkforward""}",,NEUTRAL
pre_market_recommendation,buy,5,603680.SH,今创集团,pre_market_selection,2026-01-05 09:00:00,20260105,91.54648806541515,,,20260106,20260112,15.2,17.82,0.17236842105263173,0.16815337429762378,0.18092105263157898,-0.03421052631578947,1,"{""rec_date"": ""20260105"", ""strategy_type"": ""secondary_launch_walkforward""}",,NEUTRAL
pre_market_recommendation,buy,2,603305.SH,旭升集团,pre_market_selection,2026-01-05 09:00:00,20260105,91.08972234722401,,,20260106,20260107,17.0,16.44,-0.03294117647058814,-0.03641806827594696,0.009411764705882453,-0.045882352941176485,0,"{""rec_date"": ""20260105"", ""strategy_type"": ""secondary_launch_walkforward""}",,NEUTRAL
pre_market_recommendation,buy,3,603305.SH,旭升集团,pre_market_selection,2026-01-05 09:00:00,20260105,91.08972234722401,,,20260106,20260108,17.0,17.36,0.021176470588235352,0.0175050081952286,0.04705882352941182,-0.045882352941176485,1,"{""rec_date"": ""20260105"", ""strategy_type"": ""secondary_launch_walkforward""}",,NEUTRAL
pre_market_recommendation,buy,4,603305.SH,旭升集团,pre_market_selection,2026-01-05 09:00:00,20260105,91.08972234722401,,,20260106,20260109,17.0,19.1,0.12352941176470589,0.11948995717332189,0.12352941176470589,-0.045882352941176485,1,"{""rec_date"": ""20260105"", ""strategy_type"": ""secondary_launch_walkforward""}",,NEUTRAL
pre_market_recommendation,buy,5,603305.SH,旭升集团,pre_market_selection,2026-01-05 09:00:00,20260105,91.08972234722401,,,20260106,20260112,17.0,21.01,0.23588235294117665,0.2314389528906542,0.23588235294117665,-0.045882352941176485,1,"{""rec_date"": ""20260105"", ""strategy_type"": ""secondary_launch_walkforward""}",,NEUTRAL
pre_market_recommendation,buy,2,001208.SZ,华菱线缆,pre_market_selection,2026-01-06 09:00:00,20260106,88.5103805756796,,,20260107,20260108,23.19,28.41,0.22509702457956005,0.2206924013013356,0.22509702457956005,-0.010349288486416697,1,"{""rec_date"": ""20260106"", ""strategy_type"": ""secondary_launch_walkforward""}",,NEUTRAL
pre_market_recommendation,buy,3,001208.SZ,华菱线缆,pre_market_selection,2026-01-06 09:00:00,20260106,88.5103805756796,,,20260107,20260109,23.19,29.0,0.2505390254420008,0.24604292987464738,0.347563605002156,-0.010349288486416697,1,"{""rec_date"": ""20260106"", ""strategy_type"": ""secondary_launch_walkforward""}",,NEUTRAL
pre_market_recommendation,buy,4,001208.SZ,华菱线缆,pre_market_selection,2026-01-06 09:00:00,20260106,88.5103805756796,,,20260107,20260112,23.19,31.05,0.33893919793014216,0.33412527491751054,0.3755929279862009,-0.010349288486416697,1,"{""rec_date"": ""20260106"", ""strategy_type"": ""secondary_launch_walkforward""}",,NEUTRAL
pre_market_recommendation,buy,5,001208.SZ,华菱线缆,pre_market_selection,2026-01-06 09:00:00,20260106,88.5103805756796,,,20260107,20260113,23.19,27.95,0.2052608883139284,0.2009275824136687,0.3755929279862009,-0.010349288486416697,1,"{""rec_date"": ""20260106"", ""strategy_type"": ""secondary_launch_walkforward""}",,NEUTRAL
pre_market_recommendation,buy,2,002342.SZ,巨力索具,pre_market_selection,2026-01-06 09:00:00,20260106,87.55083662600764,,,20260107,20260108,9.08,9.98,0.09911894273127753,0.09516725173573937,0.09911894273127753,-0.02422907488986792,1,"{""rec_date"": ""20260106"", ""strategy_type"": ""secondary_launch_walkforward""}",,NEUTRAL
pre_market_recommendation,buy,3,002342.SZ,巨力索具,pre_market_selection,2026-01-06 09:00:00,20260106,87.55083662600764,,,20260107,20260109,9.08,10.98,0.20925110132158586,0.2049034493044508,0.20925110132158586,-0.02422907488986792,1,"{""rec_date"": ""20260106"", ""strategy_type"": ""secondary_launch_walkforward""}",,NEUTRAL
pre_market_recommendation,buy,4,002342.SZ,巨力索具,pre_market_selection,2026-01-06 09:00:00,20260106,87.55083662600764,,,20260107,20260112,9.08,12.08,0.330396475770925,0.3256132666300331,0.330396475770925,-0.02422907488986792,1,"{""rec_date"": ""20260106"", ""strategy_type"": ""secondary_launch_walkforward""}",,NEUTRAL
pre_market_recommendation,buy,5,002342.SZ,巨力索具,pre_market_selection,2026-01-06 09:00:00,20260106,87.55083662600764,,,20260107,20260113,9.08,13.29,0.46365638766519823,0.458394065688174,0.46365638766519823,-0.02422907488986792,1,"{""rec_date"": ""20260106"", ""strategy_type"": ""secondary_launch_walkforward""}",,NEUTRAL
pre_market_recommendation,buy,2,603344.SH,星德胜,pre_market_selection,2026-01-07 09:00:00,20260107,78.76288611357671,,,20260108,20260109,37.26,38.2,0.025228126677402152,0.021542097259606763,0.056360708534621606,-0.008856682769726176,1,"{""rec_date"": ""20260107"", ""strategy_type"": ""secondary_launch_walkforward""}",,NEUTRAL
pre_market_recommendation,buy,3,603344.SH,星德胜,pre_market_selection,2026-01-07 09:00:00,20260107,78.76288611357671,,,20260108,20260112,37.26,36.87,-0.01046698872785834,-0.014024682566447733,0.056360708534621606,-0.026033279656468067,0,"{""rec_date"": ""20260107"", ""strategy_type"": ""secondary_launch_walkforward""}",,NEUTRAL
pre_market_recommendation,buy,4,603344.SH,星德胜,pre_market_selection,2026-01-07 09:00:00,20260107,78.76288611357671,,,20260108,20260113,37.26,34.83,-0.06521739130434778,-0.06857823959287701,0.056360708534621606,-0.07139023081052054,0,"{""rec_date"": ""20260107"", ""strategy_type"": ""secondary_launch_walkforward""}",,NEUTRAL
pre_market_recommendation,buy,5,603344.SH,星德胜,pre_market_selection,2026-01-07 09:00:00,20260107,78.76288611357671,,,20260108,20260114,37.26,34.46,-0.07514761137949533,-0.07847275728884684,0.056360708534621606,-0.08749329039184106,0,"{""rec_date"": ""20260107"", ""strategy_type"": ""secondary_launch_walkforward""}",,NEUTRAL
pre_market_recommendation,buy,2,603331.SH,百达精工,pre_market_selection,2026-01-07 09:00:00,20260107,77.68499466698009,,,20260108,20260109,13.37,14.01,0.04786836200448774,0.04410093355825184,0.05385190725504874,-0.008975317875841382,1,"{""rec_date"": ""20260107"", ""strategy_type"": ""secondary_launch_walkforward""}",,NEUTRAL
pre_market_recommendation,buy,3,603331.SH,百达精工,pre_market_selection,2026-01-07 09:00:00,20260107,77.68499466698009,,,20260108,20260112,13.37,13.9,0.039640987284966345,0.035903138933597534,0.05385190725504874,-0.008975317875841382,1,"{""rec_date"": ""20260107"", ""strategy_type"": ""secondary_launch_walkforward""}",,NEUTRAL
pre_market_recommendation,buy,4,603331.SH,百达精工,pre_market_selection,2026-01-07 09:00:00,20260107,77.68499466698009,,,20260108,20260113,13.37,13.9,0.039640987284966345,0.035903138933597534,0.05385190725504874,-0.008975317875841382,1,"{""rec_date"": ""20260107"", ""strategy_type"": ""secondary_launch_walkforward""}",,NEUTRAL
pre_market_recommendation,buy,5,603331.SH,百达精工,pre_market_selection,2026-01-07 09:00:00,20260107,77.68499466698009,,,20260108,20260114,13.37,13.63,0.01944652206432318,0.01578127940035512,0.05385190725504874,-0.008975317875841382,1,"{""rec_date"": ""20260107"", ""strategy_type"": ""secondary_launch_walkforward""}",,NEUTRAL
pre_market_recommendation,buy,2,002571.SZ,德力股份,pre_market_selection,2026-01-08 09:00:00,20260108,82.16390325699115,,,20260109,20260112,13.11,13.42,0.023646071700991644,0.019965730286706895,0.025934401220442327,-0.033562166285278416,1,"{""rec_date"": ""20260108"", ""strategy_type"": ""secondary_launch_walkforward""}",,NEUTRAL
pre_market_recommendation,buy,3,002571.SZ,德力股份,pre_market_selection,2026-01-08 09:00:00,20260108,82.16390325699115,,,20260109,20260113,13.11,12.53,-0.044241037376048786,-0.04767730249683788,0.025934401220442327,-0.05415713196033556,0,"{""rec_date"": ""20260108"", ""strategy_type"": ""secondary_launch_walkforward""}",,NEUTRAL
pre_market_recommendation,buy,4,002571.SZ,德力股份,pre_market_selection,2026-01-08 09:00:00,20260108,82.16390325699115,,,20260109,20260114,13.11,12.42,-0.05263157894736836,-0.056037677335253444,0.025934401220442327,-0.06941266209000763,0,"{""rec_date"": ""20260108"", ""strategy_type"": ""secondary_launch_walkforward""}",,NEUTRAL
pre_market_recommendation,buy,5,002571.SZ,德力股份,pre_market_selection,2026-01-08 09:00:00,20260108,82.16390325699115,,,20260109,20260115,13.11,12.32,-0.06025934401220434,-0.0636380180974494,0.025934401220442327,-0.09229595728451556,0,"{""rec_date"": ""20260108"", ""strategy_type"": ""secondary_launch_walkforward""}",,NEUTRAL
pre_market_recommendation,buy,2,600151.SH,航天机电,pre_market_selection,2026-01-08 09:00:00,20260108,81.06942424120683,,,20260109,20260112,21.5,22.79,0.06000000000000005,0.05618895435933302,0.06000000000000005,-0.05162790697674413,1,"{""rec_date"": ""20260108"", ""strategy_type"": ""secondary_launch_walkforward""}",,NEUTRAL
pre_market_recommendation,buy,3,600151.SH,航天机电,pre_market_selection,2026-01-08 09:00:00,20260108,81.06942424120683,,,20260109,20260113,21.5,20.51,-0.04604651162790685,-0.04947628548003857,0.0604651162790697,-0.05162790697674413,0,"{""rec_date"": ""20260108"", ""strategy_type"": ""secondary_launch_walkforward""}",,NEUTRAL
pre_market_recommendation,buy,4,600151.SH,航天机电,pre_market_selection,2026-01-08 09:00:00,20260108,81.06942424120683,,,20260109,20260114,21.5,18.83,-0.12418604651162801,-0.12733488325641784,0.0604651162790697,-0.14139534883720928,0,"{""rec_date"": ""20260108"", ""strategy_type"": ""secondary_launch_walkforward""}",,NEUTRAL
pre_market_recommendation,buy,5,600151.SH,航天机电,pre_market_selection,2026-01-08 09:00:00,20260108,81.06942424120683,,,20260109,20260115,21.5,19.91,-0.07395348837209303,-0.07728292754303112,0.0604651162790697,-0.14372093023255816,0,"{""rec_date"": ""20260108"", ""strategy_type"": ""secondary_launch_walkforward""}",,NEUTRAL
pre_market_recommendation,buy,2,002716.SZ,湖南白银,pre_market_selection,2026-01-09 09:00:00,20260109,92.49321706497602,,,20260112,20260113,8.3,9.02,0.08674698795180702,0.0828397781679,0.110843373493976,-0.024096385542168752,1,"{""rec_date"": ""20260109"", ""strategy_type"": ""secondary_launch_walkforward""}",,NEUTRAL
pre_market_recommendation,buy,3,002716.SZ,湖南白银,pre_market_selection,2026-01-09 09:00:00,20260109,92.49321706497602,,,20260112,20260114,8.3,9.92,0.19518072289156607,0.19088365847290123,0.19518072289156607,-0.024096385542168752,1,"{""rec_date"": ""20260109"", ""strategy_type"": ""secondary_launch_walkforward""}",,NEUTRAL
pre_market_recommendation,buy,4,002716.SZ,湖南白银,pre_market_selection,2026-01-09 09:00:00,20260109,92.49321706497602,,,20260112,20260115,8.3,10.54,0.26987951807228905,0.2653138871274574,0.31325301204819267,-0.024096385542168752,1,"{""rec_date"": ""20260109"", ""strategy_type"": ""secondary_launch_walkforward""}",,NEUTRAL
pre_market_recommendation,buy,5,002716.SZ,湖南白银,pre_market_selection,2026-01-09 09:00:00,20260109,92.49321706497602,,,20260112,20260116,8.3,11.15,0.34337349397590344,0.3385436282230694,0.3855421686746987,-0.024096385542168752,1,"{""rec_date"": ""20260109"", ""strategy_type"": ""secondary_launch_walkforward""}",,NEUTRAL
pre_market_recommendation,buy,2,002083.SZ,孚日股份,pre_market_selection,2026-01-09 09:00:00,20260109,91.69846687322689,,,20260112,20260113,13.51,12.74,-0.05699481865284972,-0.060385229771245275,0.03478904515173942,-0.06143597335307183,0,"{""rec_date"": ""20260109"", ""strategy_type"": ""secondary_launch_walkforward""}",,NEUTRAL
pre_market_recommendation,buy,3,002083.SZ,孚日股份,pre_market_selection,2026-01-09 09:00:00,20260109,91.69846687322689,,,20260112,20260114,13.51,12.66,-0.06291635825314579,-0.06628547950580588,0.03478904515173942,-0.07846039970392304,0,"{""rec_date"": ""20260109"", ""strategy_type"": ""secondary_launch_walkforward""}",,NEUTRAL
pre_market_recommendation,buy,4,002083.SZ,孚日股份,pre_market_selection,2026-01-09 09:00:00,20260109,91.69846687322689,,,20260112,20260115,13.51,12.69,-0.060695780903034846,-0.06407288585534576,0.03478904515173942,-0.07846039970392304,0,"{""rec_date"": ""20260109"", ""strategy_type"": ""secondary_launch_walkforward""}",,NEUTRAL
pre_market_recommendation,buy,5,002083.SZ,孚日股份,pre_market_selection,2026-01-09 09:00:00,20260109,91.69846687322689,,,20260112,20260116,13.51,12.82,-0.051073279052553655,-0.054484980036684894,0.03478904515173942,-0.07846039970392304,0,"{""rec_date"": ""20260109"", ""strategy_type"": ""secondary_launch_walkforward""}",,NEUTRAL
pre_market_recommendation,buy,2,000792.SZ,盐湖股份,pre_market_selection,2026-01-12 09:00:00,20260112,90.35302195299903,,,20260113,20260114,32.4,33.22,0.025308641975308577,0.021622323078763106,0.07438271604938285,0.0,1,"{""rec_date"": ""20260112"", ""strategy_type"": ""secondary_launch_walkforward""}",,NEUTRAL
pre_market_recommendation,buy,3,000792.SZ,盐湖股份,pre_market_selection,2026-01-12 09:00:00,20260112,90.35302195299903,,,20260113,20260115,32.4,33.62,0.03765432098765431,0.03392361534942845,0.07438271604938285,0.0,1,"{""rec_date"": ""20260112"", ""strategy_type"": ""secondary_launch_walkforward""}",,NEUTRAL
pre_market_recommendation,buy,4,000792.SZ,盐湖股份,pre_market_selection,2026-01-12 09:00:00,20260112,90.35302195299903,,,20260113,20260116,32.4,33.08,0.020987654320987703,0.017316870784030103,0.07438271604938285,0.0,1,"{""rec_date"": ""20260112"", ""strategy_type"": ""secondary_launch_walkforward""}",,NEUTRAL
pre_market_recommendation,buy,5,000792.SZ,盐湖股份,pre_market_selection,2026-01-12 09:00:00,20260112,90.35302195299903,,,20260113,20260119,32.4,33.42,0.031481481481481666,0.027772969214096,0.07438271604938285,0.0,1,"{""rec_date"": ""20260112"", ""strategy_type"": ""secondary_launch_walkforward""}",,NEUTRAL
pre_market_recommendation,buy,2,002920.SZ,德赛西威,pre_market_selection,2026-01-12 09:00:00,20260112,89.83042360222306,,,20260113,20260114,137.0,134.15,-0.020802919708029166,-0.024323452504444787,0.02343065693430657,-0.03153284671532841,0,"{""rec_date"": ""20260112"", ""strategy_type"": ""secondary_launch_walkforward""}",,NEUTRAL
pre_market_recommendation,buy,3,002920.SZ,德赛西威,pre_market_selection,2026-01-12 09:00:00,20260112,89.83042360222306,,,20260113,20260115,137.0,134.53,-0.018029197080291937,-0.02155970231399884,0.02343065693430657,-0.03153284671532841,0,"{""rec_date"": ""20260112"", ""strategy_type"": ""secondary_launch_walkforward""}",,NEUTRAL
pre_market_recommendation,buy,4,002920.SZ,德赛西威,pre_market_selection,2026-01-12 09:00:00,20260112,89.83042360222306,,,20260113,20260116,137.0,135.87,-0.008248175182481665,-0.011813846379268744,0.02343065693430657,-0.03153284671532841,0,"{""rec_date"": ""20260112"", ""strategy_type"": ""secondary_launch_walkforward""}",,NEUTRAL
pre_market_recommendation,buy,5,002920.SZ,德赛西威,pre_market_selection,2026-01-12 09:00:00,20260112,89.83042360222306,,,20260113,20260119,137.0,134.35,-0.019343065693430694,-0.022868847141052084,0.02343065693430657,-0.03649635036496346,0,"{""rec_date"": ""20260112"", ""strategy_type"": ""secondary_launch_walkforward""}",,NEUTRAL
pre_market_recommendation,buy,2,600295.SH,鄂尔多斯,pre_market_selection,2026-01-13 09:00:00,20260113,94.27004098449211,,,20260114,20260115,14.3,14.23,-0.004895104895104918,-0.008472831472931208,0.018181818181818077,-0.02237762237762242,0,"{""rec_date"": ""20260113"", ""strategy_type"": ""secondary_launch_walkforward""}",,NEUTRAL
pre_market_recommendation,buy,3,600295.SH,鄂尔多斯,pre_market_selection,2026-01-13 09:00:00,20260113,94.27004098449211,,,20260114,20260116,14.3,14.09,-0.014685314685314754,-0.0182278422665918,0.025874125874125742,-0.02237762237762242,0,"{""rec_date"": ""20260113"", ""strategy_type"": ""secondary_launch_walkforward""}",,NEUTRAL
pre_market_recommendation,buy,4,600295.SH,鄂尔多斯,pre_market_selection,2026-01-13 09:00:00,20260113,94.27004098449211,,,20260114,20260119,14.3,15.13,0.058041958041958,0.0542379522006009,0.07132867132867138,-0.025874125874125964,1,"{""rec_date"": ""20260113"", ""strategy_type"": ""secondary_launch_walkforward""}",,NEUTRAL
pre_market_recommendation,buy,5,600295.SH,鄂尔多斯,pre_market_selection,2026-01-13 09:00:00,20260113,94.27004098449211,,,20260114,20260120,14.3,14.95,0.045454545454545414,0.0416957954658943,0.07132867132867138,-0.025874125874125964,1,"{""rec_date"": ""20260113"", ""strategy_type"": ""secondary_launch_walkforward""}",,NEUTRAL
pre_market_recommendation,buy,2,000901.SZ,航天科技,pre_market_selection,2026-01-14 09:00:00,20260114,95.30680466603279,,,20260115,20260116,28.02,28.04,0.0007137758743753775,-0.0028841164587389834,0.03461812990720903,-0.02997858672376874,0,"{""rec_date"": ""20260114"", ""strategy_type"": ""secondary_launch_walkforward""}",,NEUTRAL
pre_market_recommendation,buy,3,000901.SZ,航天科技,pre_market_selection,2026-01-14 09:00:00,20260114,95.30680466603279,,,20260115,20260119,28.02,28.04,0.0007137758743753775,-0.0028841164587389834,0.03461812990720903,-0.02997858672376874,0,"{""rec_date"": ""20260114"", ""strategy_type"": ""secondary_launch_walkforward""}",,NEUTRAL
pre_market_recommendation,buy,4,000901.SZ,航天科技,pre_market_selection,2026-01-14 09:00:00,20260114,95.30680466603279,,,20260115,20260120,28.02,26.09,-0.06887937187723059,-0.07222705415151576,0.03461812990720903,-0.08458244111349045,0,"{""rec_date"": ""20260114"", ""strategy_type"": ""secondary_launch_walkforward""}",,NEUTRAL
pre_market_recommendation,buy,5,000901.SZ,航天科技,pre_market_selection,2026-01-14 09:00:00,20260114,95.30680466603279,,,20260115,20260121,28.02,25.75,-0.08101356174161312,-0.08431761764666645,0.03461812990720903,-0.08458244111349045,0,"{""rec_date"": ""20260114"", ""strategy_type"": ""secondary_launch_walkforward""}",,NEUTRAL
pre_market_recommendation,buy,2,002250.SZ,联化科技,pre_market_selection,2026-01-15 09:00:00,20260115,98.32643145934988,,,20260116,20260119,17.87,17.64,-0.012870733072188001,-0.016419784666056092,0.010632344711807296,-0.04812534974818128,0,"{""rec_date"": ""20260115"", ""strategy_type"": ""secondary_launch_walkforward""}",,NEUTRAL
pre_market_recommendation,buy,3,002250.SZ,联化科技,pre_market_selection,2026-01-15 09:00:00,20260115,98.32643145934988,,,20260116,20260120,17.87,17.58,-0.016228315612758948,-0.019765295602566346,0.010632344711807296,-0.04812534974818128,0,"{""rec_date"": ""20260115"", ""strategy_type"": ""secondary_launch_walkforward""}",,NEUTRAL
pre_market_recommendation,buy,4,002250.SZ,联化科技,pre_market_selection,2026-01-15 09:00:00,20260115,98.32643145934988,,,20260116,20260121,17.87,17.84,-0.0016787912702854735,-0.005268081544355985,0.010632344711807296,-0.04812534974818128,0,"{""rec_date"": ""20260115"", ""strategy_type"": ""secondary_launch_walkforward""}",,NEUTRAL
pre_market_recommendation,buy,5,002250.SZ,联化科技,pre_market_selection,2026-01-15 09:00:00,20260115,98.32643145934988,,,20260116,20260122,17.87,17.55,-0.0179071068830442,-0.021438051070820974,0.010632344711807296,-0.04812534974818128,0,"{""rec_date"": ""20260115"", ""strategy_type"": ""secondary_launch_walkforward""}",,NEUTRAL
pre_market_recommendation,buy,2,600552.SH,凯盛科技,pre_market_selection,2026-01-16 09:00:00,20260116,94.8856256153559,,,20260119,20260120,14.9,14.15,-0.05033557046979864,-0.05374992375683407,0.006711409395973034,-0.06510067114093965,0,"{""rec_date"": ""20260116"", ""strategy_type"": ""secondary_launch_walkforward""}",,NEUTRAL
pre_market_recommendation,buy,3,600552.SH,凯盛科技,pre_market_selection,2026-01-16 09:00:00,20260116,94.8856256153559,,,20260119,20260121,14.9,14.13,-0.05167785234899325,-0.055087379694987004,0.006711409395973034,-0.06510067114093965,0,"{""rec_date"": ""20260116"", ""strategy_type"": ""secondary_launch_walkforward""}",,NEUTRAL
pre_market_recommendation,buy,4,600552.SH,凯盛科技,pre_market_selection,2026-01-16 09:00:00,20260116,94.8856256153559,,,20260119,20260122,14.9,13.89,-0.06778523489932886,-0.07113685095282152,0.006711409395973034,-0.0724832214765101,0,"{""rec_date"": ""20260116"", ""strategy_type"": ""secondary_launch_walkforward""}",,NEUTRAL
pre_market_recommendation,buy,5,600552.SH,凯盛科技,pre_market_selection,2026-01-16 09:00:00,20260116,94.8856256153559,,,20260119,20260123,14.9,15.28,0.025503355704697972,0.02181633674880379,0.025503355704697972,-0.0724832214765101,1,"{""rec_date"": ""20260116"", ""strategy_type"": ""secondary_launch_walkforward""}",,NEUTRAL
pre_market_recommendation,buy,2,601929.SH,吉视传媒,pre_market_selection,2026-01-16 09:00:00,20260116,94.69861606998832,,,20260119,20260120,3.81,3.9,0.023622047244094446,0.019941792205566022,0.04199475065616798,-0.01837270341207342,1,"{""rec_date"": ""20260116"", ""strategy_type"": ""secondary_launch_walkforward""}",,NEUTRAL
pre_market_recommendation,buy,3,601929.SH,吉视传媒,pre_market_selection,2026-01-16 09:00:00,20260116,94.69861606998832,,,20260119,20260121,3.81,4.07,0.06824146981627299,0.06440079340427007,0.09448818897637801,-0.01837270341207342,1,"{""rec_date"": ""20260116"", ""strategy_type"": ""secondary_launch_walkforward""}",,NEUTRAL
pre_market_recommendation,buy,4,601929.SH,吉视传媒,pre_market_selection,2026-01-16 09:00:00,20260116,94.69861606998832,,,20260119,20260122,3.81,3.98,0.044619422572178546,0.04086367512260325,0.09448818897637801,-0.01837270341207342,1,"{""rec_date"": ""20260116"", ""strategy_type"": ""secondary_launch_walkforward""}",,NEUTRAL
pre_market_recommendation,buy,5,601929.SH,吉视传媒,pre_market_selection,2026-01-16 09:00:00,20260116,94.69861606998832,,,20260119,20260123,3.81,3.97,0.04199475065616798,0.03824843975797365,0.09448818897637801,-0.01837270341207342,1,"{""rec_date"": ""20260116"", ""strategy_type"": ""secondary_launch_walkforward""}",,NEUTRAL
pre_market_recommendation,buy,2,600552.SH,凯盛科技,pre_market_selection,2026-01-19 09:00:00,20260119,93.4567869454825,,,20260120,20260121,14.48,14.13,-0.024171270718231996,-0.027679693194427202,0.02140883977900554,-0.037983425414364724,0,"{""rec_date"": ""20260119"", ""strategy_type"": ""secondary_launch_walkforward""}",,NEUTRAL
pre_market_recommendation,buy,3,600552.SH,凯盛科技,pre_market_selection,2026-01-19 09:00:00,20260119,93.4567869454825,,,20260120,20260122,14.48,13.89,-0.04074585635359118,-0.04419468778985092,0.02140883977900554,-0.045580110497237536,0,"{""rec_date"": ""20260119"", ""strategy_type"": ""secondary_launch_walkforward""}",,NEUTRAL
pre_market_recommendation,buy,4,600552.SH,凯盛科技,pre_market_selection,2026-01-19 09:00:00,20260119,93.4567869454825,,,20260120,20260123,14.48,15.28,0.055248618784530246,0.05145465590864484,0.055248618784530246,-0.045580110497237536,1,"{""rec_date"": ""20260119"", ""strategy_type"": ""secondary_launch_walkforward""}",,NEUTRAL
pre_market_recommendation,buy,5,600552.SH,凯盛科技,pre_market_selection,2026-01-19 09:00:00,20260119,93.4567869454825,,,20260120,20260126,14.48,15.5,0.07044198895027631,0.06659340095444977,0.15814917127071815,-0.045580110497237536,1,"{""rec_date"": ""20260119"", ""strategy_type"": ""secondary_launch_walkforward""}",,NEUTRAL
pre_market_recommendation,buy,2,600651.SH,飞乐音响,pre_market_selection,2026-01-19 09:00:00,20260119,90.4529928544114,,,20260120,20260121,8.43,8.29,-0.016607354685646558,-0.020142971906391027,0.003558718861210064,-0.028469750889679735,0,"{""rec_date"": ""20260119"", ""strategy_type"": ""secondary_launch_walkforward""}",,NEUTRAL
pre_market_recommendation,buy,3,600651.SH,飞乐音响,pre_market_selection,2026-01-19 09:00:00,20260119,90.4529928544114,,,20260120,20260122,8.43,8.3,-0.015421115065243018,-0.01896099720422728,0.003558718861210064,-0.028469750889679735,0,"{""rec_date"": ""20260119"", ""strategy_type"": ""secondary_launch_walkforward""}",,NEUTRAL
pre_market_recommendation,buy,4,600651.SH,飞乐音响,pre_market_selection,2026-01-19 09:00:00,20260119,90.4529928544114,,,20260120,20260123,8.43,8.89,0.054567022538552834,0.05077551022342419,0.06880189798339265,-0.028469750889679735,1,"{""rec_date"": ""20260119"", ""strategy_type"": ""secondary_launch_walkforward""}",,NEUTRAL
pre_market_recommendation,buy,5,600651.SH,飞乐音响,pre_market_selection,2026-01-19 09:00:00,20260119,90.4529928544114,,,20260120,20260126,8.43,8.4,-0.003558718861209842,-0.007141250182591596,0.06880189798339265,-0.028469750889679735,0,"{""rec_date"": ""20260119"", ""strategy_type"": ""secondary_launch_walkforward""}",,NEUTRAL
pre_market_recommendation,buy,2,002290.SZ,禾盛新材,pre_market_selection,2026-01-20 09:00:00,20260120,93.26943926627851,,,20260121,20260122,58.2,64.13,0.10189003436426103,0.09792838039071561,0.17903780068728525,0.0,1,"{""rec_date"": ""20260120"", ""strategy_type"": ""secondary_launch_walkforward""}",,NEUTRAL
pre_market_recommendation,buy,3,002290.SZ,禾盛新材,pre_market_selection,2026-01-20 09:00:00,20260120,93.26943926627851,,,20260121,20260123,58.2,59.6,0.02405498281786933,0.020373171234783216,0.17903780068728525,0.0,1,"{""rec_date"": ""20260120"", ""strategy_type"": ""secondary_launch_walkforward""}",,NEUTRAL
pre_market_recommendation,buy,4,002290.SZ,禾盛新材,pre_market_selection,2026-01-20 09:00:00,20260120,93.26943926627851,,,20260121,20260126,58.2,58.41,0.0036082474226803996,-5.1479468465842615e-08,0.17903780068728525,-0.0053264604810997485,0,"{""rec_date"": ""20260120"", ""strategy_type"": ""secondary_launch_walkforward""}",,NEUTRAL
pre_market_recommendation,buy,5,002290.SZ,禾盛新材,pre_market_selection,2026-01-20 09:00:00,20260120,93.26943926627851,,,20260121,20260127,58.2,59.48,0.021993127147766245,0.01831872860813588,0.17903780068728525,-0.015463917525773252,1,"{""rec_date"": ""20260120"", ""strategy_type"": ""secondary_launch_walkforward""}",,NEUTRAL
pre_market_recommendation,buy,2,002879.SZ,长缆科技,pre_market_selection,2026-01-21 09:00:00,20260121,93.06707649348968,,,20260122,20260123,21.99,23.08,0.04956798544793095,0.04579444630120921,0.057753524329240635,-0.031832651205093154,1,"{""rec_date"": ""20260121"", ""strategy_type"": ""secondary_launch_walkforward""}",,NEUTRAL
pre_market_recommendation,buy,3,002879.SZ,长缆科技,pre_market_selection,2026-01-21 09:00:00,20260121,93.06707649348968,,,20260122,20260126,21.99,22.05,0.0027285129604366354,-0.0008766230094600092,0.057753524329240635,-0.031832651205093154,0,"{""rec_date"": ""20260121"", ""strategy_type"": ""secondary_launch_walkforward""}",,NEUTRAL
pre_market_recommendation,buy,4,002879.SZ,长缆科技,pre_market_selection,2026-01-21 09:00:00,20260121,93.06707649348968,,,20260122,20260127,21.99,21.46,-0.024101864483856206,-0.02761053649809564,0.057753524329240635,-0.05729877216916768,0,"{""rec_date"": ""20260121"", ""strategy_type"": ""secondary_launch_walkforward""}",,NEUTRAL
pre_market_recommendation,buy,5,002879.SZ,长缆科技,pre_market_selection,2026-01-21 09:00:00,20260121,93.06707649348968,,,20260122,20260128,21.99,21.7,-0.013187812642109997,-0.016735724231532134,0.057753524329240635,-0.05729877216916768,0,"{""rec_date"": ""20260121"", ""strategy_type"": ""secondary_launch_walkforward""}",,NEUTRAL
pre_market_recommendation,buy,2,002943.SZ,宇晶股份,pre_market_selection,2026-01-21 09:00:00,20260121,89.95724668275231,,,20260122,20260123,55.41,66.31,0.196715394333153,0.19241281227023554,0.196715394333153,-0.009565060458400887,1,"{""rec_date"": ""20260121"", ""strategy_type"": ""secondary_launch_walkforward""}",,NEUTRAL
pre_market_recommendation,buy,3,002943.SZ,宇晶股份,pre_market_selection,2026-01-21 09:00:00,20260121,89.95724668275231,,,20260122,20260126,55.41,70.0,0.26330987186428456,0.2587678609397752,0.31636888648258443,-0.009565060458400887,1,"{""rec_date"": ""20260121"", ""strategy_type"": ""secondary_launch_walkforward""}",,NEUTRAL
pre_market_recommendation,buy,4,002943.SZ,宇晶股份,pre_market_selection,2026-01-21 09:00:00,20260121,89.95724668275231,,,20260122,20260127,55.41,77.0,0.389640859050713,0.3846446470337528,0.389640859050713,-0.009565060458400887,1,"{""rec_date"": ""20260121"", ""strategy_type"": ""secondary_launch_walkforward""}",,NEUTRAL
pre_market_recommendation,buy,5,002943.SZ,宇晶股份,pre_market_selection,2026-01-21 09:00:00,20260121,89.95724668275231,,,20260122,20260128,55.41,77.35,0.39595740841003435,0.3909384863384515,0.4905251759610181,-0.009565060458400887,1,"{""rec_date"": ""20260121"", ""strategy_type"": ""secondary_launch_walkforward""}",,NEUTRAL
pre_market_recommendation,buy,2,605488.SH,福莱新材,pre_market_selection,2026-01-22 09:00:00,20260122,91.94578587387618,,,20260123,20260126,46.01,42.66,-0.07281025863942625,-0.0761438080940331,0.05803086285590098,-0.07281025863942625,0,"{""rec_date"": ""20260122"", ""strategy_type"": ""secondary_launch_walkforward""}",,NEUTRAL
pre_market_recommendation,buy,3,605488.SH,福莱新材,pre_market_selection,2026-01-22 09:00:00,20260122,91.94578587387618,,,20260123,20260127,46.01,44.66,-0.029341447511410546,-0.0328312815161631,0.05803086285590098,-0.10888937187567915,0,"{""rec_date"": ""20260122"", ""strategy_type"": ""secondary_launch_walkforward""}",,NEUTRAL
pre_market_recommendation,buy,4,605488.SH,福莱新材,pre_market_selection,2026-01-22 09:00:00,20260122,91.94578587387618,,,20260123,20260128,46.01,41.55,-0.09693544881547489,-0.10018226034475097,0.05803086285590098,-0.10888937187567915,0,"{""rec_date"": ""20260122"", ""strategy_type"": ""secondary_launch_walkforward""}",,NEUTRAL
pre_market_recommendation,buy,5,605488.SH,福莱新材,pre_market_selection,2026-01-22 09:00:00,20260122,91.94578587387618,,,20260123,20260129,46.01,39.73,-0.13649206694196914,-0.13959665953061262,0.05803086285590098,-0.13996957183221037,0,"{""rec_date"": ""20260122"", ""strategy_type"": ""secondary_launch_walkforward""}",,NEUTRAL
pre_market_recommendation,buy,2,605167.SH,利柏特,pre_market_selection,2026-01-22 09:00:00,20260122,88.97519798467948,,,20260123,20260126,18.0,17.42,-0.03222222222222215,-0.035701698902537604,0.002777777777777768,-0.04555555555555557,0,"{""rec_date"": ""20260122"", ""strategy_type"": ""secondary_launch_walkforward""}",,NEUTRAL
pre_market_recommendation,buy,3,605167.SH,利柏特,pre_market_selection,2026-01-22 09:00:00,20260122,88.97519798467948,,,20260123,20260127,18.0,17.95,-0.002777777777777768,-0.0063631168370006375,0.02833333333333332,-0.04555555555555557,0,"{""rec_date"": ""20260122"", ""strategy_type"": ""secondary_launch_walkforward""}",,NEUTRAL
pre_market_recommendation,buy,4,605167.SH,利柏特,pre_market_selection,2026-01-22 09:00:00,20260122,88.97519798467948,,,20260123,20260128,18.0,18.39,0.021666666666666723,0.017993441858916936,0.061111111111111116,-0.04555555555555557,1,"{""rec_date"": ""20260122"", ""strategy_type"": ""secondary_launch_walkforward""}",,NEUTRAL
pre_market_recommendation,buy,5,605167.SH,利柏特,pre_market_selection,2026-01-22 09:00:00,20260122,88.97519798467948,,,20260123,20260129,18.0,17.67,-0.0183333333333332,-0.021862745098039094,0.061111111111111116,-0.04555555555555557,0,"{""rec_date"": ""20260122"", ""strategy_type"": ""secondary_launch_walkforward""}",,NEUTRAL
pre_market_recommendation,buy,2,603216.SH,梦天家居,pre_market_selection,2026-01-23 09:00:00,20260123,95.37005993110853,,,20260126,20260127,50.84,49.16,-0.03304484657749818,-0.03652136565501818,0.06766325727773403,-0.05920535011801742,0,"{""rec_date"": ""20260123"", ""strategy_type"": ""secondary_launch_walkforward""}",,NEUTRAL
pre_market_recommendation,buy,3,603216.SH,梦天家居,pre_market_selection,2026-01-23 09:00:00,20260123,95.37005993110853,,,20260126,20260128,50.84,45.3,-0.10896931549960676,-0.1121728613541969,0.06766325727773403,-0.12470495672698667,0,"{""rec_date"": ""20260123"", ""strategy_type"": ""secondary_launch_walkforward""}",,NEUTRAL
pre_market_recommendation,buy,4,603216.SH,梦天家居,pre_market_selection,2026-01-23 09:00:00,20260123,95.37005993110853,,,20260126,20260129,50.84,45.46,-0.10582218725413062,-0.1090370480609667,0.06766325727773403,-0.13434303697875694,0,"{""rec_date"": ""20260123"", ""strategy_type"": ""secondary_launch_walkforward""}",,NEUTRAL
pre_market_recommendation,buy,5,603216.SH,梦天家居,pre_market_selection,2026-01-23 09:00:00,20260123,95.37005993110853,,,20260126,20260130,50.84,47.17,-0.0721872541306059,-0.07552304348956884,0.06766325727773403,-0.13434303697875694,0,"{""rec_date"": ""20260123"", ""strategy_type"": ""secondary_launch_walkforward""}",,NEUTRAL
pre_market_recommendation,buy,2,600312.SH,平高电气,pre_market_selection,2026-01-23 09:00:00,20260123,93.69143275224701,,,20260126,20260127,22.34,22.12,-0.009847806624888045,-0.013407726625038086,0.03178155774395708,-0.034914950760966956,0,"{""rec_date"": ""20260123"", ""strategy_type"": ""secondary_launch_walkforward""}",,NEUTRAL
pre_market_recommendation,buy,3,600312.SH,平高电气,pre_market_selection,2026-01-23 09:00:00,20260123,93.69143275224701,,,20260126,20260128,22.34,22.2,-0.006266786034019756,-0.009839580970879225,0.03178155774395708,-0.034914950760966956,0,"{""rec_date"": ""20260123"", ""strategy_type"": ""secondary_launch_walkforward""}",,NEUTRAL
pre_market_recommendation,buy,4,600312.SH,平高电气,pre_market_selection,2026-01-23 09:00:00,20260123,93.69143275224701,,,20260126,20260129,22.34,21.47,-0.03894359892569388,-0.04239891006508001,0.03178155774395708,-0.0429722470904208,0,"{""rec_date"": ""20260123"", ""strategy_type"": ""secondary_launch_walkforward""}",,NEUTRAL
pre_market_recommendation,buy,5,600312.SH,平高电气,pre_market_selection,2026-01-23 09:00:00,20260123,93.69143275224701,,,20260126,20260130,22.34,21.18,-0.0519247985675918,-0.05533343806140634,0.03178155774395708,-0.08102059086839741,0,"{""rec_date"": ""20260123"", ""strategy_type"": ""secondary_launch_walkforward""}",,NEUTRAL
pre_market_recommendation,buy,2,603186.SH,华正新材,pre_market_selection,2026-01-26 09:00:00,20260126,93.87518316246262,,,20260127,20260128,65.35,70.28,0.07543993879112487,0.07157338153590875,0.10833970925784264,-0.020964039785768884,1,"{""rec_date"": ""20260126"", ""strategy_type"": ""secondary_launch_walkforward""}",,NEUTRAL
pre_market_recommendation,buy,3,603186.SH,华正新材,pre_market_selection,2026-01-26 09:00:00,20260126,93.87518316246262,,,20260127,20260129,65.35,66.1,0.011476664116296886,0.007840075690431991,0.10833970925784264,-0.020964039785768884,1,"{""rec_date"": ""20260126"", ""strategy_type"": ""secondary_launch_walkforward""}",,NEUTRAL
pre_market_recommendation,buy,4,603186.SH,华正新材,pre_market_selection,2026-01-26 09:00:00,20260126,93.87518316246262,,,20260127,20260130,65.35,67.03,0.025707727620505105,0.022019973880932797,0.10833970925784264,-0.020964039785768884,1,"{""rec_date"": ""20260126"", ""strategy_type"": ""secondary_launch_walkforward""}",,NEUTRAL
pre_market_recommendation,buy,5,603186.SH,华正新材,pre_market_selection,2026-01-26 09:00:00,20260126,93.87518316246262,,,20260127,20260202,65.35,64.36,-0.015149196633511774,-0.018690056407924205,0.10833970925784264,-0.020964039785768884,0,"{""rec_date"": ""20260126"", ""strategy_type"": ""secondary_launch_walkforward""}",,NEUTRAL
pre_market_recommendation,buy,2,600955.SH,维远股份,pre_market_selection,2026-01-26 09:00:00,20260126,93.30541394061306,,,20260127,20260128,20.46,20.99,0.02590420332355814,0.02221574318976738,0.05718475073313778,-0.04643206256109478,1,"{""rec_date"": ""20260126"", ""strategy_type"": ""secondary_launch_walkforward""}",,NEUTRAL
pre_market_recommendation,buy,3,600955.SH,维远股份,pre_market_selection,2026-01-26 09:00:00,20260126,93.30541394061306,,,20260127,20260129,20.46,20.67,0.01026392961876832,0.006631701368865928,0.05718475073313778,-0.04643206256109478,1,"{""rec_date"": ""20260126"", ""strategy_type"": ""secondary_launch_walkforward""}",,NEUTRAL
pre_market_recommendation,buy,4,600955.SH,维远股份,pre_market_selection,2026-01-26 09:00:00,20260126,93.30541394061306,,,20260127,20260130,20.46,20.47,0.0004887585532746819,-0.0031083247691977567,0.05718475073313778,-0.05474095796676448,0,"{""rec_date"": ""20260126"", ""strategy_type"": ""secondary_launch_walkforward""}",,NEUTRAL
pre_market_recommendation,buy,5,600955.SH,维远股份,pre_market_selection,2026-01-26 09:00:00,20260126,93.30541394061306,,,20260127,20260202,20.46,18.98,-0.07233626588465303,-0.07567151949777107,0.05718475073313778,-0.07673509286412517,0,"{""rec_date"": ""20260126"", ""strategy_type"": ""secondary_launch_walkforward""}",,NEUTRAL
pre_market_recommendation,buy,2,002838.SZ,道恩股份,pre_market_selection,2026-01-27 09:00:00,20260127,90.5499453879615,,,20260128,20260129,29.61,30.4,0.026680175616345725,0.022988925609136457,0.027017899358324993,-0.016548463356973908,1,"{""rec_date"": ""20260127"", ""strategy_type"": ""secondary_launch_walkforward""}",,NEUTRAL
pre_market_recommendation,buy,3,002838.SZ,道恩股份,pre_market_selection,2026-01-27 09:00:00,20260127,90.5499453879615,,,20260128,20260130,29.61,29.21,-0.013508949679162385,-0.01705570667622114,0.027017899358324993,-0.06585612968591692,0,"{""rec_date"": ""20260127"", ""strategy_type"": ""secondary_launch_walkforward""}",,NEUTRAL
pre_market_recommendation,buy,4,002838.SZ,道恩股份,pre_market_selection,2026-01-27 09:00:00,20260127,90.5499453879615,,,20260128,20260202,29.61,28.05,-0.05268490374873347,-0.056090810416569714,0.027017899358324993,-0.06585612968591692,0,"{""rec_date"": ""20260127"", ""strategy_type"": ""secondary_launch_walkforward""}",,NEUTRAL
pre_market_recommendation,buy,5,002838.SZ,道恩股份,pre_market_selection,2026-01-27 09:00:00,20260127,90.5499453879615,,,20260128,20260203,29.61,28.5,-0.037487335359675744,-0.04094788224143442,0.027017899358324993,-0.06585612968591692,0,"{""rec_date"": ""20260127"", ""strategy_type"": ""secondary_launch_walkforward""}",,NEUTRAL
pre_market_recommendation,buy,2,603090.SH,宏盛股份,pre_market_selection,2026-01-27 09:00:00,20260127,89.95536218839585,,,20260128,20260129,89.0,79.88,-0.10247191011235957,-0.10569881625796573,0.014494382022471886,-0.10247191011235957,0,"{""rec_date"": ""20260127"", ""strategy_type"": ""secondary_launch_walkforward""}",,NEUTRAL
pre_market_recommendation,buy,3,603090.SH,宏盛股份,pre_market_selection,2026-01-27 09:00:00,20260127,89.95536218839585,,,20260128,20260130,89.0,76.07,-0.1452808988764046,-0.1483538927484157,0.014494382022471886,-0.19213483146067412,0,"{""rec_date"": ""20260127"", ""strategy_type"": ""secondary_launch_walkforward""}",,NEUTRAL
pre_market_recommendation,buy,4,603090.SH,宏盛股份,pre_market_selection,2026-01-27 09:00:00,20260127,89.95536218839585,,,20260128,20260202,89.0,73.28,-0.17662921348314609,-0.17958949994220985,0.014494382022471886,-0.19213483146067412,0,"{""rec_date"": ""20260127"", ""strategy_type"": ""secondary_launch_walkforward""}",,NEUTRAL
pre_market_recommendation,buy,5,603090.SH,宏盛股份,pre_market_selection,2026-01-27 09:00:00,20260127,89.95536218839585,,,20260128,20260203,89.0,73.28,-0.17662921348314609,-0.17958949994220985,0.014494382022471886,-0.202247191011236,0,"{""rec_date"": ""20260127"", ""strategy_type"": ""secondary_launch_walkforward""}",,NEUTRAL
pre_market_recommendation,buy,2,601608.SH,中信重工,pre_market_selection,2026-01-28 09:00:00,20260128,90.89238880309944,,,20260129,20260130,7.96,7.6,-0.045226130653266416,-0.04865885404250847,0.03391959798994981,-0.06783919597989951,0,"{""rec_date"": ""20260128"", ""strategy_type"": ""secondary_launch_walkforward""}",,NEUTRAL
pre_market_recommendation,buy,3,601608.SH,中信重工,pre_market_selection,2026-01-28 09:00:00,20260128,90.89238880309944,,,20260129,20260202,7.96,7.3,-0.08291457286432158,-0.08621179401451462,0.03391959798994981,-0.08291457286432158,0,"{""rec_date"": ""20260128"", ""strategy_type"": ""secondary_launch_walkforward""}",,NEUTRAL
pre_market_recommendation,buy,4,601608.SH,中信重工,pre_market_selection,2026-01-28 09:00:00,20260128,90.89238880309944,,,20260129,20260203,7.96,7.67,-0.03643216080402012,-0.03989650138237355,0.03391959798994981,-0.08291457286432158,0,"{""rec_date"": ""20260128"", ""strategy_type"": ""secondary_launch_walkforward""}",,NEUTRAL
pre_market_recommendation,buy,5,601608.SH,中信重工,pre_market_selection,2026-01-28 09:00:00,20260128,90.89238880309944,,,20260129,20260204,7.96,7.79,-0.021356783919597944,-0.02487532539357107,0.03391959798994981,-0.08291457286432158,0,"{""rec_date"": ""20260128"", ""strategy_type"": ""secondary_launch_walkforward""}",,NEUTRAL
pre_market_recommendation,buy,2,600714.SH,金瑞矿业,pre_market_selection,2026-01-28 09:00:00,20260128,90.54956354278448,,,20260129,20260130,16.54,15.52,-0.061668681983071294,-0.06504228903875975,0.061668681983071405,-0.061668681983071294,0,"{""rec_date"": ""20260128"", ""strategy_type"": ""secondary_launch_walkforward""}",,NEUTRAL
pre_market_recommendation,buy,3,600714.SH,金瑞矿业,pre_market_selection,2026-01-28 09:00:00,20260128,90.54956354278448,,,20260129,20260202,16.54,14.92,-0.09794437726723093,-0.10118756136973539,0.061668681983071405,-0.1281741233373639,0,"{""rec_date"": ""20260128"", ""strategy_type"": ""secondary_launch_walkforward""}",,NEUTRAL
pre_market_recommendation,buy,4,600714.SH,金瑞矿业,pre_market_selection,2026-01-28 09:00:00,20260128,90.54956354278448,,,20260129,20260203,16.54,15.27,-0.07678355501813783,-0.0801028191766664,0.061668681983071405,-0.1281741233373639,0,"{""rec_date"": ""20260128"", ""strategy_type"": ""secondary_launch_walkforward""}",,NEUTRAL
pre_market_recommendation,buy,5,600714.SH,金瑞矿业,pre_market_selection,2026-01-28 09:00:00,20260128,90.54956354278448,,,20260129,20260204,16.54,15.15,-0.08403869407496967,-0.08733187364286144,0.061668681983071405,-0.1281741233373639,0,"{""rec_date"": ""20260128"", ""strategy_type"": ""secondary_launch_walkforward""}",,NEUTRAL
pre_market_recommendation,buy,2,600552.SH,凯盛科技,pre_market_selection,2026-01-29 09:00:00,20260129,93.98255418876967,,,20260130,20260202,14.78,14.24,-0.03653585926928271,-0.039999827017840106,0.016238159675236785,-0.05209742895805136,0,"{""rec_date"": ""20260129"", ""strategy_type"": ""secondary_launch_walkforward""}",,NEUTRAL
pre_market_recommendation,buy,3,600552.SH,凯盛科技,pre_market_selection,2026-01-29 09:00:00,20260129,93.98255418876967,,,20260130,20260203,14.78,15.15,0.025033829499323534,0.021348498643239067,0.044654939106901326,-0.05209742895805136,1,"{""rec_date"": ""20260129"", ""strategy_type"": ""secondary_launch_walkforward""}",,NEUTRAL
pre_market_recommendation,buy,4,600552.SH,凯盛科技,pre_market_selection,2026-01-29 09:00:00,20260129,93.98255418876967,,,20260130,20260204,14.78,15.32,0.03653585926928282,0.03280917486563828,0.0493910690121786,-0.05209742895805136,1,"{""rec_date"": ""20260129"", ""strategy_type"": ""secondary_launch_walkforward""}",,NEUTRAL
pre_market_recommendation,buy,5,600552.SH,凯盛科技,pre_market_selection,2026-01-29 09:00:00,20260129,93.98255418876967,,,20260130,20260205,14.78,14.74,-0.0027063599458727605,-0.006291955775488911,0.0493910690121786,-0.05209742895805136,0,"{""rec_date"": ""20260129"", ""strategy_type"": ""secondary_launch_walkforward""}",,NEUTRAL
pre_market_recommendation,buy,2,002785.SZ,万里石,pre_market_selection,2026-01-29 09:00:00,20260129,90.2901408046534,,,20260130,20260202,43.85,41.47,-0.05427594070695563,-0.05767612707812786,0.025997719498289662,-0.06043329532497144,0,"{""rec_date"": ""20260129"", ""strategy_type"": ""secondary_launch_walkforward""}",,NEUTRAL
pre_market_recommendation,buy,3,002785.SZ,万里石,pre_market_selection,2026-01-29 09:00:00,20260129,90.2901408046534,,,20260130,20260203,43.85,45.62,0.04036488027366003,0.036624429290952554,0.04036488027366003,-0.06043329532497144,1,"{""rec_date"": ""20260129"", ""strategy_type"": ""secondary_launch_walkforward""}",,NEUTRAL
pre_market_recommendation,buy,4,002785.SZ,万里石,pre_market_selection,2026-01-29 09:00:00,20260129,90.2901408046534,,,20260130,20260204,43.85,46.97,0.07115165336373996,0.06730051389294278,0.09144811858608892,-0.06043329532497144,1,"{""rec_date"": ""20260129"", ""strategy_type"": ""secondary_launch_walkforward""}",,NEUTRAL
pre_market_recommendation,buy,5,002785.SZ,万里石,pre_market_selection,2026-01-29 09:00:00,20260129,90.2901408046534,,,20260130,20260205,43.85,46.15,0.05245153933865443,0.04866763287543763,0.09144811858608892,-0.06043329532497144,1,"{""rec_date"": ""20260129"", ""strategy_type"": ""secondary_launch_walkforward""}",,NEUTRAL
pre_market_recommendation,buy,2,601226.SH,华电科工,pre_market_selection,2026-01-30 09:00:00,20260130,94.69504942435657,,,20260202,20260203,10.97,11.57,0.054694621695533296,0.050902650619828016,0.07292616226071091,-0.031905195989061164,1,"{""rec_date"": ""20260130"", ""strategy_type"": ""secondary_launch_walkforward""}",,NEUTRAL
pre_market_recommendation,buy,3,601226.SH,华电科工,pre_market_selection,2026-01-30 09:00:00,20260130,94.69504942435657,,,20260202,20260204,10.97,12.73,0.16043755697356432,0.15626540556529056,0.16043755697356432,-0.031905195989061164,1,"{""rec_date"": ""20260130"", ""strategy_type"": ""secondary_launch_walkforward""}",,NEUTRAL
pre_market_recommendation,buy,4,601226.SH,华电科工,pre_market_selection,2026-01-30 09:00:00,20260130,94.69504942435657,,,20260202,20260205,10.97,11.46,0.04466727438468543,0.04091135489224107,0.16043755697356432,-0.031905195989061164,1,"{""rec_date"": ""20260130"", ""strategy_type"": ""secondary_launch_walkforward""}",,NEUTRAL
pre_market_recommendation,buy,5,601226.SH,华电科工,pre_market_selection,2026-01-30 09:00:00,20260130,94.69504942435657,,,20260202,20260206,10.97,10.98,0.0009115770282588365,-0.0026870264645021402,0.16043755697356432,-0.031905195989061164,0,"{""rec_date"": ""20260130"", ""strategy_type"": ""secondary_launch_walkforward""}",,NEUTRAL
pre_market_recommendation,buy,2,603806.SH,福斯特,pre_market_selection,2026-01-30 09:00:00,20260130,94.35393565723184,,,20260202,20260203,17.2,18.7,0.08720930232558133,0.08330043037075074,0.08720930232558133,-0.018604651162790753,1,"{""rec_date"": ""20260130"", ""strategy_type"": ""secondary_launch_walkforward""}",,NEUTRAL
pre_market_recommendation,buy,3,603806.SH,福斯特,pre_market_selection,2026-01-30 09:00:00,20260130,94.35393565723184,,,20260202,20260204,17.2,20.0,0.16279069767441867,0.15861008595802217,0.1645348837209304,-0.018604651162790753,1,"{""rec_date"": ""20260130"", ""strategy_type"": ""secondary_launch_walkforward""}",,NEUTRAL
pre_market_recommendation,buy,4,603806.SH,福斯特,pre_market_selection,2026-01-30 09:00:00,20260130,94.35393565723184,,,20260202,20260205,17.2,18.6,0.08139534883720945,0.07750737994096069,0.1645348837209304,-0.018604651162790753,1,"{""rec_date"": ""20260130"", ""strategy_type"": ""secondary_launch_walkforward""}",,NEUTRAL
pre_market_recommendation,buy,5,603806.SH,福斯特,pre_market_selection,2026-01-30 09:00:00,20260130,94.35393565723184,,,20260202,20260206,17.2,18.48,0.07441860465116279,0.07055571942521244,0.1645348837209304,-0.018604651162790753,1,"{""rec_date"": ""20260130"", ""strategy_type"": ""secondary_launch_walkforward""}",,NEUTRAL
pre_market_recommendation,buy,2,603988.SH,中电电机,pre_market_selection,2026-02-02 09:00:00,20260202,97.59793546076467,,,20260203,20260204,29.27,30.54,0.043389135633754794,0.03963781146689027,0.13768363512128445,0.0,1,"{""rec_date"": ""20260202"", ""strategy_type"": ""secondary_launch_walkforward""}",,WEAK_BULL
pre_market_recommendation,buy,3,603988.SH,中电电机,pre_market_selection,2026-02-02 09:00:00,20260202,97.59793546076467,,,20260203,20260205,29.27,29.25,-0.0006832934745473196,-0.004276162887801527,0.13768363512128445,-0.0023915271609156186,0,"{""rec_date"": ""20260202"", ""strategy_type"": ""secondary_launch_walkforward""}",,WEAK_BULL
pre_market_recommendation,buy,4,603988.SH,中电电机,pre_market_selection,2026-02-02 09:00:00,20260202,97.59793546076467,,,20260203,20260206,29.27,29.17,-0.003416467372736487,-0.006999510134603981,0.13768363512128445,-0.022890331397335095,0,"{""rec_date"": ""20260202"", ""strategy_type"": ""secondary_launch_walkforward""}",,WEAK_BULL
pre_market_recommendation,buy,5,603988.SH,中电电机,pre_market_selection,2026-02-02 09:00:00,20260202,97.59793546076467,,,20260203,20260209,29.27,29.75,0.01639904338913567,0.012744757404714813,0.13768363512128445,-0.022890331397335095,1,"{""rec_date"": ""20260202"", ""strategy_type"": ""secondary_launch_walkforward""}",,WEAK_BULL
pre_market_recommendation,buy,2,001311.SZ,多利科技,pre_market_selection,2026-02-02 09:00:00,20260202,95.2674698283182,,,20260203,20260204,41.8,43.6,0.04306220095693791,0.0393120522268422,0.06339712918660312,-0.018421052631578894,1,"{""rec_date"": ""20260202"", ""strategy_type"": ""secondary_launch_walkforward""}",,WEAK_BULL
pre_market_recommendation,buy,3,001311.SZ,多利科技,pre_market_selection,2026-02-02 09:00:00,20260202,95.2674698283182,,,20260203,20260205,41.8,44.69,0.06913875598086117,0.06529485353251308,0.12368421052631584,-0.018421052631578894,1,"{""rec_date"": ""20260202"", ""strategy_type"": ""secondary_launch_walkforward""}",,WEAK_BULL
pre_market_recommendation,buy,4,001311.SZ,多利科技,pre_market_selection,2026-02-02 09:00:00,20260202,95.2674698283182,,,20260203,20260206,41.8,43.4,0.038277511961722466,0.03454456574873732,0.12368421052631584,-0.019138755980861122,1,"{""rec_date"": ""20260202"", ""strategy_type"": ""secondary_launch_walkforward""}",,WEAK_BULL
pre_market_recommendation,buy,5,001311.SZ,多利科技,pre_market_selection,2026-02-02 09:00:00,20260202,95.2674698283182,,,20260203,20260209,41.8,44.0,0.052631578947368585,0.04884702518305173,0.12368421052631584,-0.019138755980861122,1,"{""rec_date"": ""20260202"", ""strategy_type"": ""secondary_launch_walkforward""}",,WEAK_BULL
pre_market_recommendation,buy,2,600869.SH,远东股份,pre_market_selection,2026-02-03 09:00:00,20260203,91.34109903862431,,,20260204,20260205,13.17,13.03,-0.010630220197418438,-0.014187327165648855,0.046317388003037196,-0.02733485193621865,0,"{""rec_date"": ""20260203"", ""strategy_type"": ""secondary_launch_walkforward""}",,NEUTRAL
pre_market_recommendation,buy,3,600869.SH,远东股份,pre_market_selection,2026-02-03 09:00:00,20260203,91.34109903862431,,,20260204,20260206,13.17,12.61,-0.04252088078967353,-0.04596333043429246,0.046317388003037196,-0.054669703872437414,0,"{""rec_date"": ""20260203"", ""strategy_type"": ""secondary_launch_walkforward""}",,NEUTRAL
pre_market_recommendation,buy,4,600869.SH,远东股份,pre_market_selection,2026-02-03 09:00:00,20260203,91.34109903862431,,,20260204,20260209,13.17,12.65,-0.039483675018982534,-0.04293704440870738,0.046317388003037196,-0.06605922551252841,0,"{""rec_date"": ""20260203"", ""strategy_type"": ""secondary_launch_walkforward""}",,NEUTRAL
pre_market_recommendation,buy,5,600869.SH,远东股份,pre_market_selection,2026-02-03 09:00:00,20260203,91.34109903862431,,,20260204,20260210,13.17,12.54,-0.04783599088838275,-0.05125933097906643,0.046317388003037196,-0.07668944570994685,0,"{""rec_date"": ""20260203"", ""strategy_type"": ""secondary_launch_walkforward""}",,NEUTRAL
pre_market_recommendation,buy,2,600871.SH,石化油服,pre_market_selection,2026-02-03 09:00:00,20260203,89.11802394078927,,,20260204,20260205,2.95,2.88,-0.023728813559322104,-0.027238826813278272,0.047457627118643986,-0.03728813559322042,0,"{""rec_date"": ""20260203"", ""strategy_type"": ""secondary_launch_walkforward""}",,NEUTRAL
pre_market_recommendation,buy,3,600871.SH,石化油服,pre_market_selection,2026-02-03 09:00:00,20260203,89.11802394078927,,,20260204,20260206,2.95,2.99,0.013559322033898313,0.009915245773714831,0.047457627118643986,-0.07796610169491525,1,"{""rec_date"": ""20260203"", ""strategy_type"": ""secondary_launch_walkforward""}",,NEUTRAL
pre_market_recommendation,buy,4,600871.SH,石化油服,pre_market_selection,2026-02-03 09:00:00,20260203,89.11802394078927,,,20260204,20260209,2.95,3.04,0.03050847457627115,0.02680346058598415,0.05084745762711851,-0.07796610169491525,1,"{""rec_date"": ""20260203"", ""strategy_type"": ""secondary_launch_walkforward""}",,NEUTRAL
pre_market_recommendation,buy,5,600871.SH,石化油服,pre_market_selection,2026-02-03 09:00:00,20260203,89.11802394078927,,,20260204,20260210,2.95,3.03,0.027118644067796405,0.023425817623530243,0.057627118644067776,-0.07796610169491525,1,"{""rec_date"": ""20260203"", ""strategy_type"": ""secondary_launch_walkforward""}",,NEUTRAL
pre_market_recommendation,buy,2,002259.SZ,升达林业,pre_market_selection,2026-02-04 09:00:00,20260204,96.58794417066598,,,20260205,20260206,5.82,6.31,0.08419243986254288,0.0802944145119937,0.10137457044673526,-0.01718213058419249,1,"{""rec_date"": ""20260204"", ""strategy_type"": ""secondary_launch_walkforward""}",,NEUTRAL
pre_market_recommendation,buy,3,002259.SZ,升达林业,pre_market_selection,2026-02-04 09:00:00,20260204,96.58794417066598,,,20260205,20260209,5.82,5.68,-0.024054982817869552,-0.027563823386985153,0.10137457044673526,-0.024054982817869552,0,"{""rec_date"": ""20260204"", ""strategy_type"": ""secondary_launch_walkforward""}",,NEUTRAL
pre_market_recommendation,buy,4,002259.SZ,升达林业,pre_market_selection,2026-02-04 09:00:00,20260204,96.58794417066598,,,20260205,20260210,5.82,5.75,-0.012027491408934776,-0.015579574731543033,0.10137457044673526,-0.07388316151202756,0,"{""rec_date"": ""20260204"", ""strategy_type"": ""secondary_launch_walkforward""}",,NEUTRAL
pre_market_recommendation,buy,5,002259.SZ,升达林业,pre_market_selection,2026-02-04 09:00:00,20260204,96.58794417066598,,,20260205,20260211,5.82,5.66,-0.027491408934707917,-0.030987894431397045,0.10137457044673526,-0.07388316151202756,0,"{""rec_date"": ""20260204"", ""strategy_type"": ""secondary_launch_walkforward""}",,NEUTRAL
pre_market_recommendation,buy,2,000031.SZ,大悦城,pre_market_selection,2026-02-04 09:00:00,20260204,94.76591921799954,,,20260205,20260206,3.71,3.73,0.005390835579514919,0.0017761276916830049,0.02695417789757415,-0.016172506738544534,1,"{""rec_date"": ""20260204"", ""strategy_type"": ""secondary_launch_walkforward""}",,NEUTRAL
pre_market_recommendation,buy,3,000031.SZ,大悦城,pre_market_selection,2026-02-04 09:00:00,20260204,94.76591921799954,,,20260205,20260209,3.71,3.75,0.010781671159029615,0.007147581459466812,0.029649595687331498,-0.016172506738544534,1,"{""rec_date"": ""20260204"", ""strategy_type"": ""secondary_launch_walkforward""}",,NEUTRAL
pre_market_recommendation,buy,4,000031.SZ,大悦城,pre_market_selection,2026-02-04 09:00:00,20260204,94.76591921799954,,,20260205,20260210,3.71,3.53,-0.04851752021563349,-0.05193840998615529,0.029649595687331498,-0.0539083557951483,0,"{""rec_date"": ""20260204"", ""strategy_type"": ""secondary_launch_walkforward""}",,NEUTRAL
pre_market_recommendation,buy,5,000031.SZ,大悦城,pre_market_selection,2026-02-04 09:00:00,20260204,94.76591921799954,,,20260205,20260211,3.71,3.58,-0.035040431266846306,-0.03850977556669577,0.029649595687331498,-0.059299191374662996,0,"{""rec_date"": ""20260204"", ""strategy_type"": ""secondary_launch_walkforward""}",,NEUTRAL
pre_market_recommendation,buy,2,600683.SH,京投发展,pre_market_selection,2026-02-05 09:00:00,20260205,98.0,,,20260206,20260209,6.6,6.66,0.00909090909090926,0.0054628982322981745,0.07121212121212128,-0.09696969696969693,1,"{""rec_date"": ""20260205"", ""strategy_type"": ""区域地产""}",,NEUTRAL
pre_market_recommendation,buy,3,600683.SH,京投发展,pre_market_selection,2026-02-05 09:00:00,20260205,98.0,,,20260206,20260210,6.6,6.68,0.0121212121212122,0.008482306335097833,0.07121212121212128,-0.09696969696969693,1,"{""rec_date"": ""20260205"", ""strategy_type"": ""区域地产""}",,NEUTRAL
pre_market_recommendation,buy,4,600683.SH,京投发展,pre_market_selection,2026-02-05 09:00:00,20260205,98.0,,,20260206,20260211,6.6,7.21,0.09242424242424252,0.08849662105928968,0.11363636363636354,-0.09696969696969693,1,"{""rec_date"": ""20260205"", ""strategy_type"": ""区域地产""}",,NEUTRAL
pre_market_recommendation,buy,5,600683.SH,京投发展,pre_market_selection,2026-02-05 09:00:00,20260205,98.0,,,20260206,20260212,6.6,6.93,0.050000000000000044,0.04622490762009401,0.11363636363636354,-0.09696969696969693,1,"{""rec_date"": ""20260205"", ""strategy_type"": ""区域地产""}",,NEUTRAL
pre_market_recommendation,buy,2,603616.SH,韩建河山,pre_market_selection,2026-02-05 09:00:00,20260205,98.0,,,20260206,20260209,8.29,9.12,0.10012062726176119,0.0961653348837106,0.10012062726176119,-0.045838359469239975,1,"{""rec_date"": ""20260205"", ""strategy_type"": ""水泥""}",,NEUTRAL
pre_market_recommendation,buy,3,603616.SH,韩建河山,pre_market_selection,2026-02-05 09:00:00,20260205,98.0,,,20260206,20260210,8.29,8.36,0.008443908323281013,0.0048182236434011205,0.11700844390832343,-0.045838359469239975,1,"{""rec_date"": ""20260205"", ""strategy_type"": ""水泥""}",,NEUTRAL
pre_market_recommendation,buy,4,603616.SH,韩建河山,pre_market_selection,2026-02-05 09:00:00,20260205,98.0,,,20260206,20260211,8.29,7.8,-0.05910735826296731,-0.062490174112615926,0.11700844390832343,-0.09288299155609159,0,"{""rec_date"": ""20260205"", ""strategy_type"": ""水泥""}",,NEUTRAL
pre_market_recommendation,buy,5,603616.SH,韩建河山,pre_market_selection,2026-02-05 09:00:00,20260205,98.0,,,20260206,20260212,8.29,7.15,-0.13751507840772004,-0.14061599293656468,0.11700844390832343,-0.1399276236429432,0,"{""rec_date"": ""20260205"", ""strategy_type"": ""水泥""}",,NEUTRAL
pre_market_recommendation,buy,2,605599.SH,菜百股份,pre_market_selection,2026-02-05 09:00:00,20260205,98.0,,,20260206,20260209,26.1,27.22,0.04291187739463598,0.03916226912676368,0.0862068965517242,-0.034482758620689724,1,"{""rec_date"": ""20260205"", ""strategy_type"": ""服饰""}",,NEUTRAL
pre_market_recommendation,buy,3,605599.SH,菜百股份,pre_market_selection,2026-02-05 09:00:00,20260205,98.0,,,20260206,20260210,26.1,24.5,-0.06130268199233724,-0.06467760493733621,0.0862068965517242,-0.06130268199233724,0,"{""rec_date"": ""20260205"", ""strategy_type"": ""服饰""}",,NEUTRAL
pre_market_recommendation,buy,4,605599.SH,菜百股份,pre_market_selection,2026-02-05 09:00:00,20260205,98.0,,,20260206,20260211,26.1,25.0,-0.04214559386973182,-0.04558939279320018,0.0862068965517242,-0.07279693486590044,0,"{""rec_date"": ""20260205"", ""strategy_type"": ""服饰""}",,NEUTRAL
pre_market_recommendation,buy,5,605599.SH,菜百股份,pre_market_selection,2026-02-05 09:00:00,20260205,98.0,,,20260206,20260212,26.1,25.05,-0.04022988505747127,-0.043680571578786576,0.0862068965517242,-0.07816091954022997,0,"{""rec_date"": ""20260205"", ""strategy_type"": ""服饰""}",,NEUTRAL
pre_market_recommendation,buy,2,002948.SZ,青岛银行,pre_market_selection,2026-02-05 09:00:00,20260205,97.6,,,20260206,20260209,5.47,5.55,0.014625228519195677,0.010977319977630629,0.02376599634369292,-0.009140767824497242,1,"{""rec_date"": ""20260205"", ""strategy_type"": ""银行""}",,NEUTRAL
pre_market_recommendation,buy,3,002948.SZ,青岛银行,pre_market_selection,2026-02-05 09:00:00,20260205,97.6,,,20260206,20260210,5.47,5.56,0.01645338208409508,0.012798900734347196,0.02376599634369292,-0.009140767824497242,1,"{""rec_date"": ""20260205"", ""strategy_type"": ""银行""}",,NEUTRAL
pre_market_recommendation,buy,4,002948.SZ,青岛银行,pre_market_selection,2026-02-05 09:00:00,20260205,97.6,,,20260206,20260211,5.47,5.68,0.03839122486288837,0.03465786981494445,0.040219378427788,-0.009140767824497242,1,"{""rec_date"": ""20260205"", ""strategy_type"": ""银行""}",,NEUTRAL
pre_market_recommendation,buy,5,002948.SZ,青岛银行,pre_market_selection,2026-02-05 09:00:00,20260205,97.6,,,20260206,20260212,5.47,5.54,0.012797074954296273,0.009155739220914283,0.040219378427788,-0.009140767824497242,1,"{""rec_date"": ""20260205"", ""strategy_type"": ""银行""}",,NEUTRAL
pre_market_recommendation,buy,2,001278.SZ,一彬科技,pre_market_selection,2026-02-05 09:00:00,20260205,97.5,,,20260206,20260209,24.86,24.93,0.0028157683024940816,-0.0007896813788090817,0.02775543041029782,-0.042638777152051444,0,"{""rec_date"": ""20260205"", ""strategy_type"": ""汽车配件""}",,NEUTRAL
pre_market_recommendation,buy,3,001278.SZ,一彬科技,pre_market_selection,2026-02-05 09:00:00,20260205,97.5,,,20260206,20260210,24.86,25.4,0.021721641190667773,0.018048218731578247,0.04585679806918752,-0.042638777152051444,1,"{""rec_date"": ""20260205"", ""strategy_type"": ""汽车配件""}",,NEUTRAL
pre_market_recommendation,buy,4,001278.SZ,一彬科技,pre_market_selection,2026-02-05 09:00:00,20260205,97.5,,,20260206,20260211,24.86,25.0,0.005631536604987941,0.0020159633184826387,0.04585679806918752,-0.042638777152051444,1,"{""rec_date"": ""20260205"", ""strategy_type"": ""汽车配件""}",,NEUTRAL
pre_market_recommendation,buy,5,001278.SZ,一彬科技,pre_market_selection,2026-02-05 09:00:00,20260205,97.5,,,20260206,20260212,24.86,24.76,-0.004022526146419847,-0.007603389929374704,0.04585679806918752,-0.042638777152051444,0,"{""rec_date"": ""20260205"", ""strategy_type"": ""汽车配件""}",,NEUTRAL
pre_market_recommendation,buy,2,002985.SZ,北摩高科,pre_market_selection,2026-02-05 09:00:00,20260205,97.5,,,20260206,20260209,45.98,43.4,-0.056111352762070466,-0.059504940228420566,0.014354066985646119,-0.06785558938668979,0,"{""rec_date"": ""20260205"", ""strategy_type"": ""航空""}",,NEUTRAL
pre_market_recommendation,buy,3,002985.SZ,北摩高科,pre_market_selection,2026-02-05 09:00:00,20260205,97.5,,,20260206,20260210,45.98,44.1,-0.04088734232274893,-0.04433566507081432,0.014354066985646119,-0.08090474119182256,0,"{""rec_date"": ""20260205"", ""strategy_type"": ""航空""}",,NEUTRAL
pre_market_recommendation,buy,4,002985.SZ,北摩高科,pre_market_selection,2026-02-05 09:00:00,20260205,97.5,,,20260206,20260211,45.98,42.99,-0.06502827316224435,-0.06838980139216122,0.014354066985646119,-0.08090474119182256,0,"{""rec_date"": ""20260205"", ""strategy_type"": ""航空""}",,NEUTRAL
pre_market_recommendation,buy,5,002985.SZ,北摩高科,pre_market_selection,2026-02-05 09:00:00,20260205,97.5,,,20260206,20260212,45.98,43.95,-0.04414963027403207,-0.047586224033158375,0.014354066985646119,-0.08982166159199645,0,"{""rec_date"": ""20260205"", ""strategy_type"": ""航空""}",,NEUTRAL
pre_market_recommendation,buy,2,002193.SZ,如意集团,pre_market_selection,2026-02-05 09:00:00,20260205,97.0,,,20260206,20260209,7.01,7.22,0.029957203994293913,0.02625417200150526,0.041369472182596345,-0.01854493580599148,1,"{""rec_date"": ""20260205"", ""strategy_type"": ""纺织""}",,NEUTRAL
pre_market_recommendation,buy,3,002193.SZ,如意集团,pre_market_selection,2026-02-05 09:00:00,20260205,97.0,,,20260206,20260210,7.01,7.12,0.015691868758915817,0.01204012529788323,0.0542082738944365,-0.01854493580599148,1,"{""rec_date"": ""20260205"", ""strategy_type"": ""纺织""}",,NEUTRAL
pre_market_recommendation,buy,4,002193.SZ,如意集团,pre_market_selection,2026-02-05 09:00:00,20260205,97.0,,,20260206,20260211,7.01,7.11,0.014265335235378096,0.010618720627521228,0.0542082738944365,-0.01854493580599148,1,"{""rec_date"": ""20260205"", ""strategy_type"": ""纺织""}",,NEUTRAL
pre_market_recommendation,buy,5,002193.SZ,如意集团,pre_market_selection,2026-02-05 09:00:00,20260205,97.0,,,20260206,20260212,7.01,6.89,-0.01711840228245365,-0.020652182120447282,0.0542082738944365,-0.0199714693295292,0,"{""rec_date"": ""20260205"", ""strategy_type"": ""纺织""}",,NEUTRAL
pre_market_recommendation,buy,2,603618.SH,杭电股份,pre_market_selection,2026-02-05 09:00:00,20260205,96.8,,,20260206,20260209,12.46,15.08,0.2102728731942214,0.2059215475740288,0.2102728731942214,-0.027287319422151013,1,"{""rec_date"": ""20260205"", ""strategy_type"": ""电气设备""}",,NEUTRAL
pre_market_recommendation,buy,3,603618.SH,杭电股份,pre_market_selection,2026-02-05 09:00:00,20260205,96.8,,,20260206,20260210,12.46,14.64,0.174959871589085,0.17073550772438884,0.2279293739967898,-0.027287319422151013,1,"{""rec_date"": ""20260205"", ""strategy_type"": ""电气设备""}",,NEUTRAL
pre_market_recommendation,buy,4,603618.SH,杭电股份,pre_market_selection,2026-02-05 09:00:00,20260205,96.8,,,20260206,20260211,12.46,15.72,0.261637239165329,0.2571012419007781,0.2632423756019262,-0.027287319422151013,1,"{""rec_date"": ""20260205"", ""strategy_type"": ""电气设备""}",,NEUTRAL
pre_market_recommendation,buy,5,603618.SH,杭电股份,pre_market_selection,2026-02-05 09:00:00,20260205,96.8,,,20260206,20260212,12.46,16.12,0.2937399678972712,0.2890885508549963,0.2945425361155696,-0.027287319422151013,1,"{""rec_date"": ""20260205"", ""strategy_type"": ""电气设备""}",,NEUTRAL
pre_market_recommendation,buy,2,603059.SH,倍加洁,pre_market_selection,2026-02-05 09:00:00,20260205,96.7,,,20260206,20260209,39.0,41.83,0.07256410256410262,0.06870788487786395,0.1135897435897435,0.0,1,"{""rec_date"": ""20260205"", ""strategy_type"": ""日用化工""}",,NEUTRAL
pre_market_recommendation,buy,3,603059.SH,倍加洁,pre_market_selection,2026-02-05 09:00:00,20260205,96.7,,,20260206,20260210,39.0,41.06,0.05282051282051281,0.04903527977731548,0.1135897435897435,0.0,1,"{""rec_date"": ""20260205"", ""strategy_type"": ""日用化工""}",,NEUTRAL
pre_market_recommendation,buy,4,603059.SH,倍加洁,pre_market_selection,2026-02-05 09:00:00,20260205,96.7,,,20260206,20260211,39.0,40.55,0.0397435897435896,0.0360053725029259,0.1135897435897435,0.0,1,"{""rec_date"": ""20260205"", ""strategy_type"": ""日用化工""}",,NEUTRAL
pre_market_recommendation,buy,5,603059.SH,倍加洁,pre_market_selection,2026-02-05 09:00:00,20260205,96.7,,,20260206,20260212,39.0,40.19,0.03051282051282045,0.026807790897474648,0.1135897435897435,0.0,1,"{""rec_date"": ""20260205"", ""strategy_type"": ""日用化工""}",,NEUTRAL
pre_market_recommendation,buy,2,600054.SH,黄山旅游,pre_market_selection,2026-02-05 09:00:00,20260205,96.3,,,20260206,20260209,14.19,13.47,-0.05073995771670181,-0.05415285709972362,0.0,-0.05990133897110639,0,"{""rec_date"": ""20260205"", ""strategy_type"": ""旅游景点""}",,NEUTRAL
pre_market_recommendation,buy,3,600054.SH,黄山旅游,pre_market_selection,2026-02-05 09:00:00,20260205,96.3,,,20260206,20260210,14.19,13.36,-0.05849189570119806,-0.06187692433944392,0.0,-0.08386187455954897,0,"{""rec_date"": ""20260205"", ""strategy_type"": ""旅游景点""}",,NEUTRAL
pre_market_recommendation,buy,4,600054.SH,黄山旅游,pre_market_selection,2026-02-05 09:00:00,20260205,96.3,,,20260206,20260211,14.19,13.24,-0.06694855532064825,-0.07030317951004761,0.0,-0.09161381254404499,0,"{""rec_date"": ""20260205"", ""strategy_type"": ""旅游景点""}",,NEUTRAL
pre_market_recommendation,buy,5,600054.SH,黄山旅游,pre_market_selection,2026-02-05 09:00:00,20260205,96.3,,,20260206,20260212,14.19,12.94,-0.08809020436927417,-0.09136881743655711,0.0,-0.0937279774489077,0,"{""rec_date"": ""20260205"", ""strategy_type"": ""旅游景点""}",,NEUTRAL
pre_market_recommendation,buy,2,605599.SH,菜百股份,pre_market_selection,2026-02-06 09:00:00,20260206,97.6,,,20260209,20260210,28.06,24.5,-0.1268709907341411,-0.13001017422895467,0.0,-0.1268709907341411,0,"{""rec_date"": ""20260206"", ""strategy_type"": ""服饰""}",,NEUTRAL
pre_market_recommendation,buy,3,605599.SH,菜百股份,pre_market_selection,2026-02-06 09:00:00,20260206,97.6,,,20260209,20260211,28.06,25.0,-0.10905203136136843,-0.11225527982546402,0.0,-0.13756236635780472,0,"{""rec_date"": ""20260206"", ""strategy_type"": ""服饰""}",,NEUTRAL
pre_market_recommendation,buy,4,605599.SH,菜百股份,pre_market_selection,2026-02-06 09:00:00,20260206,97.6,,,20260209,20260212,28.06,25.05,-0.10727013542409114,-0.1104797903851149,0.0,-0.14255167498218102,0,"{""rec_date"": ""20260206"", ""strategy_type"": ""服饰""}",,NEUTRAL
pre_market_recommendation,buy,5,605599.SH,菜百股份,pre_market_selection,2026-02-06 09:00:00,20260206,97.6,,,20260209,20260213,28.06,25.32,-0.097647897362794,-0.10089214740723007,0.0,-0.14896650035637915,0,"{""rec_date"": ""20260206"", ""strategy_type"": ""服饰""}",,NEUTRAL
pre_market_recommendation,buy,2,002506.SZ,协鑫集成,pre_market_selection,2026-02-06 09:00:00,20260206,97.5,,,20260209,20260210,5.02,5.26,0.047808764940239,0.044041550764882365,0.08764940239043839,-0.05378486055776888,1,"{""rec_date"": ""20260206"", ""strategy_type"": ""电气设备""}",,NEUTRAL
pre_market_recommendation,buy,3,002506.SZ,协鑫集成,pre_market_selection,2026-02-06 09:00:00,20260206,97.5,,,20260209,20260211,5.02,5.26,0.047808764940239,0.044041550764882365,0.14342629482071723,-0.05378486055776888,1,"{""rec_date"": ""20260206"", ""strategy_type"": ""电气设备""}",,NEUTRAL
pre_market_recommendation,buy,4,002506.SZ,协鑫集成,pre_market_selection,2026-02-06 09:00:00,20260206,97.5,,,20260209,20260212,5.02,4.77,-0.04980079681274896,-0.0532170727854584,0.14342629482071723,-0.05776892430278868,0,"{""rec_date"": ""20260206"", ""strategy_type"": ""电气设备""}",,NEUTRAL
pre_market_recommendation,buy,5,002506.SZ,协鑫集成,pre_market_selection,2026-02-06 09:00:00,20260206,97.5,,,20260209,20260213,5.02,4.31,-0.14143426294820716,-0.14452108673067632,0.14342629482071723,-0.14342629482071712,0,"{""rec_date"": ""20260206"", ""strategy_type"": ""电气设备""}",,NEUTRAL
pre_market_recommendation,buy,2,603616.SH,韩建河山,pre_market_selection,2026-02-06 09:00:00,20260206,97.5,,,20260209,20260210,8.5,8.36,-0.016470588235294237,-0.020006697176024102,0.0894117647058823,-0.06941176470588228,0,"{""rec_date"": ""20260206"", ""strategy_type"": ""水泥""}",,NEUTRAL
pre_market_recommendation,buy,3,603616.SH,韩建河山,pre_market_selection,2026-02-06 09:00:00,20260206,97.5,,,20260209,20260211,8.5,7.8,-0.08235294117647063,-0.08565218157571608,0.0894117647058823,-0.11529411764705888,0,"{""rec_date"": ""20260206"", ""strategy_type"": ""水泥""}",,NEUTRAL
pre_market_recommendation,buy,4,603616.SH,韩建河山,pre_market_selection,2026-02-06 09:00:00,20260206,97.5,,,20260209,20260212,8.5,7.15,-0.1588235294117647,-0.1618478331110731,0.0894117647058823,-0.16117647058823525,0,"{""rec_date"": ""20260206"", ""strategy_type"": ""水泥""}",,NEUTRAL
pre_market_recommendation,buy,5,603616.SH,韩建河山,pre_market_selection,2026-02-06 09:00:00,20260206,97.5,,,20260209,20260213,8.5,6.76,-0.20470588235294118,-0.2075652240322874,0.0894117647058823,-0.21176470588235297,0,"{""rec_date"": ""20260206"", ""strategy_type"": ""水泥""}",,NEUTRAL
pre_market_recommendation,buy,2,603618.SH,杭电股份,pre_market_selection,2026-02-06 09:00:00,20260206,97.5,,,20260209,20260210,14.67,14.64,-0.002044989775051076,-0.005632963446088435,0.042944785276073594,-0.07498295841854119,0,"{""rec_date"": ""20260206"", ""strategy_type"": ""电气设备""}",,NEUTRAL
pre_market_recommendation,buy,3,603618.SH,杭电股份,pre_market_selection,2026-02-06 09:00:00,20260206,97.5,,,20260209,20260211,14.67,15.72,0.07157464212678932,0.06772198187346246,0.07293796864349011,-0.07498295841854119,1,"{""rec_date"": ""20260206"", ""strategy_type"": ""电气设备""}",,NEUTRAL
pre_market_recommendation,buy,4,603618.SH,杭电股份,pre_market_selection,2026-02-06 09:00:00,20260206,97.5,,,20260209,20260212,14.67,16.12,0.09884117246080448,0.09489048013996282,0.09952283571915466,-0.07498295841854119,1,"{""rec_date"": ""20260206"", ""strategy_type"": ""电气设备""}",,NEUTRAL
pre_market_recommendation,buy,5,603618.SH,杭电股份,pre_market_selection,2026-02-06 09:00:00,20260206,97.5,,,20260209,20260213,14.67,14.51,-0.010906612133605997,-0.014462725382701103,0.14246762099522847,-0.07498295841854119,0,"{""rec_date"": ""20260206"", ""strategy_type"": ""电气设备""}",,NEUTRAL
pre_market_recommendation,buy,2,002218.SZ,拓日新能,pre_market_selection,2026-02-06 09:00:00,20260206,96.7,,,20260209,20260210,7.4,7.6,0.027027027027026973,0.023334529975896245,0.10540540540540522,0.0,1,"{""rec_date"": ""20260206"", ""strategy_type"": ""新型电力""}",,NEUTRAL
pre_market_recommendation,buy,3,002218.SZ,拓日新能,pre_market_selection,2026-02-06 09:00:00,20260206,96.7,,,20260209,20260211,7.4,7.23,-0.02297297297297296,-0.02648570372029857,0.10540540540540522,-0.02432432432432441,0,"{""rec_date"": ""20260206"", ""strategy_type"": ""新型电力""}",,NEUTRAL
pre_market_recommendation,buy,4,002218.SZ,拓日新能,pre_market_selection,2026-02-06 09:00:00,20260206,96.7,,,20260209,20260212,7.4,6.97,-0.05810810810810818,-0.061494516587895176,0.10540540540540522,-0.0662162162162162,0,"{""rec_date"": ""20260206"", ""strategy_type"": ""新型电力""}",,NEUTRAL
pre_market_recommendation,buy,5,002218.SZ,拓日新能,pre_market_selection,2026-02-06 09:00:00,20260206,96.7,,,20260209,20260213,7.4,6.62,-0.10540540540540544,-0.1086217646788904,0.10540540540540522,-0.11891891891891904,0,"{""rec_date"": ""20260206"", ""strategy_type"": ""新型电力""}",,NEUTRAL
pre_market_recommendation,buy,2,002193.SZ,如意集团,pre_market_selection,2026-02-06 09:00:00,20260206,96.6,,,20260209,20260210,7.12,7.12,0.0,-0.003595326076100913,0.037921348314606584,-0.03370786516853941,0,"{""rec_date"": ""20260206"", ""strategy_type"": ""纺织""}",,NEUTRAL
pre_market_recommendation,buy,3,002193.SZ,如意集团,pre_market_selection,2026-02-06 09:00:00,20260206,96.6,,,20260209,20260211,7.12,7.11,-0.001404494382022392,-0.004994770842847829,0.037921348314606584,-0.03370786516853941,0,"{""rec_date"": ""20260206"", ""strategy_type"": ""纺织""}",,NEUTRAL
pre_market_recommendation,buy,4,002193.SZ,如意集团,pre_market_selection,2026-02-06 09:00:00,20260206,96.6,,,20260209,20260212,7.12,6.89,-0.032303370786516905,-0.03578255571128308,0.037921348314606584,-0.0351123595505618,0,"{""rec_date"": ""20260206"", ""strategy_type"": ""纺织""}",,NEUTRAL
pre_market_recommendation,buy,5,002193.SZ,如意集团,pre_market_selection,2026-02-06 09:00:00,20260206,96.6,,,20260209,20260213,7.12,6.88,-0.03370786516853941,-0.03718200047803,0.037921348314606584,-0.04353932584269671,0,"{""rec_date"": ""20260206"", ""strategy_type"": ""纺织""}",,NEUTRAL
pre_market_recommendation,buy,2,002921.SZ,联诚精密,pre_market_selection,2026-02-06 09:00:00,20260206,95.5,,,20260209,20260210,26.37,24.78,-0.060295790671217264,-0.0636743337188389,0.014031095942358629,-0.07849829351535842,0,"{""rec_date"": ""20260206"", ""strategy_type"": ""汽车配件""}",,NEUTRAL
pre_market_recommendation,buy,3,002921.SZ,联诚精密,pre_market_selection,2026-02-06 09:00:00,20260206,95.5,,,20260209,20260211,26.37,23.86,-0.09518392112248775,-0.0984370299649514,0.014031095942358629,-0.09745923397800527,0,"{""rec_date"": ""20260206"", ""strategy_type"": ""汽车配件""}",,NEUTRAL
pre_market_recommendation,buy,4,002921.SZ,联诚精密,pre_market_selection,2026-02-06 09:00:00,20260206,95.5,,,20260209,20260212,26.37,23.83,-0.09632157755024662,-0.0995705961468899,0.014031095942358629,-0.10200985968904064,0,"{""rec_date"": ""20260206"", ""strategy_type"": ""汽车配件""}",,NEUTRAL
pre_market_recommendation,buy,5,002921.SZ,联诚精密,pre_market_selection,2026-02-06 09:00:00,20260206,95.5,,,20260209,20260213,26.37,23.94,-0.0921501706484642,-0.09541418681311553,0.014031095942358629,-0.10428517254455816,0,"{""rec_date"": ""20260206"", ""strategy_type"": ""汽车配件""}",,NEUTRAL
pre_market_recommendation,buy,2,000415.SZ,渤海租赁,pre_market_selection,2026-02-06 09:00:00,20260206,95.0,,,20260209,20260210,5.25,5.3,0.00952380952380949,0.005894242246983872,0.05523809523809531,-0.01333333333333342,1,"{""rec_date"": ""20260206"", ""strategy_type"": ""多元金融""}",,NEUTRAL
pre_market_recommendation,buy,3,000415.SZ,渤海租赁,pre_market_selection,2026-02-06 09:00:00,20260206,95.0,,,20260209,20260211,5.25,5.21,-0.007619047619047636,-0.011186980734568697,0.05523809523809531,-0.015238095238095273,0,"{""rec_date"": ""20260206"", ""strategy_type"": ""多元金融""}",,NEUTRAL
pre_market_recommendation,buy,4,000415.SZ,渤海租赁,pre_market_selection,2026-02-06 09:00:00,20260206,95.0,,,20260209,20260212,5.25,5.15,-0.01904761904761898,-0.022574462722270372,0.05523809523809531,-0.028571428571428692,0,"{""rec_date"": ""20260206"", ""strategy_type"": ""多元金融""}",,NEUTRAL
pre_market_recommendation,buy,5,000415.SZ,渤海租赁,pre_market_selection,2026-02-06 09:00:00,20260206,95.0,,,20260209,20260213,5.25,5.16,-0.017142857142857126,-0.02067654905765337,0.05523809523809531,-0.030476190476190546,0,"{""rec_date"": ""20260206"", ""strategy_type"": ""多元金融""}",,NEUTRAL
pre_market_recommendation,buy,2,002259.SZ,升达林业,pre_market_selection,2026-02-06 09:00:00,20260206,95.0,,,20260209,20260210,5.98,5.75,-0.03846153846153855,-0.04191858276548188,0.0016722408026754731,-0.09866220735785969,0,"{""rec_date"": ""20260206"", ""strategy_type"": ""供气供热""}",,NEUTRAL
pre_market_recommendation,buy,3,002259.SZ,升达林业,pre_market_selection,2026-02-06 09:00:00,20260206,95.0,,,20260209,20260211,5.98,5.66,-0.053511705685618804,-0.056914639730891614,0.0016722408026754731,-0.09866220735785969,0,"{""rec_date"": ""20260206"", ""strategy_type"": ""供气供热""}",,NEUTRAL
pre_market_recommendation,buy,4,002259.SZ,升达林业,pre_market_selection,2026-02-06 09:00:00,20260206,95.0,,,20260209,20260212,5.98,5.64,-0.05685618729096997,-0.06024709683431606,0.0016722408026754731,-0.09866220735785969,0,"{""rec_date"": ""20260206"", ""strategy_type"": ""供气供热""}",,NEUTRAL
pre_market_recommendation,buy,5,002259.SZ,升达林业,pre_market_selection,2026-02-06 09:00:00,20260206,95.0,,,20260209,20260213,5.98,5.58,-0.06688963210702348,-0.07024446814458918,0.0016722408026754731,-0.09866220735785969,0,"{""rec_date"": ""20260206"", ""strategy_type"": ""供气供热""}",,NEUTRAL
pre_market_recommendation,buy,2,600814.SH,杭州解百,pre_market_selection,2026-02-06 09:00:00,20260206,95.0,,,20260209,20260210,10.68,9.64,-0.09737827715355796,-0.10062349657056291,0.04681647940074907,-0.09737827715355796,0,"{""rec_date"": ""20260206"", ""strategy_type"": ""百货""}",,NEUTRAL
pre_market_recommendation,buy,3,600814.SH,杭州解百,pre_market_selection,2026-02-06 09:00:00,20260206,95.0,,,20260209,20260211,10.68,9.16,-0.14232209737827717,-0.14540572910646854,0.04681647940074907,-0.1460674157303371,0,"{""rec_date"": ""20260206"", ""strategy_type"": ""百货""}",,NEUTRAL
pre_market_recommendation,buy,4,600814.SH,杭州解百,pre_market_selection,2026-02-06 09:00:00,20260206,95.0,,,20260209,20260212,10.68,8.66,-0.18913857677902624,-0.1920538879980369,0.04681647940074907,-0.1910112359550561,0,"{""rec_date"": ""20260206"", ""strategy_type"": ""百货""}",,NEUTRAL
pre_market_recommendation,buy,5,600814.SH,杭州解百,pre_market_selection,2026-02-06 09:00:00,20260206,95.0,,,20260209,20260213,10.68,8.44,-0.20973782771535587,-0.21257907791032693,0.04681647940074907,-0.2106741573033708,0,"{""rec_date"": ""20260206"", ""strategy_type"": ""百货""}",,NEUTRAL
pre_market_recommendation,buy,2,600185.SH,珠免集团,pre_market_selection,2026-02-09 09:00:00,20260209,98.0,,,20260210,20260211,8.19,7.73,-0.05616605616605608,-0.059559446955831374,0.0,-0.0793650793650793,0,"{""rec_date"": ""20260209"", ""strategy_type"": ""旅游服务""}",,NEUTRAL
pre_market_recommendation,buy,3,600185.SH,珠免集团,pre_market_selection,2026-02-09 09:00:00,20260209,98.0,,,20260210,20260212,8.19,7.5,-0.08424908424908417,-0.08754150739569677,0.0,-0.08547008547008539,0,"{""rec_date"": ""20260209"", ""strategy_type"": ""旅游服务""}",,NEUTRAL
pre_market_recommendation,buy,4,600185.SH,珠免集团,pre_market_selection,2026-02-09 09:00:00,20260209,98.0,,,20260210,20260213,8.19,7.4,-0.09645909645909634,-0.09970762063042071,0.0,-0.09890109890109888,0,"{""rec_date"": ""20260209"", ""strategy_type"": ""旅游服务""}",,NEUTRAL
pre_market_recommendation,buy,5,600185.SH,珠免集团,pre_market_selection,2026-02-09 09:00:00,20260209,98.0,,,20260210,20260224,8.19,7.18,-0.12332112332112333,-0.12647306974681372,0.0,-0.1294261294261294,0,"{""rec_date"": ""20260209"", ""strategy_type"": ""旅游服务""}",,NEUTRAL
pre_market_recommendation,buy,2,603729.SH,龙韵股份,pre_market_selection,2026-02-09 09:00:00,20260209,98.0,,,20260210,20260211,21.6,23.76,0.10000000000000009,0.09604514131628905,0.10000000000000009,0.0,1,"{""rec_date"": ""20260209"", ""strategy_type"": ""广告包装""}",,NEUTRAL
pre_market_recommendation,buy,3,603729.SH,龙韵股份,pre_market_selection,2026-02-09 09:00:00,20260209,98.0,,,20260210,20260212,21.6,21.38,-0.010185185185185297,-0.013743892199399976,0.10000000000000009,-0.010185185185185297,0,"{""rec_date"": ""20260209"", ""strategy_type"": ""广告包装""}",,NEUTRAL
pre_market_recommendation,buy,4,603729.SH,龙韵股份,pre_market_selection,2026-02-09 09:00:00,20260209,98.0,,,20260210,20260213,21.6,19.25,-0.10879629629629639,-0.11200046421133991,0.10000000000000009,-0.10925925925925939,0,"{""rec_date"": ""20260209"", ""strategy_type"": ""广告包装""}",,NEUTRAL
pre_market_recommendation,buy,5,603729.SH,龙韵股份,pre_market_selection,2026-02-09 09:00:00,20260209,98.0,,,20260210,20260224,21.6,19.08,-0.11666666666666681,-0.11984253803388911,0.10000000000000009,-0.13194444444444453,0,"{""rec_date"": ""20260209"", ""strategy_type"": ""广告包装""}",,NEUTRAL
pre_market_recommendation,buy,2,603150.SH,万朗磁塑,pre_market_selection,2026-02-09 09:00:00,20260209,97.8,,,20260210,20260211,54.85,61.75,0.12579762989972654,0.12175002032453541,0.15916134913400182,-0.030993618960802216,1,"{""rec_date"": ""20260209"", ""strategy_type"": ""塑料""}",,NEUTRAL
pre_market_recommendation,buy,3,603150.SH,万朗磁塑,pre_market_selection,2026-02-09 09:00:00,20260209,97.8,,,20260210,20260212,54.85,64.55,0.17684594348222427,0.17261479857406892,0.2027347310847767,-0.030993618960802216,1,"{""rec_date"": ""20260209"", ""strategy_type"": ""塑料""}",,NEUTRAL
pre_market_recommendation,buy,4,603150.SH,万朗磁塑,pre_market_selection,2026-02-09 09:00:00,20260209,97.8,,,20260210,20260213,54.85,61.38,0.11905195989061079,0.11502860319870423,0.2027347310847767,-0.030993618960802216,1,"{""rec_date"": ""20260209"", ""strategy_type"": ""塑料""}",,NEUTRAL
pre_market_recommendation,buy,5,603150.SH,万朗磁塑,pre_market_selection,2026-02-09 09:00:00,20260209,97.8,,,20260210,20260224,54.85,60.31,0.09954421148587067,0.09559099151048955,0.2027347310847767,-0.030993618960802216,1,"{""rec_date"": ""20260209"", ""strategy_type"": ""塑料""}",,NEUTRAL
pre_market_recommendation,buy,2,002506.SZ,协鑫集成,pre_market_selection,2026-02-09 09:00:00,20260209,97.5,,,20260210,20260211,5.41,5.26,-0.027726432532347522,-0.031222073042567633,0.060998151571164616,-0.06654343807763408,0,"{""rec_date"": ""20260209"", ""strategy_type"": ""电气设备""}",,NEUTRAL
pre_market_recommendation,buy,3,002506.SZ,协鑫集成,pre_market_selection,2026-02-09 09:00:00,20260209,97.5,,,20260210,20260212,5.41,4.77,-0.11829944547134941,-0.12146944646635882,0.060998151571164616,-0.1256931608133086,0,"{""rec_date"": ""20260209"", ""strategy_type"": ""电气设备""}",,NEUTRAL
pre_market_recommendation,buy,4,002506.SZ,协鑫集成,pre_market_selection,2026-02-09 09:00:00,20260209,97.5,,,20260210,20260213,5.41,4.31,-0.20332717190388183,-0.20619147049685682,0.060998151571164616,-0.20517560073937158,0,"{""rec_date"": ""20260209"", ""strategy_type"": ""电气设备""}",,NEUTRAL
pre_market_recommendation,buy,5,002506.SZ,协鑫集成,pre_market_selection,2026-02-09 09:00:00,20260209,97.5,,,20260210,20260224,5.41,4.74,-0.12384473197781887,-0.12699479585965212,0.060998151571164616,-0.20517560073937158,0,"{""rec_date"": ""20260209"", ""strategy_type"": ""电气设备""}",,NEUTRAL
pre_market_recommendation,buy,2,603616.SH,韩建河山,pre_market_selection,2026-02-09 09:00:00,20260209,97.5,,,20260210,20260211,9.0,7.8,-0.1333333333333333,-0.13644928259928746,0.028888888888888964,-0.1644444444444445,0,"{""rec_date"": ""20260209"", ""strategy_type"": ""水泥""}",,NEUTRAL
pre_market_recommendation,buy,3,603616.SH,韩建河山,pre_market_selection,2026-02-09 09:00:00,20260209,97.5,,,20260210,20260212,9.0,7.15,-0.2055555555555555,-0.20841184238268018,0.028888888888888964,-0.20777777777777784,0,"{""rec_date"": ""20260209"", ""strategy_type"": ""水泥""}",,NEUTRAL
pre_market_recommendation,buy,4,603616.SH,韩建河山,pre_market_selection,2026-02-09 09:00:00,20260209,97.5,,,20260210,20260213,9.0,6.76,-0.24888888888888894,-0.2515893782527159,0.028888888888888964,-0.25555555555555554,0,"{""rec_date"": ""20260209"", ""strategy_type"": ""水泥""}",,NEUTRAL
pre_market_recommendation,buy,5,603616.SH,韩建河山,pre_market_selection,2026-02-09 09:00:00,20260209,97.5,,,20260210,20260224,9.0,7.44,-0.17333333333333334,-0.1763054695562435,0.028888888888888964,-0.25555555555555554,0,"{""rec_date"": ""20260209"", ""strategy_type"": ""水泥""}",,NEUTRAL
pre_market_recommendation,buy,2,603618.SH,杭电股份,pre_market_selection,2026-02-09 09:00:00,20260209,97.5,,,20260210,20260211,13.57,15.72,0.15843773028739871,0.15427276890815733,0.1599115696389093,0.0,1,"{""rec_date"": ""20260209"", ""strategy_type"": ""电气设备""}",,NEUTRAL
pre_market_recommendation,buy,3,603618.SH,杭电股份,pre_market_selection,2026-02-09 09:00:00,20260209,97.5,,,20260210,20260212,13.57,16.12,0.18791451731761244,0.18364357727732172,0.18865143699336762,0.0,1,"{""rec_date"": ""20260209"", ""strategy_type"": ""电气设备""}",,NEUTRAL
pre_market_recommendation,buy,4,603618.SH,杭电股份,pre_market_selection,2026-02-09 09:00:00,20260209,97.5,,,20260210,20260213,13.57,14.51,0.06927044952100214,0.06542607359143515,0.2350773765659544,0.0,1,"{""rec_date"": ""20260209"", ""strategy_type"": ""电气设备""}",,NEUTRAL
pre_market_recommendation,buy,5,603618.SH,杭电股份,pre_market_selection,2026-02-09 09:00:00,20260209,97.5,,,20260210,20260224,13.57,15.8,0.16433308769344146,0.16014693058199025,0.2350773765659544,0.0,1,"{""rec_date"": ""20260209"", ""strategy_type"": ""电气设备""}",,NEUTRAL
pre_market_recommendation,buy,2,002218.SZ,拓日新能,pre_market_selection,2026-02-09 09:00:00,20260209,97.2,,,20260210,20260211,7.85,7.23,-0.0789808917197451,-0.08229225573633236,0.042038216560509545,-0.08025477707006368,0,"{""rec_date"": ""20260209"", ""strategy_type"": ""新型电力""}",,NEUTRAL
pre_market_recommendation,buy,3,002218.SZ,拓日新能,pre_market_selection,2026-02-09 09:00:00,20260209,97.2,,,20260210,20260212,7.85,6.97,-0.11210191082802545,-0.11529419398094565,0.042038216560509545,-0.11974522292993628,0,"{""rec_date"": ""20260209"", ""strategy_type"": ""新型电力""}",,NEUTRAL
pre_market_recommendation,buy,4,002218.SZ,拓日新能,pre_market_selection,2026-02-09 09:00:00,20260209,97.2,,,20260210,20260213,7.85,6.62,-0.15668789808917194,-0.15971988007946347,0.042038216560509545,-0.16942675159235665,0,"{""rec_date"": ""20260209"", ""strategy_type"": ""新型电力""}",,NEUTRAL
pre_market_recommendation,buy,5,002218.SZ,拓日新能,pre_market_selection,2026-02-09 09:00:00,20260209,97.2,,,20260210,20260224,7.85,6.79,-0.13503184713375793,-0.13814168968875473,0.042038216560509545,-0.16942675159235665,0,"{""rec_date"": ""20260209"", ""strategy_type"": ""新型电力""}",,NEUTRAL
pre_market_recommendation,buy,2,002193.SZ,如意集团,pre_market_selection,2026-02-09 09:00:00,20260209,96.9,,,20260210,20260211,7.25,7.11,-0.0193103448275862,-0.02283624391738992,0.0193103448275862,-0.03448275862068961,0,"{""rec_date"": ""20260209"", ""strategy_type"": ""纺织""}",,NEUTRAL
pre_market_recommendation,buy,3,002193.SZ,如意集团,pre_market_selection,2026-02-09 09:00:00,20260209,96.9,,,20260210,20260212,7.25,6.89,-0.049655172413793136,-0.0530719719537015,0.0193103448275862,-0.05241379310344829,0,"{""rec_date"": ""20260209"", ""strategy_type"": ""纺织""}",,NEUTRAL
pre_market_recommendation,buy,4,002193.SZ,如意集团,pre_market_selection,2026-02-09 09:00:00,20260209,96.9,,,20260210,20260213,7.25,6.88,-0.05103448275862066,-0.054446323228079185,0.0193103448275862,-0.06068965517241387,0,"{""rec_date"": ""20260209"", ""strategy_type"": ""纺织""}",,NEUTRAL
pre_market_recommendation,buy,5,002193.SZ,如意集团,pre_market_selection,2026-02-09 09:00:00,20260209,96.9,,,20260210,20260224,7.25,6.73,-0.07172413793103438,-0.0750615923437461,0.0193103448275862,-0.08551724137931038,0,"{""rec_date"": ""20260209"", ""strategy_type"": ""纺织""}",,NEUTRAL
pre_market_recommendation,buy,2,603806.SH,福斯特,pre_market_selection,2026-02-09 09:00:00,20260209,96.72276076993718,,,20260210,20260211,19.87,18.81,-0.05334675390035237,-0.05675028100108004,0.014594866633115267,-0.05435329642677411,0,"{""rec_date"": ""20260209"", ""strategy_type"": ""secondary_launch_walkforward""}",,NEUTRAL
pre_market_recommendation,buy,3,603806.SH,福斯特,pre_market_selection,2026-02-09 09:00:00,20260209,96.72276076993718,,,20260210,20260212,19.87,18.71,-0.058379466532460955,-0.06176489939022878,0.014594866633115267,-0.06089582284851536,0,"{""rec_date"": ""20260209"", ""strategy_type"": ""secondary_launch_walkforward""}",,NEUTRAL
pre_market_recommendation,buy,4,603806.SH,福斯特,pre_market_selection,2026-02-09 09:00:00,20260209,96.72276076993718,,,20260210,20260213,19.87,18.04,-0.09209864116758937,-0.09536284259752692,0.014594866633115267,-0.09360845495722192,0,"{""rec_date"": ""20260209"", ""strategy_type"": ""secondary_launch_walkforward""}",,NEUTRAL
pre_market_recommendation,buy,5,603806.SH,福斯特,pre_market_selection,2026-02-09 09:00:00,20260209,96.72276076993718,,,20260210,20260224,19.87,18.15,-0.08656265727226986,-0.0898467623694631,0.014594866633115267,-0.09562154001006551,0,"{""rec_date"": ""20260209"", ""strategy_type"": ""secondary_launch_walkforward""}",,NEUTRAL
pre_market_recommendation,buy,2,000415.SZ,渤海租赁,pre_market_selection,2026-02-09 09:00:00,20260209,96.7,,,20260210,20260211,5.38,5.21,-0.03159851301115235,-0.03508023212945821,0.0074349442379182396,-0.03903345724907059,0,"{""rec_date"": ""20260209"", ""strategy_type"": ""多元金融""}",,NEUTRAL
pre_market_recommendation,buy,3,000415.SZ,渤海租赁,pre_market_selection,2026-02-09 09:00:00,20260209,96.7,,,20260210,20260212,5.38,5.15,-0.0427509293680296,-0.046192551912996094,0.0074349442379182396,-0.052044609665427566,0,"{""rec_date"": ""20260209"", ""strategy_type"": ""多元金融""}",,NEUTRAL
pre_market_recommendation,buy,4,000415.SZ,渤海租赁,pre_market_selection,2026-02-09 09:00:00,20260209,96.7,,,20260210,20260213,5.38,5.16,-0.040892193308550095,-0.04434049861573974,0.0074349442379182396,-0.05390334572490707,0,"{""rec_date"": ""20260209"", ""strategy_type"": ""多元金融""}",,NEUTRAL
pre_market_recommendation,buy,5,000415.SZ,渤海租赁,pre_market_selection,2026-02-09 09:00:00,20260209,96.7,,,20260210,20260224,5.38,5.31,-0.013011152416356975,-0.016559699156895147,0.0074349442379182396,-0.05390334572490707,0,"{""rec_date"": ""20260209"", ""strategy_type"": ""多元金融""}",,NEUTRAL
pre_market_recommendation,buy,2,603729.SH,龙韵股份,pre_market_selection,2026-02-10 09:00:00,20260210,98.0,,,20260211,20260212,23.76,21.38,-0.10016835016835024,-0.10340353836309102,0.0,-0.10016835016835024,0,"{""rec_date"": ""20260210"", ""strategy_type"": ""广告包装""}",,NEUTRAL
pre_market_recommendation,buy,3,603729.SH,龙韵股份,pre_market_selection,2026-02-10 09:00:00,20260210,98.0,,,20260211,20260213,23.76,19.25,-0.18981481481481488,-0.19272769473758178,0.0,-0.1902356902356903,0,"{""rec_date"": ""20260210"", ""strategy_type"": ""广告包装""}",,NEUTRAL
pre_market_recommendation,buy,4,603729.SH,龙韵股份,pre_market_selection,2026-02-10 09:00:00,20260210,98.0,,,20260211,20260224,23.76,19.08,-0.19696969696969713,-0.19985685275808118,0.0,-0.21085858585858586,0,"{""rec_date"": ""20260210"", ""strategy_type"": ""广告包装""}",,NEUTRAL
pre_market_recommendation,buy,5,603729.SH,龙韵股份,pre_market_selection,2026-02-10 09:00:00,20260210,98.0,,,20260211,20260225,23.76,18.92,-0.20370370370370372,-0.2065666485420804,0.0,-0.21085858585858586,0,"{""rec_date"": ""20260210"", ""strategy_type"": ""广告包装""}",,NEUTRAL
pre_market_recommendation,buy,2,603968.SH,醋化股份,pre_market_selection,2026-02-10 09:00:00,20260210,98.0,,,20260211,20260212,15.0,16.13,0.07533333333333325,0.07146715935949954,0.0973333333333335,-0.03733333333333333,1,"{""rec_date"": ""20260210"", ""strategy_type"": ""化工原料""}",,NEUTRAL
pre_market_recommendation,buy,3,603968.SH,醋化股份,pre_market_selection,2026-02-10 09:00:00,20260210,98.0,,,20260211,20260213,15.0,16.17,0.07800000000000007,0.07412423848996341,0.10999999999999988,-0.03733333333333333,1,"{""rec_date"": ""20260210"", ""strategy_type"": ""化工原料""}",,NEUTRAL
pre_market_recommendation,buy,4,603968.SH,醋化股份,pre_market_selection,2026-02-10 09:00:00,20260210,98.0,,,20260211,20260224,15.0,17.0,0.1333333333333333,0.12925863044708574,0.18333333333333335,-0.03733333333333333,1,"{""rec_date"": ""20260210"", ""strategy_type"": ""化工原料""}",,NEUTRAL
pre_market_recommendation,buy,5,603968.SH,醋化股份,pre_market_selection,2026-02-10 09:00:00,20260210,98.0,,,20260211,20260225,15.0,16.8,0.1200000000000001,0.11597323479476707,0.18333333333333335,-0.03733333333333333,1,"{""rec_date"": ""20260210"", ""strategy_type"": ""化工原料""}",,NEUTRAL
pre_market_recommendation,buy,2,000703.SZ,恒逸石化,pre_market_selection,2026-02-10 09:00:00,20260210,97.6,,,20260211,20260212,13.4,13.2,-0.014925373134328401,-0.01846703762720392,0.029104477611940238,-0.027611940298507553,0,"{""rec_date"": ""20260210"", ""strategy_type"": ""化纤""}",,NEUTRAL
pre_market_recommendation,buy,3,000703.SZ,恒逸石化,pre_market_selection,2026-02-10 09:00:00,20260210,97.6,,,20260211,20260213,13.4,12.74,-0.04925373134328359,-0.05267197419474068,0.029104477611940238,-0.052238805970149294,0,"{""rec_date"": ""20260210"", ""strategy_type"": ""化纤""}",,NEUTRAL
pre_market_recommendation,buy,4,000703.SZ,恒逸石化,pre_market_selection,2026-02-10 09:00:00,20260210,97.6,,,20260211,20260224,13.4,12.72,-0.05074626865671639,-0.054159145349851,0.029104477611940238,-0.052238805970149294,0,"{""rec_date"": ""20260210"", ""strategy_type"": ""化纤""}",,NEUTRAL
pre_market_recommendation,buy,5,000703.SZ,恒逸石化,pre_market_selection,2026-02-10 09:00:00,20260210,97.6,,,20260211,20260225,13.4,12.63,-0.057462686567164134,-0.06085141554784723,0.029104477611940238,-0.07462686567164178,0,"{""rec_date"": ""20260210"", ""strategy_type"": ""化纤""}",,NEUTRAL
pre_market_recommendation,buy,2,000070.SZ,特发信息,pre_market_selection,2026-02-10 09:00:00,20260210,97.5,,,20260211,20260212,17.73,19.5,0.09983079526226724,0.09587654492476205,0.09983079526226724,0.0,1,"{""rec_date"": ""20260210"", ""strategy_type"": ""通信设备""}",,NEUTRAL
pre_market_recommendation,buy,3,000070.SZ,特发信息,pre_market_selection,2026-02-10 09:00:00,20260210,97.5,,,20260211,20260213,17.73,17.55,-0.010152284263959421,-0.01371110956771393,0.12746756909193446,-0.010152284263959421,0,"{""rec_date"": ""20260210"", ""strategy_type"": ""通信设备""}",,NEUTRAL
pre_market_recommendation,buy,4,000070.SZ,特发信息,pre_market_selection,2026-02-10 09:00:00,20260210,97.5,,,20260211,20260224,17.73,18.2,0.026508742244782724,0.02281810859644451,0.12746756909193446,-0.010152284263959421,1,"{""rec_date"": ""20260210"", ""strategy_type"": ""通信设备""}",,NEUTRAL
pre_market_recommendation,buy,5,000070.SZ,特发信息,pre_market_selection,2026-02-10 09:00:00,20260210,97.5,,,20260211,20260225,17.73,18.14,0.023124647490129657,0.019446180765906984,0.12746756909193446,-0.010152284263959421,1,"{""rec_date"": ""20260210"", ""strategy_type"": ""通信设备""}",,NEUTRAL
pre_market_recommendation,buy,2,002323.SZ,雅博股份,pre_market_selection,2026-02-10 09:00:00,20260210,97.5,,,20260211,20260212,2.29,2.62,0.14410480349344978,0.13999137365965764,0.14410480349344978,-0.03493449781659397,1,"{""rec_date"": ""20260210"", ""strategy_type"": ""建筑工程""}",,NEUTRAL
pre_market_recommendation,buy,3,002323.SZ,雅博股份,pre_market_selection,2026-02-10 09:00:00,20260210,97.5,,,20260211,20260213,2.29,2.36,0.03056768558951961,0.02686245871633286,0.20087336244541487,-0.03493449781659397,1,"{""rec_date"": ""20260210"", ""strategy_type"": ""建筑工程""}",,NEUTRAL
pre_market_recommendation,buy,4,002323.SZ,雅博股份,pre_market_selection,2026-02-10 09:00:00,20260210,97.5,,,20260211,20260224,2.29,2.24,-0.02183406113537112,-0.025350886642124704,0.20087336244541487,-0.056768558951964976,0,"{""rec_date"": ""20260210"", ""strategy_type"": ""建筑工程""}",,NEUTRAL
pre_market_recommendation,buy,5,002323.SZ,雅博股份,pre_market_selection,2026-02-10 09:00:00,20260210,97.5,,,20260211,20260225,2.29,2.33,0.017467248908296984,0.013809122376718275,0.20087336244541487,-0.056768558951964976,1,"{""rec_date"": ""20260210"", ""strategy_type"": ""建筑工程""}",,NEUTRAL
pre_market_recommendation,buy,2,002506.SZ,协鑫集成,pre_market_selection,2026-02-10 09:00:00,20260210,97.5,,,20260211,20260212,5.27,4.77,-0.09487666034155595,-0.09813087388671748,0.08918406072106277,-0.1024667931688803,0,"{""rec_date"": ""20260210"", ""strategy_type"": ""电气设备""}",,NEUTRAL
pre_market_recommendation,buy,3,002506.SZ,协鑫集成,pre_market_selection,2026-02-10 09:00:00,20260210,97.5,,,20260211,20260213,5.27,4.31,-0.18216318785578745,-0.18510357787248488,0.08918406072106277,-0.18406072106261862,0,"{""rec_date"": ""20260210"", ""strategy_type"": ""电气设备""}",,NEUTRAL
pre_market_recommendation,buy,4,002506.SZ,协鑫集成,pre_market_selection,2026-02-10 09:00:00,20260210,97.5,,,20260211,20260224,5.27,4.74,-0.10056925996204924,-0.10380300675535437,0.08918406072106277,-0.18406072106261862,0,"{""rec_date"": ""20260210"", ""strategy_type"": ""电气设备""}",,NEUTRAL
pre_market_recommendation,buy,5,002506.SZ,协鑫集成,pre_market_selection,2026-02-10 09:00:00,20260210,97.5,,,20260211,20260225,5.27,4.88,-0.07400379506641364,-0.0773330533683817,0.08918406072106277,-0.18406072106261862,0,"{""rec_date"": ""20260210"", ""strategy_type"": ""电气设备""}",,NEUTRAL
pre_market_recommendation,buy,2,603150.SH,万朗磁塑,pre_market_selection,2026-02-10 09:00:00,20260210,97.5,,,20260211,20260212,57.8,64.55,0.1167820069204153,0.11276681144961387,0.14134948096885824,-0.01072664359861586,1,"{""rec_date"": ""20260210"", ""strategy_type"": ""塑料""}",,NEUTRAL
pre_market_recommendation,buy,3,603150.SH,万朗磁塑,pre_market_selection,2026-02-10 09:00:00,20260210,97.5,,,20260211,20260213,57.8,61.38,0.06193771626297595,0.058119703900500586,0.14134948096885824,-0.01072664359861586,1,"{""rec_date"": ""20260210"", ""strategy_type"": ""塑料""}",,NEUTRAL
pre_market_recommendation,buy,4,603150.SH,万朗磁塑,pre_market_selection,2026-02-10 09:00:00,20260210,97.5,,,20260211,20260224,57.8,60.31,0.043425605536332235,0.03967415024827625,0.14134948096885824,-0.01072664359861586,1,"{""rec_date"": ""20260210"", ""strategy_type"": ""塑料""}",,NEUTRAL
pre_market_recommendation,buy,5,603150.SH,万朗磁塑,pre_market_selection,2026-02-10 09:00:00,20260210,97.5,,,20260211,20260225,57.8,58.07,0.004671280276816736,0.0010591594249278469,0.14134948096885824,-0.01072664359861586,1,"{""rec_date"": ""20260210"", ""strategy_type"": ""塑料""}",,NEUTRAL
pre_market_recommendation,buy,2,603980.SH,吉华集团,pre_market_selection,2026-02-10 09:00:00,20260210,97.5,,,20260211,20260212,8.35,8.64,0.03473053892215572,0.03101034523383106,0.07305389221556902,-0.053892215568862145,1,"{""rec_date"": ""20260210"", ""strategy_type"": ""染料涂料""}",,NEUTRAL
pre_market_recommendation,buy,3,603980.SH,吉华集团,pre_market_selection,2026-02-10 09:00:00,20260210,97.5,,,20260211,20260213,8.35,7.78,-0.06826347305389213,-0.07161336968527732,0.07305389221556902,-0.06826347305389213,0,"{""rec_date"": ""20260210"", ""strategy_type"": ""染料涂料""}",,NEUTRAL
pre_market_recommendation,buy,4,603980.SH,吉华集团,pre_market_selection,2026-02-10 09:00:00,20260210,97.5,,,20260211,20260224,8.35,8.26,-0.010778443113772407,-0.01433501717228669,0.07305389221556902,-0.07065868263473052,0,"{""rec_date"": ""20260210"", ""strategy_type"": ""染料涂料""}",,NEUTRAL
pre_market_recommendation,buy,5,603980.SH,吉华集团,pre_market_selection,2026-02-10 09:00:00,20260210,97.5,,,20260211,20260225,8.35,8.4,0.005988023952095967,0.0023711689773355804,0.07305389221556902,-0.07065868263473052,1,"{""rec_date"": ""20260210"", ""strategy_type"": ""染料涂料""}",,NEUTRAL
pre_market_recommendation,buy,2,002957.SZ,科瑞技术,pre_market_selection,2026-02-10 09:00:00,20260210,96.4,,,20260211,20260212,29.3,31.5,0.07508532423208192,0.07122004193183673,0.0911262798634811,-0.015358361774744034,1,"{""rec_date"": ""20260210"", ""strategy_type"": ""专用机械""}",,NEUTRAL
pre_market_recommendation,buy,3,002957.SZ,科瑞技术,pre_market_selection,2026-02-10 09:00:00,20260210,96.4,,,20260211,20260213,29.3,28.35,-0.03242320819112621,-0.03590196226134679,0.0911262798634811,-0.03242320819112621,0,"{""rec_date"": ""20260210"", ""strategy_type"": ""专用机械""}",,NEUTRAL
pre_market_recommendation,buy,4,002957.SZ,科瑞技术,pre_market_selection,2026-02-10 09:00:00,20260210,96.4,,,20260211,20260224,29.3,28.51,-0.02696245733788394,-0.030460844588042213,0.0911262798634811,-0.05119453924914674,0,"{""rec_date"": ""20260210"", ""strategy_type"": ""专用机械""}",,NEUTRAL
pre_market_recommendation,buy,5,002957.SZ,科瑞技术,pre_market_selection,2026-02-10 09:00:00,20260210,96.4,,,20260211,20260225,29.3,28.09,-0.04129692832764509,-0.044743778480466734,0.0911262798634811,-0.0645051194539249,0,"{""rec_date"": ""20260210"", ""strategy_type"": ""专用机械""}",,NEUTRAL
pre_market_recommendation,buy,2,002491.SZ,通鼎互联,pre_market_selection,2026-02-10 09:00:00,20260210,95.5,,,20260211,20260212,9.51,10.29,0.08201892744479489,0.07812871658011789,0.12302839116719233,-0.022082018927444658,1,"{""rec_date"": ""20260210"", ""strategy_type"": ""通信设备""}",,NEUTRAL
pre_market_recommendation,buy,3,002491.SZ,通鼎互联,pre_market_selection,2026-02-10 09:00:00,20260210,95.5,,,20260211,20260213,9.51,9.26,-0.02628811777076756,-0.02978892949155565,0.12302839116719233,-0.02628811777076756,0,"{""rec_date"": ""20260210"", ""strategy_type"": ""通信设备""}",,NEUTRAL
pre_market_recommendation,buy,4,002491.SZ,通鼎互联,pre_market_selection,2026-02-10 09:00:00,20260210,95.5,,,20260211,20260224,9.51,10.19,0.07150368033648791,0.06765127521393599,0.12302839116719233,-0.02628811777076756,1,"{""rec_date"": ""20260210"", ""strategy_type"": ""通信设备""}",,NEUTRAL
pre_market_recommendation,buy,5,002491.SZ,通鼎互联,pre_market_selection,2026-02-10 09:00:00,20260210,95.5,,,20260211,20260225,9.51,9.53,0.002103049421661396,-0.0014998378028646675,0.12302839116719233,-0.02628811777076756,0,"{""rec_date"": ""20260210"", ""strategy_type"": ""通信设备""}",,NEUTRAL
pre_market_recommendation,buy,2,603729.SH,龙韵股份,pre_market_selection,2026-02-11 09:00:00,20260211,98.0,,,20260212,20260213,23.19,19.25,-0.16990081931867185,-0.17288529654872542,0.0,-0.17033203967227262,0,"{""rec_date"": ""20260211"", ""strategy_type"": ""广告包装""}",,NEUTRAL
pre_market_recommendation,buy,3,603729.SH,龙韵股份,pre_market_selection,2026-02-11 09:00:00,20260211,98.0,,,20260212,20260224,23.19,19.08,-0.1772315653298837,-0.18018968613764585,0.0,-0.19146183699870634,0,"{""rec_date"": ""20260211"", ""strategy_type"": ""广告包装""}",,NEUTRAL
pre_market_recommendation,buy,4,603729.SH,龙韵股份,pre_market_selection,2026-02-11 09:00:00,20260211,98.0,,,20260212,20260225,23.19,18.92,-0.18413109098749458,-0.18706440575074723,0.0,-0.19146183699870634,0,"{""rec_date"": ""20260211"", ""strategy_type"": ""广告包装""}",,NEUTRAL
pre_market_recommendation,buy,5,603729.SH,龙韵股份,pre_market_selection,2026-02-11 09:00:00,20260211,98.0,,,20260212,20260226,23.19,18.91,-0.18456231134109535,-0.18749407572656607,0.0,-0.1953428201811126,0,"{""rec_date"": ""20260211"", ""strategy_type"": ""广告包装""}",,NEUTRAL
pre_market_recommendation,buy,2,603968.SH,醋化股份,pre_market_selection,2026-02-11 09:00:00,20260211,98.0,,,20260212,20260213,15.48,16.17,0.04457364341085279,0.04081806055229009,0.07558139534883712,-0.036821705426356655,1,"{""rec_date"": ""20260211"", ""strategy_type"": ""化工原料""}",,NEUTRAL
pre_market_recommendation,buy,3,603968.SH,醋化股份,pre_market_selection,2026-02-11 09:00:00,20260211,98.0,,,20260212,20260224,15.48,17.0,0.09819121447028412,0.09424285896035434,0.14664082687338498,-0.036821705426356655,1,"{""rec_date"": ""20260211"", ""strategy_type"": ""化工原料""}",,NEUTRAL
pre_market_recommendation,buy,4,603968.SH,醋化股份,pre_market_selection,2026-02-11 09:00:00,20260211,98.0,,,20260212,20260225,15.48,16.8,0.0852713178294573,0.08136941356082072,0.14664082687338498,-0.036821705426356655,1,"{""rec_date"": ""20260211"", ""strategy_type"": ""化工原料""}",,NEUTRAL
pre_market_recommendation,buy,5,603968.SH,醋化股份,pre_market_selection,2026-02-11 09:00:00,20260211,98.0,,,20260212,20260226,15.48,16.36,0.056847545219638196,0.053047833681846956,0.14664082687338498,-0.036821705426356655,1,"{""rec_date"": ""20260211"", ""strategy_type"": ""化工原料""}",,NEUTRAL
pre_market_recommendation,buy,2,000517.SZ,荣安地产,pre_market_selection,2026-02-11 09:00:00,20260211,97.7,,,20260212,20260213,2.23,2.21,-0.008968609865470878,-0.012531690864656109,0.08071748878923768,-0.026905829596412634,0,"{""rec_date"": ""20260211"", ""strategy_type"": ""区域地产""}",,NEUTRAL
pre_market_recommendation,buy,3,000517.SZ,荣安地产,pre_market_selection,2026-02-11 09:00:00,20260211,97.7,,,20260212,20260224,2.23,2.23,0.0,-0.003595326076100802,0.08071748878923768,-0.053811659192825156,0,"{""rec_date"": ""20260211"", ""strategy_type"": ""区域地产""}",,NEUTRAL
pre_market_recommendation,buy,4,000517.SZ,荣安地产,pre_market_selection,2026-02-11 09:00:00,20260211,97.7,,,20260212,20260225,2.23,2.22,-0.004484304932735328,-0.008063508470378511,0.08071748878923768,-0.053811659192825156,0,"{""rec_date"": ""20260211"", ""strategy_type"": ""区域地产""}",,NEUTRAL
pre_market_recommendation,buy,5,000517.SZ,荣安地产,pre_market_selection,2026-02-11 09:00:00,20260211,97.7,,,20260212,20260226,2.23,2.14,-0.04035874439461873,-0.04380896762459907,0.08071748878923768,-0.053811659192825156,0,"{""rec_date"": ""20260211"", ""strategy_type"": ""区域地产""}",,NEUTRAL
pre_market_recommendation,buy,2,000070.SZ,特发信息,pre_market_selection,2026-02-11 09:00:00,20260211,97.5,,,20260212,20260213,19.5,17.55,-0.09999999999999998,-0.10323579346849066,0.025128205128205128,-0.09999999999999998,0,"{""rec_date"": ""20260211"", ""strategy_type"": ""通信设备""}",,NEUTRAL
pre_market_recommendation,buy,3,000070.SZ,特发信息,pre_market_selection,2026-02-11 09:00:00,20260211,97.5,,,20260212,20260224,19.5,18.2,-0.06666666666666665,-0.07002230433769419,0.025128205128205128,-0.09999999999999998,0,"{""rec_date"": ""20260211"", ""strategy_type"": ""通信设备""}",,NEUTRAL
pre_market_recommendation,buy,4,000070.SZ,特发信息,pre_market_selection,2026-02-11 09:00:00,20260211,97.5,,,20260212,20260225,19.5,18.14,-0.06974358974358974,-0.07308816487284453,0.025128205128205128,-0.09999999999999998,0,"{""rec_date"": ""20260211"", ""strategy_type"": ""通信设备""}",,NEUTRAL
pre_market_recommendation,buy,5,000070.SZ,特发信息,pre_market_selection,2026-02-11 09:00:00,20260211,97.5,,,20260212,20260226,19.5,18.12,-0.0707692307692307,-0.07411011838456127,0.025128205128205128,-0.09999999999999998,0,"{""rec_date"": ""20260211"", ""strategy_type"": ""通信设备""}",,NEUTRAL
pre_market_recommendation,buy,2,002323.SZ,雅博股份,pre_market_selection,2026-02-11 09:00:00,20260211,97.5,,,20260212,20260213,2.36,2.36,0.0,-0.003595326076100913,0.1652542372881356,-0.06355932203389825,0,"{""rec_date"": ""20260211"", ""strategy_type"": ""建筑工程""}",,NEUTRAL
pre_market_recommendation,buy,3,002323.SZ,雅博股份,pre_market_selection,2026-02-11 09:00:00,20260211,97.5,,,20260212,20260224,2.36,2.24,-0.05084745762711851,-0.054259970512909206,0.1652542372881356,-0.08474576271186429,0,"{""rec_date"": ""20260211"", ""strategy_type"": ""建筑工程""}",,NEUTRAL
pre_market_recommendation,buy,4,002323.SZ,雅博股份,pre_market_selection,2026-02-11 09:00:00,20260211,97.5,,,20260212,20260225,2.36,2.33,-0.012711864406779627,-0.01626148718530296,0.1652542372881356,-0.08474576271186429,0,"{""rec_date"": ""20260211"", ""strategy_type"": ""建筑工程""}",,NEUTRAL
pre_market_recommendation,buy,5,002323.SZ,雅博股份,pre_market_selection,2026-02-11 09:00:00,20260211,97.5,,,20260212,20260226,2.36,2.48,0.05084745762711873,0.0470693183607076,0.1652542372881356,-0.08474576271186429,1,"{""rec_date"": ""20260211"", ""strategy_type"": ""建筑工程""}",,NEUTRAL
pre_market_recommendation,buy,2,002992.SZ,宝明科技,pre_market_selection,2026-02-11 09:00:00,20260211,97.5,,,20260212,20260213,57.43,56.95,-0.00835800104475004,-0.011923277381750585,0.001741250217656365,-0.03325787915723488,0,"{""rec_date"": ""20260211"", ""strategy_type"": ""元器件""}",,NEUTRAL
pre_market_recommendation,buy,3,002992.SZ,宝明科技,pre_market_selection,2026-02-11 09:00:00,20260211,97.5,,,20260212,20260224,57.43,56.78,-0.011318126414765817,-0.01487276013583494,0.001741250217656365,-0.03325787915723488,0,"{""rec_date"": ""20260211"", ""strategy_type"": ""元器件""}",,NEUTRAL
pre_market_recommendation,buy,4,002992.SZ,宝明科技,pre_market_selection,2026-02-11 09:00:00,20260211,97.5,,,20260212,20260225,57.43,57.01,-0.007313250914156355,-0.010882283468544474,0.00592025074003133,-0.03325787915723488,0,"{""rec_date"": ""20260211"", ""strategy_type"": ""元器件""}",,NEUTRAL
pre_market_recommendation,buy,5,002992.SZ,宝明科技,pre_market_selection,2026-02-11 09:00:00,20260211,97.5,,,20260212,20260226,57.43,57.6,0.002960125370015776,-0.0006458433220165594,0.006442625805328284,-0.03325787915723488,0,"{""rec_date"": ""20260211"", ""strategy_type"": ""元器件""}",,NEUTRAL
pre_market_recommendation,buy,2,603629.SH,利通电子,pre_market_selection,2026-02-11 09:00:00,20260211,97.5,,,20260212,20260213,61.1,57.47,-0.05941080196399351,-0.06279252683459113,0.025859247135842756,-0.0639934533551555,0,"{""rec_date"": ""20260211"", ""strategy_type"": ""元器件""}",,NEUTRAL
pre_market_recommendation,buy,3,603629.SH,利通电子,pre_market_selection,2026-02-11 09:00:00,20260211,97.5,,,20260212,20260224,61.1,55.84,-0.08608837970540095,-0.08937418998509761,0.025859247135842756,-0.12176759410801974,0,"{""rec_date"": ""20260211"", ""strategy_type"": ""元器件""}",,NEUTRAL
pre_market_recommendation,buy,4,603629.SH,利通电子,pre_market_selection,2026-02-11 09:00:00,20260211,97.5,,,20260212,20260225,61.1,53.7,-0.1211129296235679,-0.12427281522564015,0.025859247135842756,-0.14026186579378064,0,"{""rec_date"": ""20260211"", ""strategy_type"": ""元器件""}",,NEUTRAL
pre_market_recommendation,buy,5,603629.SH,利通电子,pre_market_selection,2026-02-11 09:00:00,20260211,97.5,,,20260212,20260226,61.1,53.2,-0.12929623567921433,-0.1324266996276361,0.025859247135842756,-0.14238952536824878,0,"{""rec_date"": ""20260211"", ""strategy_type"": ""元器件""}",,NEUTRAL
pre_market_recommendation,buy,2,603980.SH,吉华集团,pre_market_selection,2026-02-11 09:00:00,20260211,97.5,,,20260212,20260213,8.4,7.78,-0.07380952380952377,-0.07713948058000775,0.06666666666666665,-0.07380952380952377,0,"{""rec_date"": ""20260211"", ""strategy_type"": ""染料涂料""}",,NEUTRAL
pre_market_recommendation,buy,3,603980.SH,吉华集团,pre_market_selection,2026-02-11 09:00:00,20260211,97.5,,,20260212,20260224,8.4,8.26,-0.01666666666666672,-0.02020207064149926,0.06666666666666665,-0.07619047619047625,0,"{""rec_date"": ""20260211"", ""strategy_type"": ""染料涂料""}",,NEUTRAL
pre_market_recommendation,buy,4,603980.SH,吉华集团,pre_market_selection,2026-02-11 09:00:00,20260211,97.5,,,20260212,20260225,8.4,8.4,0.0,-0.003595326076101024,0.06666666666666665,-0.07619047619047625,0,"{""rec_date"": ""20260211"", ""strategy_type"": ""染料涂料""}",,NEUTRAL
pre_market_recommendation,buy,5,603980.SH,吉华集团,pre_market_selection,2026-02-11 09:00:00,20260211,97.5,,,20260212,20260226,8.4,8.24,-0.01904761904761909,-0.022574462722270483,0.06666666666666665,-0.07619047619047625,0,"{""rec_date"": ""20260211"", ""strategy_type"": ""染料涂料""}",,NEUTRAL
pre_market_recommendation,buy,2,002969.SZ,嘉美包装,pre_market_selection,2026-02-11 09:00:00,20260211,97.1,,,20260212,20260213,31.6,30.05,-0.049050632911392444,-0.052469605967937705,0.06139240506329102,-0.049050632911392444,0,"{""rec_date"": ""20260211"", ""strategy_type"": ""广告包装""}",,NEUTRAL
pre_market_recommendation,buy,3,002969.SZ,嘉美包装,pre_market_selection,2026-02-11 09:00:00,20260211,97.1,,,20260212,20260224,31.6,29.22,-0.0753164556962026,-0.07864099455517937,0.06139240506329102,-0.14240506329113922,0,"{""rec_date"": ""20260211"", ""strategy_type"": ""广告包装""}",,NEUTRAL
pre_market_recommendation,buy,4,002969.SZ,嘉美包装,pre_market_selection,2026-02-11 09:00:00,20260211,97.1,,,20260212,20260225,31.6,26.4,-0.16455696202531656,-0.16756065216484384,0.06139240506329102,-0.16772151898734178,0,"{""rec_date"": ""20260211"", ""strategy_type"": ""广告包装""}",,NEUTRAL
pre_market_recommendation,buy,5,002969.SZ,嘉美包装,pre_market_selection,2026-02-11 09:00:00,20260211,97.1,,,20260212,20260226,31.6,23.76,-0.2481012658227848,-0.2508045869483594,0.06139240506329102,-0.2481012658227848,0,"{""rec_date"": ""20260211"", ""strategy_type"": ""广告包装""}",,NEUTRAL
pre_market_recommendation,buy,2,603188.SH,亚邦股份,pre_market_selection,2026-02-11 09:00:00,20260211,97.1,,,20260212,20260213,6.01,5.71,-0.04991680532445919,-0.05333266420874139,0.006655574043261225,-0.0515806988352745,0,"{""rec_date"": ""20260211"", ""strategy_type"": ""染料涂料""}",,NEUTRAL
pre_market_recommendation,buy,3,603188.SH,亚邦股份,pre_market_selection,2026-02-11 09:00:00,20260211,97.1,,,20260212,20260224,6.01,5.82,-0.03161397670549082,-0.03509564022677303,0.006655574043261225,-0.0532445923460898,0,"{""rec_date"": ""20260211"", ""strategy_type"": ""染料涂料""}",,NEUTRAL
pre_market_recommendation,buy,4,603188.SH,亚邦股份,pre_market_selection,2026-02-11 09:00:00,20260211,97.1,,,20260212,20260225,6.01,5.92,-0.014975041597337757,-0.018516527515892944,0.01830282861896837,-0.0532445923460898,0,"{""rec_date"": ""20260211"", ""strategy_type"": ""染料涂料""}",,NEUTRAL
pre_market_recommendation,buy,5,603188.SH,亚邦股份,pre_market_selection,2026-02-11 09:00:00,20260211,97.1,,,20260212,20260226,6.01,5.81,-0.03327787021630624,-0.0367535514978613,0.04492512479201349,-0.0532445923460898,0,"{""rec_date"": ""20260211"", ""strategy_type"": ""染料涂料""}",,NEUTRAL
pre_market_recommendation,buy,2,001896.SZ,豫能控股,pre_market_selection,2026-02-12 09:00:00,20260212,98.0,,,20260213,20260224,9.12,10.03,0.09978070175438591,0.0958266315193761,0.09978070175438591,0.0,1,"{""rec_date"": ""20260212"", ""strategy_type"": ""火力发电""}",,NEUTRAL
pre_market_recommendation,buy,3,001896.SZ,豫能控股,pre_market_selection,2026-02-12 09:00:00,20260212,98.0,,,20260213,20260225,9.12,11.03,0.20942982456140347,0.20508152997594387,0.20942982456140347,0.0,1,"{""rec_date"": ""20260212"", ""strategy_type"": ""火力发电""}",,NEUTRAL
pre_market_recommendation,buy,4,001896.SZ,豫能控股,pre_market_selection,2026-02-12 09:00:00,20260212,98.0,,,20260213,20260226,9.12,12.13,0.3300438596491231,0.32526191827816864,0.3300438596491231,0.0,1,"{""rec_date"": ""20260212"", ""strategy_type"": ""火力发电""}",,NEUTRAL
pre_market_recommendation,buy,5,001896.SZ,豫能控股,pre_market_selection,2026-02-12 09:00:00,20260212,98.0,,,20260213,20260227,9.12,13.34,0.4627192982456141,0.45746034541061587,0.4627192982456141,0.0,1,"{""rec_date"": ""20260212"", ""strategy_type"": ""火力发电""}",,NEUTRAL
pre_market_recommendation,buy,2,000070.SZ,特发信息,pre_market_selection,2026-02-12 09:00:00,20260212,97.5,,,20260213,20260224,19.0,18.2,-0.04210526315789476,-0.045549207083422916,0.052105263157894655,-0.07631578947368423,0,"{""rec_date"": ""20260212"", ""strategy_type"": ""通信设备""}",,NEUTRAL
pre_market_recommendation,buy,3,000070.SZ,特发信息,pre_market_selection,2026-02-12 09:00:00,20260212,97.5,,,20260213,20260225,19.0,18.14,-0.04526315789473678,-0.04869574815897204,0.052105263157894655,-0.07631578947368423,0,"{""rec_date"": ""20260212"", ""strategy_type"": ""通信设备""}",,NEUTRAL
pre_market_recommendation,buy,4,000070.SZ,特发信息,pre_market_selection,2026-02-12 09:00:00,20260212,97.5,,,20260213,20260226,19.0,18.12,-0.0463157894736842,-0.04974459518415497,0.052105263157894655,-0.07631578947368423,0,"{""rec_date"": ""20260212"", ""strategy_type"": ""通信设备""}",,NEUTRAL
pre_market_recommendation,buy,5,000070.SZ,特发信息,pre_market_selection,2026-02-12 09:00:00,20260212,97.5,,,20260213,20260227,19.0,17.87,-0.059473684210526234,-0.06285518299894333,0.052105263157894655,-0.14105263157894732,0,"{""rec_date"": ""20260212"", ""strategy_type"": ""通信设备""}",,NEUTRAL
pre_market_recommendation,buy,2,002323.SZ,雅博股份,pre_market_selection,2026-02-12 09:00:00,20260212,97.5,,,20260213,20260224,2.68,2.24,-0.16417910447761186,-0.16718415313823354,0.026119402985074647,-0.19402985074626866,0,"{""rec_date"": ""20260212"", ""strategy_type"": ""建筑工程""}",,NEUTRAL
pre_market_recommendation,buy,3,002323.SZ,雅博股份,pre_market_selection,2026-02-12 09:00:00,20260212,97.5,,,20260213,20260225,2.68,2.33,-0.13059701492537312,-0.13372280214825194,0.026119402985074647,-0.19402985074626866,0,"{""rec_date"": ""20260212"", ""strategy_type"": ""建筑工程""}",,NEUTRAL
pre_market_recommendation,buy,4,002323.SZ,雅博股份,pre_market_selection,2026-02-12 09:00:00,20260212,97.5,,,20260213,20260226,2.68,2.48,-0.0746268656716419,-0.07795388383161583,0.026119402985074647,-0.19402985074626866,0,"{""rec_date"": ""20260212"", ""strategy_type"": ""建筑工程""}",,NEUTRAL
pre_market_recommendation,buy,5,002323.SZ,雅博股份,pre_market_selection,2026-02-12 09:00:00,20260212,97.5,,,20260213,20260227,2.68,2.42,-0.09701492537313439,-0.10026145115827034,0.026119402985074647,-0.19402985074626866,0,"{""rec_date"": ""20260212"", ""strategy_type"": ""建筑工程""}",,NEUTRAL
pre_market_recommendation,buy,2,002842.SZ,翔鹭钨业,pre_market_selection,2026-02-12 09:00:00,20260212,97.5,,,20260213,20260224,37.59,35.85,-0.04628890662410223,-0.04971780898718314,0.03617983506251665,-0.04735301942005854,0,"{""rec_date"": ""20260212"", ""strategy_type"": ""小金属""}",,NEUTRAL
pre_market_recommendation,buy,3,002842.SZ,翔鹭钨业,pre_market_selection,2026-02-12 09:00:00,20260212,97.5,,,20260213,20260225,37.59,37.5,-0.002394253790901968,-0.005980971743915653,0.03617983506251665,-0.05187549880287312,0,"{""rec_date"": ""20260212"", ""strategy_type"": ""小金属""}",,NEUTRAL
pre_market_recommendation,buy,4,002842.SZ,翔鹭钨业,pre_market_selection,2026-02-12 09:00:00,20260212,97.5,,,20260213,20260226,37.59,37.78,0.005054535780792735,0.00144103700039655,0.07023144453312025,-0.05187549880287312,1,"{""rec_date"": ""20260212"", ""strategy_type"": ""小金属""}",,NEUTRAL
pre_market_recommendation,buy,5,002842.SZ,翔鹭钨业,pre_market_selection,2026-02-12 09:00:00,20260212,97.5,,,20260213,20260227,37.59,41.56,0.10561319499866983,0.10163815504860985,0.10561319499866983,-0.05187549880287312,1,"{""rec_date"": ""20260212"", ""strategy_type"": ""小金属""}",,NEUTRAL
pre_market_recommendation,buy,2,600176.SH,中国巨石,pre_market_selection,2026-02-12 09:00:00,20260212,97.5,,,20260213,20260224,26.8,28.3,0.05597014925373145,0.052173592240535305,0.05597014925373145,-0.045149253731343264,1,"{""rec_date"": ""20260212"", ""strategy_type"": ""玻璃""}",,NEUTRAL
pre_market_recommendation,buy,3,600176.SH,中国巨石,pre_market_selection,2026-02-12 09:00:00,20260212,97.5,,,20260213,20260225,26.8,27.62,0.030597014925373145,0.02689168260366026,0.06641791044776113,-0.045149253731343264,1,"{""rec_date"": ""20260212"", ""strategy_type"": ""玻璃""}",,NEUTRAL
pre_market_recommendation,buy,4,600176.SH,中国巨石,pre_market_selection,2026-02-12 09:00:00,20260212,97.5,,,20260213,20260226,26.8,28.5,0.06343283582089554,0.0596094480160867,0.07761194029850738,-0.045149253731343264,1,"{""rec_date"": ""20260212"", ""strategy_type"": ""玻璃""}",,NEUTRAL
pre_market_recommendation,buy,5,600176.SH,中国巨石,pre_market_selection,2026-02-12 09:00:00,20260212,97.5,,,20260213,20260227,26.8,27.04,0.008955223880596996,0.005327700854560913,0.07761194029850738,-0.045149253731343264,1,"{""rec_date"": ""20260212"", ""strategy_type"": ""玻璃""}",,NEUTRAL
pre_market_recommendation,buy,2,600397.SH,江钨装备,pre_market_selection,2026-02-12 09:00:00,20260212,97.5,,,20260213,20260224,14.6,17.04,0.16712328767123275,0.16292709888104384,0.16712328767123275,0.0,1,"{""rec_date"": ""20260212"", ""strategy_type"": ""专用机械""}",,NEUTRAL
pre_market_recommendation,buy,3,600397.SH,江钨装备,pre_market_selection,2026-02-12 09:00:00,20260212,97.5,,,20260213,20260225,14.6,18.74,0.28356164383561633,0.2789468211872512,0.28356164383561633,0.0,1,"{""rec_date"": ""20260212"", ""strategy_type"": ""专用机械""}",,NEUTRAL
pre_market_recommendation,buy,4,600397.SH,江钨装备,pre_market_selection,2026-02-12 09:00:00,20260212,97.5,,,20260213,20260226,14.6,19.57,0.34041095890410955,0.3355917444308705,0.40000000000000013,0.0,1,"{""rec_date"": ""20260212"", ""strategy_type"": ""专用机械""}",,NEUTRAL
pre_market_recommendation,buy,5,600397.SH,江钨装备,pre_market_selection,2026-02-12 09:00:00,20260212,97.5,,,20260213,20260227,14.6,21.53,0.47465753424657553,0.46935565956038006,0.47465753424657553,0.0,1,"{""rec_date"": ""20260212"", ""strategy_type"": ""专用机械""}",,NEUTRAL
pre_market_recommendation,buy,2,603381.SH,永臻股份,pre_market_selection,2026-02-12 09:00:00,20260212,97.4,,,20260213,20260224,31.09,29.28,-0.058218076551945885,-0.06160408965931907,0.028948214860083477,-0.07687359279511097,0,"{""rec_date"": ""20260212"", ""strategy_type"": ""电气设备""}",,NEUTRAL
pre_market_recommendation,buy,3,603381.SH,永臻股份,pre_market_selection,2026-02-12 09:00:00,20260212,97.4,,,20260213,20260225,31.09,27.38,-0.11933097458990027,-0.12249726690137164,0.028948214860083477,-0.13991637182373762,0,"{""rec_date"": ""20260212"", ""strategy_type"": ""电气设备""}",,NEUTRAL
pre_market_recommendation,buy,4,603381.SH,永臻股份,pre_market_selection,2026-02-12 09:00:00,20260212,97.4,,,20260213,20260226,31.09,26.82,-0.13734319716950782,-0.14044472966745014,0.028948214860083477,-0.1424895464779672,0,"{""rec_date"": ""20260212"", ""strategy_type"": ""电气设备""}",,NEUTRAL
pre_market_recommendation,buy,5,603381.SH,永臻股份,pre_market_selection,2026-02-12 09:00:00,20260212,97.4,,,20260213,20260227,31.09,29.5,-0.05114184625281437,-0.05455330071550257,0.028948214860083477,-0.14699260212286913,0,"{""rec_date"": ""20260212"", ""strategy_type"": ""电气设备""}",,NEUTRAL
pre_market_recommendation,buy,2,603629.SH,利通电子,pre_market_selection,2026-02-12 09:00:00,20260212,97.4,,,20260213,20260224,60.12,55.84,-0.07119095143047227,-0.07453032282251282,0.024950099800399306,-0.10745176314038596,0,"{""rec_date"": ""20260212"", ""strategy_type"": ""元器件""}",,NEUTRAL
pre_market_recommendation,buy,3,603629.SH,利通电子,pre_market_selection,2026-02-12 09:00:00,20260212,97.4,,,20260213,20260225,60.12,53.7,-0.10678642714570852,-0.10999782119571877,0.024950099800399306,-0.1262475049900199,0,"{""rec_date"": ""20260212"", ""strategy_type"": ""元器件""}",,NEUTRAL
pre_market_recommendation,buy,4,603629.SH,利通电子,pre_market_selection,2026-02-12 09:00:00,20260212,97.4,,,20260213,20260226,60.12,53.2,-0.11510312707917492,-0.11828461988104733,0.024950099800399306,-0.12840984697272118,0,"{""rec_date"": ""20260212"", ""strategy_type"": ""元器件""}",,NEUTRAL
pre_market_recommendation,buy,5,603629.SH,利通电子,pre_market_selection,2026-02-12 09:00:00,20260212,97.4,,,20260213,20260227,60.12,58.52,-0.026613439787092408,-0.03011308186915196,0.024950099800399306,-0.1465402528276779,0,"{""rec_date"": ""20260212"", ""strategy_type"": ""元器件""}",,NEUTRAL
pre_market_recommendation,buy,2,000951.SZ,中国重汽,pre_market_selection,2026-02-12 09:00:00,20260212,97.3,,,20260213,20260224,21.41,20.98,-0.02008407286314806,-0.02360719014836976,0.0037365716954693706,-0.03783278841662774,0,"{""rec_date"": ""20260212"", ""strategy_type"": ""汽车整车""}",,NEUTRAL
pre_market_recommendation,buy,3,000951.SZ,中国重汽,pre_market_selection,2026-02-12 09:00:00,20260212,97.3,,,20260213,20260225,21.41,20.69,-0.03362914525922456,-0.03710356359245803,0.005604857543204167,-0.03783278841662774,0,"{""rec_date"": ""20260212"", ""strategy_type"": ""汽车整车""}",,NEUTRAL
pre_market_recommendation,buy,4,000951.SZ,中国重汽,pre_market_selection,2026-02-12 09:00:00,20260212,97.3,,,20260213,20260226,21.41,20.71,-0.03269500233535727,-0.03617277921700368,0.005604857543204167,-0.04110228865016341,0,"{""rec_date"": ""20260212"", ""strategy_type"": ""汽车整车""}",,NEUTRAL
pre_market_recommendation,buy,5,000951.SZ,中国重汽,pre_market_selection,2026-02-12 09:00:00,20260212,97.3,,,20260213,20260227,21.41,20.66,-0.035030359645025655,-0.03849974015563973,0.005604857543204167,-0.04110228865016341,0,"{""rec_date"": ""20260212"", ""strategy_type"": ""汽车整车""}",,NEUTRAL
pre_market_recommendation,buy,2,002169.SZ,智光电气,pre_market_selection,2026-02-13 09:00:00,20260213,98.0,,,20260224,20260225,15.38,15.73,0.022756827048114436,0.019079682758318173,0.032509752925877766,-0.04161248374512361,1,"{""rec_date"": ""20260213"", ""strategy_type"": ""电气设备""}",,WEAK_BULL
pre_market_recommendation,buy,3,002169.SZ,智光电气,pre_market_selection,2026-02-13 09:00:00,20260213,98.0,,,20260224,20260226,15.38,16.45,0.06957087126137829,0.06572541521769426,0.07672301690507144,-0.04161248374512361,1,"{""rec_date"": ""20260213"", ""strategy_type"": ""电气设备""}",,WEAK_BULL
pre_market_recommendation,buy,4,002169.SZ,智光电气,pre_market_selection,2026-02-13 09:00:00,20260213,98.0,,,20260224,20260227,15.38,15.47,0.0058517555266579535,0.0022353904813212644,0.07672301690507144,-0.04161248374512361,1,"{""rec_date"": ""20260213"", ""strategy_type"": ""电气设备""}",,WEAK_BULL
pre_market_recommendation,buy,5,002169.SZ,智光电气,pre_market_selection,2026-02-13 09:00:00,20260213,98.0,,,20260224,20260302,15.38,15.54,0.010403120936280708,0.0067703922482049705,0.07672301690507144,-0.04161248374512361,1,"{""rec_date"": ""20260213"", ""strategy_type"": ""电气设备""}",,WEAK_BULL
pre_market_recommendation,buy,2,605007.SH,五洲特纸,pre_market_selection,2026-02-13 09:00:00,20260213,98.0,,,20260224,20260225,16.27,17.23,0.0590043023970499,0.055196836613938816,0.0590043023970499,-0.07682851874615859,1,"{""rec_date"": ""20260213"", ""strategy_type"": ""造纸""}",,WEAK_BULL
pre_market_recommendation,buy,3,605007.SH,五洲特纸,pre_market_selection,2026-02-13 09:00:00,20260213,98.0,,,20260224,20260226,16.27,17.5,0.07559926244622006,0.07173213237051224,0.10510141364474501,-0.07682851874615859,1,"{""rec_date"": ""20260213"", ""strategy_type"": ""造纸""}",,WEAK_BULL
pre_market_recommendation,buy,4,605007.SH,五洲特纸,pre_market_selection,2026-02-13 09:00:00,20260213,98.0,,,20260224,20260227,16.27,16.27,0.0,-0.003595326076100691,0.10510141364474501,-0.07682851874615859,0,"{""rec_date"": ""20260213"", ""strategy_type"": ""造纸""}",,WEAK_BULL
pre_market_recommendation,buy,5,605007.SH,五洲特纸,pre_market_selection,2026-02-13 09:00:00,20260213,98.0,,,20260224,20260302,16.27,16.16,-0.006760909649661917,-0.010331928051001249,0.10510141364474501,-0.07682851874615859,0,"{""rec_date"": ""20260213"", ""strategy_type"": ""造纸""}",,WEAK_BULL
pre_market_recommendation,buy,2,001896.SZ,豫能控股,pre_market_selection,2026-02-13 09:00:00,20260213,97.5,,,20260224,20260225,10.03,11.03,0.09970089730807574,0.09574711399607239,0.09970089730807574,-0.014955134596211228,1,"{""rec_date"": ""20260213"", ""strategy_type"": ""火力发电""}",,WEAK_BULL
pre_market_recommendation,buy,3,001896.SZ,豫能控股,pre_market_selection,2026-02-13 09:00:00,20260213,97.5,,,20260224,20260226,10.03,12.13,0.2093718843469592,0.20502379807546323,0.2093718843469592,-0.014955134596211228,1,"{""rec_date"": ""20260213"", ""strategy_type"": ""火力发电""}",,WEAK_BULL
pre_market_recommendation,buy,4,001896.SZ,豫能控股,pre_market_selection,2026-02-13 09:00:00,20260213,97.5,,,20260224,20260227,10.03,13.34,0.330009970089731,0.3252281505627932,0.330009970089731,-0.014955134596211228,1,"{""rec_date"": ""20260213"", ""strategy_type"": ""火力发电""}",,WEAK_BULL
pre_market_recommendation,buy,5,001896.SZ,豫能控股,pre_market_selection,2026-02-13 09:00:00,20260213,97.5,,,20260224,20260302,10.03,14.14,0.40977068793619154,0.40470210262053175,0.4456630109670987,-0.014955134596211228,1,"{""rec_date"": ""20260213"", ""strategy_type"": ""火力发电""}",,WEAK_BULL
pre_market_recommendation,buy,2,002951.SZ,金时科技,pre_market_selection,2026-02-13 09:00:00,20260213,97.5,,,20260224,20260225,19.48,16.46,-0.15503080082135523,-0.15806874061666432,0.0,-0.18891170431211501,0,"{""rec_date"": ""20260213"", ""strategy_type"": ""广告包装""}",,WEAK_BULL
pre_market_recommendation,buy,3,002951.SZ,金时科技,pre_market_selection,2026-02-13 09:00:00,20260213,97.5,,,20260224,20260226,19.48,15.39,-0.20995893223819295,-0.2127993874903077,0.0,-0.2109856262833676,0,"{""rec_date"": ""20260213"", ""strategy_type"": ""广告包装""}",,WEAK_BULL
pre_market_recommendation,buy,4,002951.SZ,金时科技,pre_market_selection,2026-02-13 09:00:00,20260213,97.5,,,20260224,20260227,19.48,15.59,-0.1996919917864477,-0.2025693600372903,0.0,-0.22073921971252575,0,"{""rec_date"": ""20260213"", ""strategy_type"": ""广告包装""}",,WEAK_BULL
pre_market_recommendation,buy,5,002951.SZ,金时科技,pre_market_selection,2026-02-13 09:00:00,20260213,97.5,,,20260224,20260302,19.48,15.16,-0.22176591375770016,-0.2245639190612777,0.0,-0.231006160164271,0,"{""rec_date"": ""20260213"", ""strategy_type"": ""广告包装""}",,WEAK_BULL
pre_market_recommendation,buy,2,603533.SH,掌阅科技,pre_market_selection,2026-02-13 09:00:00,20260213,97.5,,,20260224,20260225,35.83,30.47,-0.14959531119173874,-0.15265279334464954,0.0,-0.14959531119173874,0,"{""rec_date"": ""20260213"", ""strategy_type"": ""互联网""}",,WEAK_BULL
pre_market_recommendation,buy,3,603533.SH,掌阅科技,pre_market_selection,2026-02-13 09:00:00,20260213,97.5,,,20260224,20260226,35.83,30.09,-0.16020094892548142,-0.16322030035249435,0.0,-0.20234440413061683,0,"{""rec_date"": ""20260213"", ""strategy_type"": ""互联网""}",,WEAK_BULL
pre_market_recommendation,buy,4,603533.SH,掌阅科技,pre_market_selection,2026-02-13 09:00:00,20260213,97.5,,,20260224,20260227,35.83,30.03,-0.1618755233044934,-0.16488885409057508,0.0,-0.20234440413061683,0,"{""rec_date"": ""20260213"", ""strategy_type"": ""互联网""}",,WEAK_BULL
pre_market_recommendation,buy,5,603533.SH,掌阅科技,pre_market_selection,2026-02-13 09:00:00,20260213,97.5,,,20260224,20260302,35.83,27.85,-0.22271839240859603,-0.22551297324084307,0.0,-0.22746301981579675,0,"{""rec_date"": ""20260213"", ""strategy_type"": ""互联网""}",,WEAK_BULL
pre_market_recommendation,buy,2,605289.SH,罗曼股份,pre_market_selection,2026-02-13 09:00:00,20260213,97.5,,,20260224,20260225,94.04,108.88,0.15780518928115672,0.15364250209308938,0.15780518928115672,-0.04296044236495111,1,"{""rec_date"": ""20260213"", ""strategy_type"": ""建筑工程""}",,WEAK_BULL
pre_market_recommendation,buy,3,605289.SH,罗曼股份,pre_market_selection,2026-02-13 09:00:00,20260213,97.5,,,20260224,20260226,94.04,117.18,0.24606550404083372,0.24158549224162584,0.2736069757549977,-0.04296044236495111,1,"{""rec_date"": ""20260213"", ""strategy_type"": ""建筑工程""}",,WEAK_BULL
pre_market_recommendation,buy,4,605289.SH,罗曼股份,pre_market_selection,2026-02-13 09:00:00,20260213,97.5,,,20260224,20260227,94.04,123.9,0.31752445767758397,0.3127875276389951,0.3398553806890683,-0.04296044236495111,1,"{""rec_date"": ""20260213"", ""strategy_type"": ""建筑工程""}",,WEAK_BULL
pre_market_recommendation,buy,5,605289.SH,罗曼股份,pre_market_selection,2026-02-13 09:00:00,20260213,97.5,,,20260224,20260302,94.04,130.55,0.38823904721395164,0.3832478751676418,0.41780093577201205,-0.04296044236495111,1,"{""rec_date"": ""20260213"", ""strategy_type"": ""建筑工程""}",,WEAK_BULL
pre_market_recommendation,buy,2,002806.SZ,华锋股份,pre_market_selection,2026-02-13 09:00:00,20260213,97.2,,,20260224,20260225,17.1,16.5,-0.03508771929824572,-0.0385568935822026,0.0005847953216373547,-0.052631578947368585,0,"{""rec_date"": ""20260213"", ""strategy_type"": ""汽车配件""}",,WEAK_BULL
pre_market_recommendation,buy,3,002806.SZ,华锋股份,pre_market_selection,2026-02-13 09:00:00,20260213,97.2,,,20260224,20260226,17.1,16.84,-0.01520467836257322,-0.018745338662078392,0.0005847953216373547,-0.052631578947368585,0,"{""rec_date"": ""20260213"", ""strategy_type"": ""汽车配件""}",,WEAK_BULL
pre_market_recommendation,buy,4,002806.SZ,华锋股份,pre_market_selection,2026-02-13 09:00:00,20260213,97.2,,,20260224,20260227,17.1,16.31,-0.046198830409356906,-0.04962805662580172,0.0005847953216373547,-0.052631578947368585,0,"{""rec_date"": ""20260213"", ""strategy_type"": ""汽车配件""}",,WEAK_BULL
pre_market_recommendation,buy,5,002806.SZ,华锋股份,pre_market_selection,2026-02-13 09:00:00,20260213,97.2,,,20260224,20260302,17.1,16.19,-0.05321637426900583,-0.056620370127021924,0.0005847953216373547,-0.07309941520467844,0,"{""rec_date"": ""20260213"", ""strategy_type"": ""汽车配件""}",,WEAK_BULL
pre_market_recommendation,buy,2,603922.SH,金鸿顺,pre_market_selection,2026-02-13 09:00:00,20260213,97.2,,,20260224,20260225,22.68,22.38,-0.013227513227513255,-0.016775282080385256,0.005291005291005346,-0.06261022927689586,0,"{""rec_date"": ""20260213"", ""strategy_type"": ""汽车配件""}",,WEAK_BULL
pre_market_recommendation,buy,3,603922.SH,金鸿顺,pre_market_selection,2026-02-13 09:00:00,20260213,97.2,,,20260224,20260226,22.68,22.61,-0.0030864197530864335,-0.006670649143767249,0.013668430335096904,-0.06261022927689586,0,"{""rec_date"": ""20260213"", ""strategy_type"": ""汽车配件""}",,WEAK_BULL
pre_market_recommendation,buy,4,603922.SH,金鸿顺,pre_market_selection,2026-02-13 09:00:00,20260213,97.2,,,20260224,20260227,22.68,22.91,0.010141093474426821,0.0065093068605173166,0.015432098765432167,-0.06261022927689586,1,"{""rec_date"": ""20260213"", ""strategy_type"": ""汽车配件""}",,WEAK_BULL
pre_market_recommendation,buy,5,603922.SH,金鸿顺,pre_market_selection,2026-02-13 09:00:00,20260213,97.2,,,20260224,20260302,22.68,22.5,-0.007936507936507908,-0.011503299678671475,0.02821869488536155,-0.06261022927689586,0,"{""rec_date"": ""20260213"", ""strategy_type"": ""汽车配件""}",,WEAK_BULL
pre_market_recommendation,buy,2,603186.SH,华正新材,pre_market_selection,2026-02-13 09:00:00,20260213,97.1,,,20260224,20260225,82.41,78.45,-0.04805242082271566,-0.05147498277721296,0.025967722363790857,-0.08554787040407719,0,"{""rec_date"": ""20260213"", ""strategy_type"": ""元器件""}",,WEAK_BULL
pre_market_recommendation,buy,3,603186.SH,华正新材,pre_market_selection,2026-02-13 09:00:00,20260213,97.1,,,20260224,20260226,82.41,80.74,-0.020264531003518993,-0.023786999482882987,0.025967722363790857,-0.09634753063948542,0,"{""rec_date"": ""20260213"", ""strategy_type"": ""元器件""}",,WEAK_BULL
pre_market_recommendation,buy,4,603186.SH,华正新材,pre_market_selection,2026-02-13 09:00:00,20260213,97.1,,,20260224,20260227,82.41,81.48,-0.011285038223516453,-0.014839790907422601,0.025967722363790857,-0.09634753063948542,0,"{""rec_date"": ""20260213"", ""strategy_type"": ""元器件""}",,WEAK_BULL
pre_market_recommendation,buy,5,603186.SH,华正新材,pre_market_selection,2026-02-13 09:00:00,20260213,97.1,,,20260224,20260302,82.41,81.3,-0.013469239170003644,-0.017016138939291325,0.03482587064676612,-0.09634753063948542,0,"{""rec_date"": ""20260213"", ""strategy_type"": ""元器件""}",,WEAK_BULL
pre_market_recommendation,buy,2,600397.SH,江钨装备,pre_market_selection,2026-02-13 09:00:00,20260213,97.0,,,20260224,20260225,16.18,18.74,0.1582200247218788,0.154055846065134,0.1582200247218788,-0.006180469715698522,1,"{""rec_date"": ""20260213"", ""strategy_type"": ""专用机械""}",,WEAK_BULL
pre_market_recommendation,buy,3,600397.SH,江钨装备,pre_market_selection,2026-02-13 09:00:00,20260213,97.0,,,20260224,20260226,16.18,19.57,0.20951792336217556,0.2051693120328002,0.26328800988875156,-0.006180469715698522,1,"{""rec_date"": ""20260213"", ""strategy_type"": ""专用机械""}",,WEAK_BULL
pre_market_recommendation,buy,4,600397.SH,江钨装备,pre_market_selection,2026-02-13 09:00:00,20260213,97.0,,,20260224,20260227,16.18,21.53,0.3306551297898641,0.32587099070343317,0.3306551297898641,-0.006180469715698522,1,"{""rec_date"": ""20260213"", ""strategy_type"": ""专用机械""}",,WEAK_BULL
pre_market_recommendation,buy,5,600397.SH,江钨装备,pre_market_selection,2026-02-13 09:00:00,20260213,97.0,,,20260224,20260302,16.18,21.5,0.32880098887515463,0.324023516029903,0.39678615574783693,-0.006180469715698522,1,"{""rec_date"": ""20260213"", ""strategy_type"": ""专用机械""}",,WEAK_BULL
pre_market_recommendation,buy,2,002169.SZ,智光电气,pre_market_selection,2026-02-24 09:00:00,20260224,97.8,,,20260225,20260226,15.55,16.45,0.05787781350482302,0.054074397816600506,0.06495176848874595,-0.018006430868167222,1,"{""rec_date"": ""20260224"", ""strategy_type"": ""电气设备""}",,NEUTRAL
pre_market_recommendation,buy,3,002169.SZ,智光电气,pre_market_selection,2026-02-24 09:00:00,20260224,97.8,,,20260225,20260227,15.55,15.47,-0.005144694533762095,-0.008721523755452099,0.06495176848874595,-0.018006430868167222,0,"{""rec_date"": ""20260224"", ""strategy_type"": ""电气设备""}",,NEUTRAL
pre_market_recommendation,buy,4,002169.SZ,智光电气,pre_market_selection,2026-02-24 09:00:00,20260224,97.8,,,20260225,20260302,15.55,15.54,-0.0006430868167203174,-0.004236100786019881,0.06495176848874595,-0.03536977491961424,0,"{""rec_date"": ""20260224"", ""strategy_type"": ""电气设备""}",,NEUTRAL
pre_market_recommendation,buy,5,002169.SZ,智光电气,pre_market_selection,2026-02-24 09:00:00,20260224,97.8,,,20260225,20260303,15.55,14.55,-0.06430868167202575,-0.06767279706799156,0.06495176848874595,-0.06495176848874606,0,"{""rec_date"": ""20260224"", ""strategy_type"": ""电气设备""}",,NEUTRAL
pre_market_recommendation,buy,2,600966.SH,博汇纸业,pre_market_selection,2026-02-24 09:00:00,20260224,97.7,,,20260225,20260226,8.55,8.32,-0.026900584795321647,-0.030399194497445547,0.05029239766081872,-0.029239766081871288,0,"{""rec_date"": ""20260224"", ""strategy_type"": ""造纸""}",,NEUTRAL
pre_market_recommendation,buy,3,600966.SH,博汇纸业,pre_market_selection,2026-02-24 09:00:00,20260224,97.7,,,20260225,20260227,8.55,8.19,-0.04210526315789487,-0.04554920708342303,0.05029239766081872,-0.05029239766081883,0,"{""rec_date"": ""20260224"", ""strategy_type"": ""造纸""}",,NEUTRAL
pre_market_recommendation,buy,4,600966.SH,博汇纸业,pre_market_selection,2026-02-24 09:00:00,20260224,97.7,,,20260225,20260302,8.55,8.49,-0.007017543859649145,-0.01058763957732134,0.05029239766081872,-0.07368421052631591,0,"{""rec_date"": ""20260224"", ""strategy_type"": ""造纸""}",,NEUTRAL
pre_market_recommendation,buy,5,600966.SH,博汇纸业,pre_market_selection,2026-02-24 09:00:00,20260224,97.7,,,20260225,20260303,8.55,8.25,-0.03508771929824572,-0.0385568935822026,0.05029239766081872,-0.07368421052631591,0,"{""rec_date"": ""20260224"", ""strategy_type"": ""造纸""}",,NEUTRAL
pre_market_recommendation,buy,2,603002.SH,宏昌电子,pre_market_selection,2026-02-24 09:00:00,20260224,97.6,,,20260225,20260226,10.68,12.19,0.14138576779026213,0.1372821137764353,0.15543071161048694,-0.0065543071161049404,1,"{""rec_date"": ""20260224"", ""strategy_type"": ""化工原料""}",,NEUTRAL
pre_market_recommendation,buy,3,603002.SH,宏昌电子,pre_market_selection,2026-02-24 09:00:00,20260224,97.6,,,20260225,20260227,10.68,11.54,0.08052434456928825,0.07663950721739643,0.15543071161048694,-0.0065543071161049404,1,"{""rec_date"": ""20260224"", ""strategy_type"": ""化工原料""}",,NEUTRAL
pre_market_recommendation,buy,4,603002.SH,宏昌电子,pre_market_selection,2026-02-24 09:00:00,20260224,97.6,,,20260225,20260302,10.68,11.12,0.041198501872659055,0.03745505374847924,0.15543071161048694,-0.0065543071161049404,1,"{""rec_date"": ""20260224"", ""strategy_type"": ""化工原料""}",,NEUTRAL
pre_market_recommendation,buy,5,603002.SH,宏昌电子,pre_market_selection,2026-02-24 09:00:00,20260224,97.6,,,20260225,20260303,10.68,10.81,0.01217228464419473,0.008533195235706836,0.15543071161048694,-0.0065543071161049404,1,"{""rec_date"": ""20260224"", ""strategy_type"": ""化工原料""}",,NEUTRAL
pre_market_recommendation,buy,2,001896.SZ,豫能控股,pre_market_selection,2026-02-24 09:00:00,20260224,97.5,,,20260225,20260226,10.5,12.13,0.1552380952380954,0.15108463759018065,0.1552380952380954,-0.059047619047619015,1,"{""rec_date"": ""20260224"", ""strategy_type"": ""火力发电""}",,NEUTRAL
pre_market_recommendation,buy,3,001896.SZ,豫能控股,pre_market_selection,2026-02-24 09:00:00,20260224,97.5,,,20260225,20260227,10.5,13.34,0.27047619047619054,0.26590841429950607,0.27047619047619054,-0.059047619047619015,1,"{""rec_date"": ""20260224"", ""strategy_type"": ""火力发电""}",,NEUTRAL
pre_market_recommendation,buy,4,001896.SZ,豫能控股,pre_market_selection,2026-02-24 09:00:00,20260224,97.5,,,20260225,20260302,10.5,14.14,0.3466666666666667,0.3418249608841841,0.38095238095238093,-0.059047619047619015,1,"{""rec_date"": ""20260224"", ""strategy_type"": ""火力发电""}",,NEUTRAL
pre_market_recommendation,buy,5,001896.SZ,豫能控股,pre_market_selection,2026-02-24 09:00:00,20260224,97.5,,,20260225,20260303,10.5,13.28,0.26476190476190475,0.2602146733056552,0.480952380952381,-0.059047619047619015,1,"{""rec_date"": ""20260224"", ""strategy_type"": ""火力发电""}",,NEUTRAL
pre_market_recommendation,buy,2,600397.SH,江钨装备,pre_market_selection,2026-02-24 09:00:00,20260224,97.5,,,20260225,20260226,17.64,19.57,0.10941043083900226,0.1054217385879086,0.15873015873015883,-0.04591836734693888,1,"{""rec_date"": ""20260224"", ""strategy_type"": ""专用机械""}",,NEUTRAL
pre_market_recommendation,buy,3,600397.SH,江钨装备,pre_market_selection,2026-02-24 09:00:00,20260224,97.5,,,20260225,20260227,17.64,21.53,0.22052154195011342,0.21613336902389735,0.22052154195011342,-0.04591836734693888,1,"{""rec_date"": ""20260224"", ""strategy_type"": ""专用机械""}",,NEUTRAL
pre_market_recommendation,buy,4,600397.SH,江钨装备,pre_market_selection,2026-02-24 09:00:00,20260224,97.5,,,20260225,20260302,17.64,21.5,0.21882086167800452,0.21443880325191778,0.2811791383219955,-0.04591836734693888,1,"{""rec_date"": ""20260224"", ""strategy_type"": ""专用机械""}",,NEUTRAL
pre_market_recommendation,buy,5,600397.SH,江钨装备,pre_market_selection,2026-02-24 09:00:00,20260224,97.5,,,20260225,20260303,17.64,19.35,0.09693877551020402,0.09299492292672595,0.2811791383219955,-0.04591836734693888,1,"{""rec_date"": ""20260224"", ""strategy_type"": ""专用机械""}",,NEUTRAL
pre_market_recommendation,buy,2,605289.SH,罗曼股份,pre_market_selection,2026-02-24 09:00:00,20260224,97.5,,,20260225,20260226,100.24,117.18,0.1689944134078214,0.16479149731047982,0.19483240223463683,-0.008379888268156277,1,"{""rec_date"": ""20260224"", ""strategy_type"": ""建筑工程""}",,NEUTRAL
pre_market_recommendation,buy,3,605289.SH,罗曼股份,pre_market_selection,2026-02-24 09:00:00,20260224,97.5,,,20260225,20260227,100.24,123.9,0.23603351955307272,0.23158957600928876,0.25698324022346375,-0.008379888268156277,1,"{""rec_date"": ""20260224"", ""strategy_type"": ""建筑工程""}",,NEUTRAL
pre_market_recommendation,buy,4,605289.SH,罗曼股份,pre_market_selection,2026-02-24 09:00:00,20260224,97.5,,,20260225,20260302,100.24,130.55,0.3023743016759779,0.2976918413883185,0.33010774142059085,-0.008379888268156277,1,"{""rec_date"": ""20260224"", ""strategy_type"": ""建筑工程""}",,NEUTRAL
pre_market_recommendation,buy,5,605289.SH,罗曼股份,pre_market_selection,2026-02-24 09:00:00,20260224,97.5,,,20260225,20260303,100.24,126.7,0.2639664804469275,0.25942210880045913,0.3306065442936952,-0.008379888268156277,1,"{""rec_date"": ""20260224"", ""strategy_type"": ""建筑工程""}",,NEUTRAL
pre_market_recommendation,buy,2,603968.SH,醋化股份,pre_market_selection,2026-02-24 09:00:00,20260224,97.4,,,20260225,20260226,16.69,16.36,-0.019772318753744855,-0.023296556896645226,0.046734571599760244,-0.06411024565608159,0,"{""rec_date"": ""20260224"", ""strategy_type"": ""化工原料""}",,NEUTRAL
pre_market_recommendation,buy,3,603968.SH,醋化股份,pre_market_selection,2026-02-24 09:00:00,20260224,97.4,,,20260225,20260227,16.69,16.02,-0.04014379868184548,-0.04359479471175165,0.046734571599760244,-0.07130017974835234,0,"{""rec_date"": ""20260224"", ""strategy_type"": ""化工原料""}",,NEUTRAL
pre_market_recommendation,buy,4,603968.SH,醋化股份,pre_market_selection,2026-02-24 09:00:00,20260224,97.4,,,20260225,20260302,16.69,15.41,-0.07669263031755547,-0.08001222138003083,0.046734571599760244,-0.10065907729179158,0,"{""rec_date"": ""20260224"", ""strategy_type"": ""化工原料""}",,NEUTRAL
pre_market_recommendation,buy,5,603968.SH,醋化股份,pre_market_selection,2026-02-24 09:00:00,20260224,97.4,,,20260225,20260303,16.69,14.28,-0.14439784301977243,-0.14747401176553154,0.046734571599760244,-0.14439784301977243,0,"{""rec_date"": ""20260224"", ""strategy_type"": ""化工原料""}",,NEUTRAL
pre_market_recommendation,buy,2,000890.SZ,法尔胜,pre_market_selection,2026-02-24 09:00:00,20260224,95.5,,,20260225,20260226,7.28,8.02,0.10164835164835151,0.09768756660297684,0.10164835164835151,-0.06593406593406603,1,"{""rec_date"": ""20260224"", ""strategy_type"": ""环境保护""}",,NEUTRAL
pre_market_recommendation,buy,3,000890.SZ,法尔胜,pre_market_selection,2026-02-24 09:00:00,20260224,95.5,,,20260225,20260227,7.28,7.66,0.052197802197802234,0.048414808002344545,0.10164835164835151,-0.06593406593406603,1,"{""rec_date"": ""20260224"", ""strategy_type"": ""环境保护""}",,NEUTRAL
pre_market_recommendation,buy,4,000890.SZ,法尔胜,pre_market_selection,2026-02-24 09:00:00,20260224,95.5,,,20260225,20260302,7.28,8.43,0.15796703296703285,0.15380376389814132,0.15796703296703285,-0.06593406593406603,1,"{""rec_date"": ""20260224"", ""strategy_type"": ""环境保护""}",,NEUTRAL
pre_market_recommendation,buy,5,000890.SZ,法尔胜,pre_market_selection,2026-02-24 09:00:00,20260224,95.5,,,20260225,20260303,7.28,8.06,0.1071428571428572,0.10316231755860272,0.21565934065934056,-0.06593406593406603,1,"{""rec_date"": ""20260224"", ""strategy_type"": ""环境保护""}",,NEUTRAL
pre_market_recommendation,buy,2,002348.SZ,高乐股份,pre_market_selection,2026-02-25 09:00:00,20260225,98.0,,,20260226,20260227,7.57,8.08,0.06737120211360637,0.06353365459776805,0.0779392338177014,-0.018494055482166538,1,"{""rec_date"": ""20260225"", ""strategy_type"": ""文教休闲""}",,NEUTRAL
pre_market_recommendation,buy,3,002348.SZ,高乐股份,pre_market_selection,2026-02-25 09:00:00,20260225,98.0,,,20260226,20260302,7.57,8.14,0.07529722589167775,0.07143118173587037,0.08982826948480849,-0.018494055482166538,1,"{""rec_date"": ""20260225"", ""strategy_type"": ""文教休闲""}",,NEUTRAL
pre_market_recommendation,buy,4,002348.SZ,高乐股份,pre_market_selection,2026-02-25 09:00:00,20260225,98.0,,,20260226,20260303,7.57,7.88,0.04095112285336855,0.03720856413742735,0.11228533685601061,-0.018494055482166538,1,"{""rec_date"": ""20260225"", ""strategy_type"": ""文教休闲""}",,NEUTRAL
pre_market_recommendation,buy,5,002348.SZ,高乐股份,pre_market_selection,2026-02-25 09:00:00,20260225,98.0,,,20260226,20260304,7.57,8.43,0.11360634081902243,0.10960256290336434,0.14266842800528412,-0.018494055482166538,1,"{""rec_date"": ""20260225"", ""strategy_type"": ""文教休闲""}",,NEUTRAL
pre_market_recommendation,buy,2,002169.SZ,智光电气,pre_market_selection,2026-02-25 09:00:00,20260225,97.6,,,20260226,20260227,15.73,15.47,-0.016528925619834656,-0.020064824818644578,0.0527654164017799,-0.022250476795931284,0,"{""rec_date"": ""20260225"", ""strategy_type"": ""电气设备""}",,NEUTRAL
pre_market_recommendation,buy,3,002169.SZ,智光电气,pre_market_selection,2026-02-25 09:00:00,20260225,97.6,,,20260226,20260302,15.73,15.54,-0.012078830260648488,-0.0156307290033445,0.0527654164017799,-0.04640813731722826,0,"{""rec_date"": ""20260225"", ""strategy_type"": ""电气设备""}",,NEUTRAL
pre_market_recommendation,buy,4,002169.SZ,智光电气,pre_market_selection,2026-02-25 09:00:00,20260225,97.6,,,20260226,20260303,15.73,14.55,-0.0750158931977114,-0.0783415126768765,0.0527654164017799,-0.07565162110616663,0,"{""rec_date"": ""20260225"", ""strategy_type"": ""电气设备""}",,NEUTRAL
pre_market_recommendation,buy,5,002169.SZ,智光电气,pre_market_selection,2026-02-25 09:00:00,20260225,97.6,,,20260226,20260304,15.73,14.8,-0.05912269548633187,-0.06250545619366132,0.0527654164017799,-0.08645899554990466,0,"{""rec_date"": ""20260225"", ""strategy_type"": ""电气设备""}",,NEUTRAL
pre_market_recommendation,buy,2,603002.SH,宏昌电子,pre_market_selection,2026-02-25 09:00:00,20260225,97.6,,,20260226,20260227,11.27,11.54,0.02395740905057675,0.02027594827700052,0.0949423247559893,-0.005323868677905796,1,"{""rec_date"": ""20260225"", ""strategy_type"": ""化工原料""}",,NEUTRAL
pre_market_recommendation,buy,3,603002.SH,宏昌电子,pre_market_selection,2026-02-25 09:00:00,20260225,97.6,,,20260226,20260302,11.27,11.12,-0.013309671694764935,-0.016857145161157217,0.0949423247559893,-0.01863354037267073,0,"{""rec_date"": ""20260225"", ""strategy_type"": ""化工原料""}",,NEUTRAL
pre_market_recommendation,buy,4,603002.SH,宏昌电子,pre_market_selection,2026-02-25 09:00:00,20260225,97.6,,,20260226,20260303,11.27,10.81,-0.04081632653061218,-0.04426490460360699,0.0949423247559893,-0.04347826086956519,0,"{""rec_date"": ""20260225"", ""strategy_type"": ""化工原料""}",,NEUTRAL
pre_market_recommendation,buy,5,603002.SH,宏昌电子,pre_market_selection,2026-02-25 09:00:00,20260225,97.6,,,20260226,20260304,11.27,10.69,-0.051464063886424105,-0.05487435987165212,0.0949423247559893,-0.061224489795918324,0,"{""rec_date"": ""20260225"", ""strategy_type"": ""化工原料""}",,NEUTRAL
pre_market_recommendation,buy,2,001203.SZ,大中矿业,pre_market_selection,2026-02-25 09:00:00,20260225,97.5,,,20260226,20260227,42.62,40.6,-0.04739558892538709,-0.05082051240473218,0.02815579540122015,-0.07320506804317217,0,"{""rec_date"": ""20260225"", ""strategy_type"": ""普钢""}",,NEUTRAL
pre_market_recommendation,buy,3,001203.SZ,大中矿业,pre_market_selection,2026-02-25 09:00:00,20260225,97.5,,,20260226,20260302,42.62,37.44,-0.12153918348193338,-0.12469753656239357,0.02815579540122015,-0.13772876583763483,0,"{""rec_date"": ""20260225"", ""strategy_type"": ""普钢""}",,NEUTRAL
pre_market_recommendation,buy,4,001203.SZ,大中矿业,pre_market_selection,2026-02-25 09:00:00,20260225,97.5,,,20260226,20260303,42.62,35.67,-0.16306898169873285,-0.166078021612729,0.02815579540122015,-0.16940403566400752,0,"{""rec_date"": ""20260225"", ""strategy_type"": ""普钢""}",,NEUTRAL
pre_market_recommendation,buy,5,001203.SZ,大中矿业,pre_market_selection,2026-02-25 09:00:00,20260225,97.5,,,20260226,20260304,42.62,35.53,-0.16635382449554192,-0.1693510543285749,0.02815579540122015,-0.1832473017362739,0,"{""rec_date"": ""20260225"", ""strategy_type"": ""普钢""}",,NEUTRAL
pre_market_recommendation,buy,2,001896.SZ,豫能控股,pre_market_selection,2026-02-25 09:00:00,20260225,97.5,,,20260226,20260227,11.04,13.34,0.20833333333333348,0.2039889809913782,0.20833333333333348,0.0,1,"{""rec_date"": ""20260225"", ""strategy_type"": ""火力发电""}",,NEUTRAL
pre_market_recommendation,buy,3,001896.SZ,豫能控股,pre_market_selection,2026-02-25 09:00:00,20260225,97.5,,,20260226,20260302,11.04,14.14,0.2807971014492756,0.2761922182322405,0.31340579710144945,0.0,1,"{""rec_date"": ""20260225"", ""strategy_type"": ""火力发电""}",,NEUTRAL
pre_market_recommendation,buy,4,001896.SZ,豫能控股,pre_market_selection,2026-02-25 09:00:00,20260225,97.5,,,20260226,20260303,11.04,13.28,0.2028985507246377,0.19857373819831348,0.4085144927536233,0.0,1,"{""rec_date"": ""20260225"", ""strategy_type"": ""火力发电""}",,NEUTRAL
pre_market_recommendation,buy,5,001896.SZ,豫能控股,pre_market_selection,2026-02-25 09:00:00,20260225,97.5,,,20260226,20260304,11.04,14.26,0.29166666666666674,0.2870227038183697,0.4085144927536233,0.0,1,"{""rec_date"": ""20260225"", ""strategy_type"": ""火力发电""}",,NEUTRAL
pre_market_recommendation,buy,2,600397.SH,江钨装备,pre_market_selection,2026-02-25 09:00:00,20260225,97.5,,,20260226,20260227,19.12,21.53,0.1260460251046025,0.12199752246765416,0.1260460251046025,-0.004707112970711247,1,"{""rec_date"": ""20260225"", ""strategy_type"": ""专用机械""}",,NEUTRAL
pre_market_recommendation,buy,3,600397.SH,江钨装备,pre_market_selection,2026-02-25 09:00:00,20260225,97.5,,,20260226,20260302,19.12,21.5,0.12447698744769875,0.12043412601275261,0.18200836820083688,-0.004707112970711247,1,"{""rec_date"": ""20260225"", ""strategy_type"": ""专用机械""}",,NEUTRAL
pre_market_recommendation,buy,4,600397.SH,江钨装备,pre_market_selection,2026-02-25 09:00:00,20260225,97.5,,,20260226,20260303,19.12,19.35,0.012029288702928964,0.008390713411477346,0.18200836820083688,-0.004707112970711247,1,"{""rec_date"": ""20260225"", ""strategy_type"": ""专用机械""}",,NEUTRAL
pre_market_recommendation,buy,5,600397.SH,江钨装备,pre_market_selection,2026-02-25 09:00:00,20260225,97.5,,,20260226,20260304,19.12,18.57,-0.028765690376569064,-0.0322575944159621,0.18200836820083688,-0.08891213389121333,0,"{""rec_date"": ""20260225"", ""strategy_type"": ""专用机械""}",,NEUTRAL
pre_market_recommendation,buy,2,605289.SH,罗曼股份,pre_market_selection,2026-02-25 09:00:00,20260225,97.5,,,20260226,20260227,108.87,123.9,0.1380545604849821,0.13396288324764494,0.15734362083218523,-0.044272986130247105,1,"{""rec_date"": ""20260225"", ""strategy_type"": ""建筑工程""}",,NEUTRAL
pre_market_recommendation,buy,3,605289.SH,罗曼股份,pre_market_selection,2026-02-25 09:00:00,20260225,97.5,,,20260226,20260302,108.87,130.55,0.19913658491779196,0.1948252978852303,0.22467162671075602,-0.044272986130247105,1,"{""rec_date"": ""20260225"", ""strategy_type"": ""建筑工程""}",,NEUTRAL
pre_market_recommendation,buy,4,605289.SH,罗曼股份,pre_market_selection,2026-02-25 09:00:00,20260225,97.5,,,20260226,20260303,108.87,126.7,0.1637733076145862,0.15958916309504922,0.22513089005235587,-0.044272986130247105,1,"{""rec_date"": ""20260225"", ""strategy_type"": ""建筑工程""}",,NEUTRAL
pre_market_recommendation,buy,5,605289.SH,罗曼股份,pre_market_selection,2026-02-25 09:00:00,20260225,97.5,,,20260226,20260304,108.87,131.18,0.20492330302195283,0.20059121085089626,0.22513089005235587,-0.044272986130247105,1,"{""rec_date"": ""20260225"", ""strategy_type"": ""建筑工程""}",,NEUTRAL
pre_market_recommendation,buy,2,000779.SZ,甘咨询,pre_market_selection,2026-02-25 09:00:00,20260225,97.3,,,20260226,20260227,10.52,10.83,0.029467680608365132,0.02576640861177082,0.041825095057034245,-0.03707224334600745,1,"{""rec_date"": ""20260225"", ""strategy_type"": ""建筑工程""}",,NEUTRAL
pre_market_recommendation,buy,3,000779.SZ,甘咨询,pre_market_selection,2026-02-25 09:00:00,20260225,97.3,,,20260226,20260302,10.52,10.16,-0.034220532319391594,-0.03769282442330646,0.041825095057034245,-0.03707224334600745,0,"{""rec_date"": ""20260225"", ""strategy_type"": ""建筑工程""}",,NEUTRAL
pre_market_recommendation,buy,4,000779.SZ,甘咨询,pre_market_selection,2026-02-25 09:00:00,20260225,97.3,,,20260226,20260303,10.52,9.57,-0.09030418250950567,-0.09357483560344904,0.041825095057034245,-0.0960076045627376,0,"{""rec_date"": ""20260225"", ""strategy_type"": ""建筑工程""}",,NEUTRAL
pre_market_recommendation,buy,5,000779.SZ,甘咨询,pre_market_selection,2026-02-25 09:00:00,20260225,97.3,,,20260226,20260304,10.52,9.56,-0.09125475285171092,-0.094521988335316,0.041825095057034245,-0.10171102661596965,0,"{""rec_date"": ""20260225"", ""strategy_type"": ""建筑工程""}",,NEUTRAL
pre_market_recommendation,buy,2,600791.SH,京能置业,pre_market_selection,2026-02-25 09:00:00,20260225,97.1,,,20260226,20260227,8.17,8.16,-0.001223990208078285,-0.004814915640267148,0.05875152998776012,-0.01835985312117505,0,"{""rec_date"": ""20260225"", ""strategy_type"": ""全国地产""}",,NEUTRAL
pre_market_recommendation,buy,3,600791.SH,京能置业,pre_market_selection,2026-02-25 09:00:00,20260225,97.1,,,20260226,20260302,8.17,8.29,0.014687882496939864,0.011039748693895124,0.05875152998776012,-0.057527539779681724,1,"{""rec_date"": ""20260225"", ""strategy_type"": ""全国地产""}",,NEUTRAL
pre_market_recommendation,buy,4,600791.SH,京能置业,pre_market_selection,2026-02-25 09:00:00,20260225,97.1,,,20260226,20260303,8.17,8.16,-0.001223990208078285,-0.004814915640267148,0.06364749082007348,-0.057527539779681724,0,"{""rec_date"": ""20260225"", ""strategy_type"": ""全国地产""}",,NEUTRAL
pre_market_recommendation,buy,5,600791.SH,京能置业,pre_market_selection,2026-02-25 09:00:00,20260225,97.1,,,20260226,20260304,8.17,8.34,0.02080783353733162,0.017137696514726963,0.07466340269277838,-0.057527539779681724,1,"{""rec_date"": ""20260225"", ""strategy_type"": ""全国地产""}",,NEUTRAL
pre_market_recommendation,buy,2,002169.SZ,智光电气,pre_market_selection,2026-02-26 09:00:00,20260226,97.7,,,20260227,20260302,16.29,15.54,-0.046040515653775316,-0.04947031106338906,0.0,-0.07918968692449346,0,"{""rec_date"": ""20260226"", ""strategy_type"": ""电气设备""}",,NEUTRAL
pre_market_recommendation,buy,3,002169.SZ,智光电气,pre_market_selection,2026-02-26 09:00:00,20260226,97.7,,,20260227,20260303,16.29,14.55,-0.1068139963167587,-0.11002529124660942,0.0,-0.10742786985880914,0,"{""rec_date"": ""20260226"", ""strategy_type"": ""电气设备""}",,NEUTRAL
pre_market_recommendation,buy,4,002169.SZ,智光电气,pre_market_selection,2026-02-26 09:00:00,20260226,97.7,,,20260227,20260304,16.29,14.8,-0.09146715776550018,-0.09473362958417997,0.0,-0.11786372007366486,0,"{""rec_date"": ""20260226"", ""strategy_type"": ""电气设备""}",,NEUTRAL
pre_market_recommendation,buy,5,002169.SZ,智光电气,pre_market_selection,2026-02-26 09:00:00,20260226,97.7,,,20260227,20260305,16.29,15.1,-0.0730509515039901,-0.07638363558926475,0.0,-0.11786372007366486,0,"{""rec_date"": ""20260226"", ""strategy_type"": ""电气设备""}",,NEUTRAL
pre_market_recommendation,buy,2,603400.SH,华之杰,pre_market_selection,2026-02-26 09:00:00,20260226,97.6,,,20260227,20260302,73.0,73.05,0.00068493150684934,-0.0029128571213585808,0.037260273972602675,-0.03739726027397261,0,"{""rec_date"": ""20260226"", ""strategy_type"": ""机械基件""}",,NEUTRAL
pre_market_recommendation,buy,3,603400.SH,华之杰,pre_market_selection,2026-02-26 09:00:00,20260226,97.6,,,20260227,20260303,73.0,69.19,-0.05219178082191789,-0.05559946042747166,0.037260273972602675,-0.05465753424657527,0,"{""rec_date"": ""20260226"", ""strategy_type"": ""机械基件""}",,NEUTRAL
pre_market_recommendation,buy,4,603400.SH,华之杰,pre_market_selection,2026-02-26 09:00:00,20260226,97.6,,,20260227,20260304,73.0,68.6,-0.06027397260273981,-0.06365259409343205,0.037260273972602675,-0.0821917808219178,0,"{""rec_date"": ""20260226"", ""strategy_type"": ""机械基件""}",,NEUTRAL
pre_market_recommendation,buy,5,603400.SH,华之杰,pre_market_selection,2026-02-26 09:00:00,20260226,97.6,,,20260227,20260305,73.0,68.71,-0.05876712328767131,-0.06215116239299878,0.037260273972602675,-0.0821917808219178,0,"{""rec_date"": ""20260226"", ""strategy_type"": ""机械基件""}",,NEUTRAL
pre_market_recommendation,buy,2,603588.SH,高能环境,pre_market_selection,2026-02-26 09:00:00,20260226,97.6,,,20260227,20260302,12.03,13.19,0.09642560266001654,0.09248359510026849,0.1379883624272651,-0.0008312551953449931,1,"{""rec_date"": ""20260226"", ""strategy_type"": ""环境保护""}",,NEUTRAL
pre_market_recommendation,buy,3,603588.SH,高能环境,pre_market_selection,2026-02-26 09:00:00,20260226,97.6,,,20260227,20260303,12.03,12.44,0.03408146300914372,0.030363602960374436,0.1379883624272651,-0.0008312551953449931,1,"{""rec_date"": ""20260226"", ""strategy_type"": ""环境保护""}",,NEUTRAL
pre_market_recommendation,buy,4,603588.SH,高能环境,pre_market_selection,2026-02-26 09:00:00,20260226,97.6,,,20260227,20260304,12.03,12.84,0.06733167082294278,0.0634942654349846,0.1379883624272651,-0.0008312551953449931,1,"{""rec_date"": ""20260226"", ""strategy_type"": ""环境保护""}",,NEUTRAL
pre_market_recommendation,buy,5,603588.SH,高能环境,pre_market_selection,2026-02-26 09:00:00,20260226,97.6,,,20260227,20260305,12.03,13.1,0.08894430590191194,0.08502919604348125,0.1379883624272651,-0.0008312551953449931,1,"{""rec_date"": ""20260226"", ""strategy_type"": ""环境保护""}",,NEUTRAL
pre_market_recommendation,buy,2,000890.SZ,法尔胜,pre_market_selection,2026-02-26 09:00:00,20260226,97.5,,,20260227,20260302,7.83,8.43,0.07662835249042144,0.07275752250044287,0.07662835249042144,-0.09706257982120048,1,"{""rec_date"": ""20260226"", ""strategy_type"": ""环境保护""}",,NEUTRAL
pre_market_recommendation,buy,3,000890.SZ,法尔胜,pre_market_selection,2026-02-26 09:00:00,20260226,97.5,,,20260227,20260303,7.83,8.06,0.02937420178799499,0.025673265878241036,0.13026819923371646,-0.09706257982120048,1,"{""rec_date"": ""20260226"", ""strategy_type"": ""环境保护""}",,NEUTRAL
pre_market_recommendation,buy,4,000890.SZ,法尔胜,pre_market_selection,2026-02-26 09:00:00,20260226,97.5,,,20260227,20260304,7.83,8.87,0.13282247765006372,0.12874961145657515,0.13282247765006372,-0.09706257982120048,1,"{""rec_date"": ""20260226"", ""strategy_type"": ""环境保护""}",,NEUTRAL
pre_market_recommendation,buy,5,000890.SZ,法尔胜,pre_market_selection,2026-02-26 09:00:00,20260226,97.5,,,20260227,20260305,7.83,9.15,0.1685823754789273,0.16438094079229604,0.22349936143039595,-0.09706257982120048,1,"{""rec_date"": ""20260226"", ""strategy_type"": ""环境保护""}",,NEUTRAL
pre_market_recommendation,buy,2,001896.SZ,豫能控股,pre_market_selection,2026-02-26 09:00:00,20260226,97.5,,,20260227,20260302,12.76,14.14,0.1081504702194358,0.10416630793761228,0.13636363636363646,-0.017241379310344862,1,"{""rec_date"": ""20260226"", ""strategy_type"": ""火力发电""}",,NEUTRAL
pre_market_recommendation,buy,3,001896.SZ,豫能控股,pre_market_selection,2026-02-26 09:00:00,20260226,97.5,,,20260227,20260303,12.76,13.28,0.04075235109717856,0.03701050703051556,0.21865203761755492,-0.017241379310344862,1,"{""rec_date"": ""20260226"", ""strategy_type"": ""火力发电""}",,NEUTRAL
pre_market_recommendation,buy,4,001896.SZ,豫能控股,pre_market_selection,2026-02-26 09:00:00,20260226,97.5,,,20260227,20260304,12.76,14.26,0.11755485893416928,0.11353688480836999,0.21865203761755492,-0.017241379310344862,1,"{""rec_date"": ""20260226"", ""strategy_type"": ""火力发电""}",,NEUTRAL
pre_market_recommendation,buy,5,001896.SZ,豫能控股,pre_market_selection,2026-02-26 09:00:00,20260226,97.5,,,20260227,20260305,12.76,14.44,0.1316614420062696,0.12759275011450644,0.21865203761755492,-0.017241379310344862,1,"{""rec_date"": ""20260226"", ""strategy_type"": ""火力发电""}",,NEUTRAL
pre_market_recommendation,buy,2,002008.SZ,大族激光,pre_market_selection,2026-02-26 09:00:00,20260226,97.5,,,20260227,20260302,69.72,74.62,0.07028112449799195,0.06643311486232584,0.08835341365461846,-0.014343086632243263,1,"{""rec_date"": ""20260226"", ""strategy_type"": ""专用机械""}",,NEUTRAL
pre_market_recommendation,buy,3,002008.SZ,大族激光,pre_market_selection,2026-02-26 09:00:00,20260226,97.5,,,20260227,20260303,69.72,70.45,0.010470453241537614,0.006837482471868883,0.08835341365461846,-0.014343086632243263,1,"{""rec_date"": ""20260226"", ""strategy_type"": ""专用机械""}",,NEUTRAL
pre_market_recommendation,buy,4,002008.SZ,大族激光,pre_market_selection,2026-02-26 09:00:00,20260226,97.5,,,20260227,20260304,69.72,70.05,0.004733218588640176,0.0011208750483238106,0.08835341365461846,-0.03241537578886988,1,"{""rec_date"": ""20260226"", ""strategy_type"": ""专用机械""}",,NEUTRAL
pre_market_recommendation,buy,5,002008.SZ,大族激光,pre_market_selection,2026-02-26 09:00:00,20260226,97.5,,,20260227,20260305,69.72,71.48,0.025243832472748196,0.021557746587497206,0.08835341365461846,-0.03241537578886988,1,"{""rec_date"": ""20260226"", ""strategy_type"": ""专用机械""}",,NEUTRAL
pre_market_recommendation,buy,2,603002.SH,宏昌电子,pre_market_selection,2026-02-26 09:00:00,20260226,97.5,,,20260227,20260302,11.81,11.12,-0.058425063505503916,-0.06181033242728551,0.0101608806096527,-0.06350550381033027,0,"{""rec_date"": ""20260226"", ""strategy_type"": ""化工原料""}",,NEUTRAL
pre_market_recommendation,buy,3,603002.SH,宏昌电子,pre_market_selection,2026-02-26 09:00:00,20260226,97.5,,,20260227,20260303,11.81,10.81,-0.08467400508044032,-0.08796490049810757,0.0101608806096527,-0.0872142252328536,0,"{""rec_date"": ""20260226"", ""strategy_type"": ""化工原料""}",,NEUTRAL
pre_market_recommendation,buy,4,603002.SH,宏昌电子,pre_market_selection,2026-02-26 09:00:00,20260226,97.5,,,20260227,20260304,11.81,10.69,-0.09483488569009324,-0.09808924942874853,0.0101608806096527,-0.10414902624894162,0,"{""rec_date"": ""20260226"", ""strategy_type"": ""化工原料""}",,NEUTRAL
pre_market_recommendation,buy,5,603002.SH,宏昌电子,pre_market_selection,2026-02-26 09:00:00,20260226,97.5,,,20260227,20260305,11.81,10.64,-0.09906858594411516,-0.10230772814984868,0.0101608806096527,-0.10922946655376808,0,"{""rec_date"": ""20260226"", ""strategy_type"": ""化工原料""}",,NEUTRAL
pre_market_recommendation,buy,2,600397.SH,江钨装备,pre_market_selection,2026-02-26 09:00:00,20260226,97.4,,,20260227,20260302,19.75,21.5,0.08860759493670889,0.08469369566399143,0.14430379746835453,-0.018734177215189884,1,"{""rec_date"": ""20260226"", ""strategy_type"": ""专用机械""}",,NEUTRAL
pre_market_recommendation,buy,3,600397.SH,江钨装备,pre_market_selection,2026-02-26 09:00:00,20260226,97.4,,,20260227,20260303,19.75,19.35,-0.02025316455696191,-0.023775673902407646,0.14430379746835453,-0.02025316455696191,0,"{""rec_date"": ""20260226"", ""strategy_type"": ""专用机械""}",,NEUTRAL
pre_market_recommendation,buy,4,600397.SH,江钨装备,pre_market_selection,2026-02-26 09:00:00,20260226,97.4,,,20260227,20260304,19.75,18.57,-0.05974683544303794,-0.06312735216370602,0.14430379746835453,-0.11797468354430374,0,"{""rec_date"": ""20260226"", ""strategy_type"": ""专用机械""}",,NEUTRAL
pre_market_recommendation,buy,5,600397.SH,江钨装备,pre_market_selection,2026-02-26 09:00:00,20260226,97.4,,,20260227,20260305,19.75,18.17,-0.07999999999999996,-0.08330769999001275,0.14430379746835453,-0.11797468354430374,0,"{""rec_date"": ""20260226"", ""strategy_type"": ""专用机械""}",,NEUTRAL
pre_market_recommendation,buy,2,605318.SH,法狮龙,pre_market_selection,2026-02-26 09:00:00,20260226,97.3,,,20260227,20260302,79.97,76.1,-0.04839314743028644,-0.05181448436152647,0.030011254220332795,-0.05589596098536953,0,"{""rec_date"": ""20260226"", ""strategy_type"": ""其他建材""}",,NEUTRAL
pre_market_recommendation,buy,3,605318.SH,法狮龙,pre_market_selection,2026-02-26 09:00:00,20260226,97.3,,,20260227,20260303,79.97,71.65,-0.10403901463048637,-0.10726028652435438,0.030011254220332795,-0.10966612479679871,0,"{""rec_date"": ""20260226"", ""strategy_type"": ""其他建材""}",,NEUTRAL
pre_market_recommendation,buy,4,605318.SH,法狮龙,pre_market_selection,2026-02-26 09:00:00,20260226,97.3,,,20260227,20260304,79.97,70.98,-0.11241715643366257,-0.11560830617583628,0.030011254220332795,-0.12117043891459289,0,"{""rec_date"": ""20260226"", ""strategy_type"": ""其他建材""}",,NEUTRAL
pre_market_recommendation,buy,5,605318.SH,法狮龙,pre_market_selection,2026-02-26 09:00:00,20260226,97.3,,,20260227,20260305,79.97,71.19,-0.10979117168938357,-0.11299176270298383,0.030011254220332795,-0.12717268975865947,0,"{""rec_date"": ""20260226"", ""strategy_type"": ""其他建材""}",,NEUTRAL
pre_market_recommendation,buy,2,601096.SH,宏盛华源,pre_market_selection,2026-02-26 09:00:00,20260226,97.2,,,20260227,20260302,6.45,6.12,-0.051162790697674376,-0.05457416985825392,0.0,-0.06201550387596899,0,"{""rec_date"": ""20260226"", ""strategy_type"": ""钢加工""}",,NEUTRAL
pre_market_recommendation,buy,3,601096.SH,宏盛华源,pre_market_selection,2026-02-26 09:00:00,20260226,97.2,,,20260227,20260303,6.45,5.71,-0.11472868217054266,-0.11791152122395909,0.0,-0.11472868217054266,0,"{""rec_date"": ""20260226"", ""strategy_type"": ""钢加工""}",,NEUTRAL
pre_market_recommendation,buy,4,601096.SH,宏盛华源,pre_market_selection,2026-02-26 09:00:00,20260226,97.2,,,20260227,20260304,6.45,6.28,-0.02635658914728678,-0.029857154691149357,0.0,-0.13798449612403108,0,"{""rec_date"": ""20260226"", ""strategy_type"": ""钢加工""}",,NEUTRAL
pre_market_recommendation,buy,5,601096.SH,宏盛华源,pre_market_selection,2026-02-26 09:00:00,20260226,97.2,,,20260227,20260305,6.45,6.53,0.01240310077519391,0.008763181507451367,0.055813953488371926,-0.13798449612403108,1,"{""rec_date"": ""20260226"", ""strategy_type"": ""钢加工""}",,NEUTRAL
pre_market_recommendation,buy,2,603738.SH,泰晶科技,pre_market_selection,2026-02-27 09:00:00,20260227,98.0,,,20260302,20260303,21.6,23.0,0.06481481481481466,0.06098645834489247,0.14583333333333326,-0.02314814814814814,1,"{""rec_date"": ""20260227"", ""strategy_type"": ""元器件""}",,NEUTRAL
pre_market_recommendation,buy,3,603738.SH,泰晶科技,pre_market_selection,2026-02-27 09:00:00,20260227,98.0,,,20260302,20260304,21.6,23.0,0.06481481481481466,0.06098645834489247,0.14583333333333326,-0.02314814814814814,1,"{""rec_date"": ""20260227"", ""strategy_type"": ""元器件""}",,NEUTRAL
pre_market_recommendation,buy,4,603738.SH,泰晶科技,pre_market_selection,2026-02-27 09:00:00,20260227,98.0,,,20260302,20260305,21.6,23.72,0.0981481481481481,0.09419994747568916,0.14583333333333326,-0.02314814814814814,1,"{""rec_date"": ""20260227"", ""strategy_type"": ""元器件""}",,NEUTRAL
pre_market_recommendation,buy,5,603738.SH,泰晶科技,pre_market_selection,2026-02-27 09:00:00,20260227,98.0,,,20260302,20260306,21.6,23.36,0.08148148148148149,0.07759320291029081,0.14583333333333326,-0.02314814814814814,1,"{""rec_date"": ""20260227"", ""strategy_type"": ""元器件""}",,NEUTRAL
pre_market_recommendation,buy,2,002930.SZ,宏川智慧,pre_market_selection,2026-02-27 09:00:00,20260227,97.9,,,20260302,20260303,13.88,13.45,-0.03097982708933733,-0.034463770585270725,0.012247838616714635,-0.04394812680115279,0,"{""rec_date"": ""20260227"", ""strategy_type"": ""仓储物流""}",,NEUTRAL
pre_market_recommendation,buy,3,002930.SZ,宏川智慧,pre_market_selection,2026-02-27 09:00:00,20260227,97.9,,,20260302,20260304,13.88,13.55,-0.02377521613832856,-0.02728506255988239,0.012247838616714635,-0.05907780979827093,0,"{""rec_date"": ""20260227"", ""strategy_type"": ""仓储物流""}",,NEUTRAL
pre_market_recommendation,buy,4,002930.SZ,宏川智慧,pre_market_selection,2026-02-27 09:00:00,20260227,97.9,,,20260302,20260305,13.88,13.63,-0.018011527377521652,-0.021542096139571587,0.012247838616714635,-0.05979827089337175,0,"{""rec_date"": ""20260227"", ""strategy_type"": ""仓储物流""}",,NEUTRAL
pre_market_recommendation,buy,5,002930.SZ,宏川智慧,pre_market_selection,2026-02-27 09:00:00,20260227,97.9,,,20260302,20260306,13.88,13.34,-0.0389048991354467,-0.042360349413197884,0.012247838616714635,-0.05979827089337175,0,"{""rec_date"": ""20260227"", ""strategy_type"": ""仓储物流""}",,NEUTRAL
pre_market_recommendation,buy,2,603400.SH,华之杰,pre_market_selection,2026-02-27 09:00:00,20260227,97.9,,,20260302,20260303,72.94,69.19,-0.05141211955031533,-0.05482260229236946,0.0381135179599672,-0.053879901288730325,0,"{""rec_date"": ""20260227"", ""strategy_type"": ""机械基件""}",,NEUTRAL
pre_market_recommendation,buy,3,603400.SH,华之杰,pre_market_selection,2026-02-27 09:00:00,20260227,97.9,,,20260302,20260304,72.94,68.6,-0.05950095969289837,-0.06288236041706241,0.0381135179599672,-0.08143679736769949,0,"{""rec_date"": ""20260227"", ""strategy_type"": ""机械基件""}",,NEUTRAL
pre_market_recommendation,buy,4,603400.SH,华之杰,pre_market_selection,2026-02-27 09:00:00,20260227,97.9,,,20260302,20260305,72.94,68.71,-0.05799287085275573,-0.06137969364805185,0.0381135179599672,-0.08143679736769949,0,"{""rec_date"": ""20260227"", ""strategy_type"": ""机械基件""}",,NEUTRAL
pre_market_recommendation,buy,5,603400.SH,华之杰,pre_market_selection,2026-02-27 09:00:00,20260227,97.9,,,20260302,20260306,72.94,71.0,-0.02659720318069647,-0.030096903638650363,0.0381135179599672,-0.08143679736769949,0,"{""rec_date"": ""20260227"", ""strategy_type"": ""机械基件""}",,NEUTRAL
pre_market_recommendation,buy,2,603588.SH,高能环境,pre_market_selection,2026-02-27 09:00:00,20260227,97.7,,,20260302,20260303,13.05,12.44,-0.046743295019157194,-0.050170563707792826,0.04904214559386966,-0.05363984674329514,0,"{""rec_date"": ""20260227"", ""strategy_type"": ""环境保护""}",,NEUTRAL
pre_market_recommendation,buy,3,603588.SH,高能环境,pre_market_selection,2026-02-27 09:00:00,20260227,97.7,,,20260302,20260304,13.05,12.84,-0.016091954022988575,-0.01962942427717529,0.04904214559386966,-0.06819923371647518,0,"{""rec_date"": ""20260227"", ""strategy_type"": ""环境保护""}",,NEUTRAL
pre_market_recommendation,buy,4,603588.SH,高能环境,pre_market_selection,2026-02-27 09:00:00,20260227,97.7,,,20260302,20260305,13.05,13.1,0.003831417624520883,0.00022231635272618178,0.04904214559386966,-0.06819923371647518,1,"{""rec_date"": ""20260227"", ""strategy_type"": ""环境保护""}",,NEUTRAL
pre_market_recommendation,buy,5,603588.SH,高能环境,pre_market_selection,2026-02-27 09:00:00,20260227,97.7,,,20260302,20260306,13.05,13.4,0.026819923371647514,0.023128170925689417,0.04980842911877392,-0.06819923371647518,1,"{""rec_date"": ""20260227"", ""strategy_type"": ""环境保护""}",,NEUTRAL
pre_market_recommendation,buy,2,002348.SZ,高乐股份,pre_market_selection,2026-02-27 09:00:00,20260227,97.6,,,20260302,20260303,8.05,7.88,-0.021118012422360333,-0.024637412357723543,0.045962732919254456,-0.024844720496894568,0,"{""rec_date"": ""20260227"", ""strategy_type"": ""文教休闲""}",,NEUTRAL
pre_market_recommendation,buy,3,002348.SZ,高乐股份,pre_market_selection,2026-02-27 09:00:00,20260227,97.6,,,20260302,20260304,8.05,8.43,0.0472049689440992,0.0434399256122322,0.07453416149068315,-0.039751552795031064,1,"{""rec_date"": ""20260227"", ""strategy_type"": ""文教休闲""}",,NEUTRAL
pre_market_recommendation,buy,4,002348.SZ,高乐股份,pre_market_selection,2026-02-27 09:00:00,20260227,97.6,,,20260302,20260305,8.05,8.15,0.012422360248447228,0.008782371736618444,0.07453416149068315,-0.039751552795031064,1,"{""rec_date"": ""20260227"", ""strategy_type"": ""文教休闲""}",,NEUTRAL
pre_market_recommendation,buy,5,002348.SZ,高乐股份,pre_market_selection,2026-02-27 09:00:00,20260227,97.6,,,20260302,20260306,8.05,8.23,0.022360248447204967,0.018684529986793708,0.07453416149068315,-0.039751552795031064,1,"{""rec_date"": ""20260227"", ""strategy_type"": ""文教休闲""}",,NEUTRAL
pre_market_recommendation,buy,2,001896.SZ,豫能控股,pre_market_selection,2026-02-27 09:00:00,20260227,97.5,,,20260302,20260303,13.35,13.28,-0.00524344569288393,-0.008819919871956516,0.16479400749063688,-0.059925093632958726,0,"{""rec_date"": ""20260227"", ""strategy_type"": ""火力发电""}",,NEUTRAL
pre_market_recommendation,buy,3,001896.SZ,豫能控股,pre_market_selection,2026-02-27 09:00:00,20260227,97.5,,,20260302,20260304,13.35,14.26,0.06816479400749076,0.0643243932700226,0.16479400749063688,-0.059925093632958726,1,"{""rec_date"": ""20260227"", ""strategy_type"": ""火力发电""}",,NEUTRAL
pre_market_recommendation,buy,4,001896.SZ,豫能控股,pre_market_selection,2026-02-27 09:00:00,20260227,97.5,,,20260302,20260305,13.35,14.44,0.08164794007490639,0.07775906303079427,0.16479400749063688,-0.059925093632958726,1,"{""rec_date"": ""20260227"", ""strategy_type"": ""火力发电""}",,NEUTRAL
pre_market_recommendation,buy,5,001896.SZ,豫能控股,pre_market_selection,2026-02-27 09:00:00,20260227,97.5,,,20260302,20260306,13.35,15.88,0.18951310861423232,0.1852364211169677,0.18951310861423232,-0.059925093632958726,1,"{""rec_date"": ""20260227"", ""strategy_type"": ""火力发电""}",,NEUTRAL
pre_market_recommendation,buy,2,600397.SH,江钨装备,pre_market_selection,2026-02-27 09:00:00,20260227,97.5,,,20260302,20260303,22.58,19.35,-0.14304694419840558,-0.14612796986592347,0.0008857395925598865,-0.14304694419840558,0,"{""rec_date"": ""20260227"", ""strategy_type"": ""专用机械""}",,NEUTRAL
pre_market_recommendation,buy,3,600397.SH,江钨装备,pre_market_selection,2026-02-27 09:00:00,20260227,97.5,,,20260302,20260304,22.58,18.57,-0.17759078830823727,-0.18054761759225835,0.0008857395925598865,-0.22852081488042497,0,"{""rec_date"": ""20260227"", ""strategy_type"": ""专用机械""}",,NEUTRAL
pre_market_recommendation,buy,4,600397.SH,江钨装备,pre_market_selection,2026-02-27 09:00:00,20260227,97.5,,,20260302,20260305,22.58,18.17,-0.195305580159433,-0.19819871899037877,0.0008857395925598865,-0.22852081488042497,0,"{""rec_date"": ""20260227"", ""strategy_type"": ""专用机械""}",,NEUTRAL
pre_market_recommendation,buy,5,600397.SH,江钨装备,pre_market_selection,2026-02-27 09:00:00,20260227,97.5,,,20260302,20260306,22.58,19.99,-0.11470327723649243,-0.11788620762893087,0.0008857395925598865,-0.22852081488042497,0,"{""rec_date"": ""20260227"", ""strategy_type"": ""专用机械""}",,NEUTRAL
pre_market_recommendation,buy,2,603685.SH,晨丰科技,pre_market_selection,2026-02-27 09:00:00,20260227,97.5,,,20260302,20260303,28.63,28.19,-0.015368494586098458,-0.018908565912863606,0.03772266852951467,-0.05623471882640585,0,"{""rec_date"": ""20260227"", ""strategy_type"": ""电气设备""}",,NEUTRAL
pre_market_recommendation,buy,3,603685.SH,晨丰科技,pre_market_selection,2026-02-27 09:00:00,20260227,97.5,,,20260302,20260304,28.63,29.3,0.023402025847013785,0.019722561857151488,0.03772266852951467,-0.05623471882640585,1,"{""rec_date"": ""20260227"", ""strategy_type"": ""电气设备""}",,NEUTRAL
pre_market_recommendation,buy,4,603685.SH,晨丰科技,pre_market_selection,2026-02-27 09:00:00,20260227,97.5,,,20260302,20260305,28.63,29.82,0.041564792176039145,0.037820027118780075,0.04994760740482018,-0.05623471882640585,1,"{""rec_date"": ""20260227"", ""strategy_type"": ""电气设备""}",,NEUTRAL
pre_market_recommendation,buy,5,603685.SH,晨丰科技,pre_market_selection,2026-02-27 09:00:00,20260227,97.5,,,20260302,20260306,28.63,29.13,0.017464198393293717,0.013806082829311173,0.04994760740482018,-0.05623471882640585,1,"{""rec_date"": ""20260227"", ""strategy_type"": ""电气设备""}",,NEUTRAL
pre_market_recommendation,buy,2,002008.SZ,大族激光,pre_market_selection,2026-02-27 09:00:00,20260227,97.1,,,20260302,20260303,71.0,70.45,-0.007746478873239426,-0.011313953831849521,0.06873239436619705,-0.011267605633802802,0,"{""rec_date"": ""20260227"", ""strategy_type"": ""专用机械""}",,NEUTRAL
pre_market_recommendation,buy,3,002008.SZ,大族激光,pre_market_selection,2026-02-27 09:00:00,20260227,97.1,,,20260302,20260304,71.0,70.05,-0.013380281690140938,-0.01692750129057563,0.06873239436619705,-0.0498591549295776,0,"{""rec_date"": ""20260227"", ""strategy_type"": ""专用机械""}",,NEUTRAL
pre_market_recommendation,buy,4,002008.SZ,大族激光,pre_market_selection,2026-02-27 09:00:00,20260227,97.1,,,20260302,20260305,71.0,71.48,0.006760563380281637,0.0031409308743703956,0.06873239436619705,-0.0498591549295776,1,"{""rec_date"": ""20260227"", ""strategy_type"": ""专用机械""}",,NEUTRAL
pre_market_recommendation,buy,5,002008.SZ,大族激光,pre_market_selection,2026-02-27 09:00:00,20260227,97.1,,,20260302,20260306,71.0,69.54,-0.020563380281690025,-0.024084774300451528,0.06873239436619705,-0.0498591549295776,0,"{""rec_date"": ""20260227"", ""strategy_type"": ""专用机械""}",,NEUTRAL
pre_market_recommendation,buy,2,605289.SH,罗曼股份,pre_market_selection,2026-02-27 09:00:00,20260227,97.0,,,20260302,20260303,115.07,126.7,0.10106891457373779,0.09711021279358678,0.1591205353263232,0.0,1,"{""rec_date"": ""20260227"", ""strategy_type"": ""建筑工程""}",,NEUTRAL
pre_market_recommendation,buy,3,605289.SH,罗曼股份,pre_market_selection,2026-02-27 09:00:00,20260227,97.0,,,20260302,20260304,115.07,131.18,0.14000173807247784,0.13590306009678543,0.1591205353263232,0.0,1,"{""rec_date"": ""20260227"", ""strategy_type"": ""建筑工程""}",,NEUTRAL
pre_market_recommendation,buy,4,605289.SH,罗曼股份,pre_market_selection,2026-02-27 09:00:00,20260227,97.0,,,20260302,20260305,115.07,130.0,0.12974711045450604,0.1256853012088892,0.1627704875293301,0.0,1,"{""rec_date"": ""20260227"", ""strategy_type"": ""建筑工程""}",,NEUTRAL
pre_market_recommendation,buy,5,605289.SH,罗曼股份,pre_market_selection,2026-02-27 09:00:00,20260227,97.0,,,20260302,20260306,115.07,131.15,0.13974102720083437,0.1356432865657371,0.1801512123055533,0.0,1,"{""rec_date"": ""20260227"", ""strategy_type"": ""建筑工程""}",,NEUTRAL
pre_market_recommendation,buy,2,002980.SZ,华盛昌,pre_market_selection,2026-03-02 09:00:00,20260302,98.0,,,20260303,20260304,35.06,34.02,-0.02966343411294925,-0.03315211047087707,0.0,-0.0758699372504279,0,"{""rec_date"": ""20260302"", ""strategy_type"": ""电器仪表""}",,WEAK_BULL
pre_market_recommendation,buy,3,002980.SZ,华盛昌,pre_market_selection,2026-03-02 09:00:00,20260302,98.0,,,20260303,20260305,35.06,32.46,-0.07415858528237307,-0.07748728706304142,0.0,-0.10239589275527672,0,"{""rec_date"": ""20260302"", ""strategy_type"": ""电器仪表""}",,WEAK_BULL
pre_market_recommendation,buy,4,002980.SZ,华盛昌,pre_market_selection,2026-03-02 09:00:00,20260302,98.0,,,20260303,20260306,35.06,34.4,-0.01882487164860247,-0.022352516172785775,0.0,-0.10239589275527672,0,"{""rec_date"": ""20260302"", ""strategy_type"": ""电器仪表""}",,WEAK_BULL
pre_market_recommendation,buy,5,002980.SZ,华盛昌,pre_market_selection,2026-03-02 09:00:00,20260302,98.0,,,20260303,20260309,35.06,35.6,0.01540216771249292,0.011751465821186802,0.04392470051340558,-0.10239589275527672,1,"{""rec_date"": ""20260302"", ""strategy_type"": ""电器仪表""}",,WEAK_BULL
pre_market_recommendation,buy,2,603393.SH,新天然气,pre_market_selection,2026-03-02 09:00:00,20260302,98.0,,,20260303,20260304,39.18,39.0,-0.004594180704441064,-0.008172989202856917,0.05895865237366005,-0.05819295558958659,0,"{""rec_date"": ""20260302"", ""strategy_type"": ""供气供热""}",,WEAK_BULL
pre_market_recommendation,buy,3,603393.SH,新天然气,pre_market_selection,2026-03-02 09:00:00,20260302,98.0,,,20260303,20260305,39.18,39.0,-0.004594180704441064,-0.008172989202856917,0.05895865237366005,-0.05819295558958659,0,"{""rec_date"": ""20260302"", ""strategy_type"": ""供气供热""}",,WEAK_BULL
pre_market_recommendation,buy,4,603393.SH,新天然气,pre_market_selection,2026-03-02 09:00:00,20260302,98.0,,,20260303,20260306,39.18,37.88,-0.03318019397651861,-0.03665622643600541,0.05895865237366005,-0.05819295558958659,0,"{""rec_date"": ""20260302"", ""strategy_type"": ""供气供热""}",,WEAK_BULL
pre_market_recommendation,buy,5,603393.SH,新天然气,pre_market_selection,2026-03-02 09:00:00,20260302,98.0,,,20260303,20260309,39.18,39.05,-0.0033180193976519723,-0.006901416112091385,0.06304236855538536,-0.05819295558958659,0,"{""rec_date"": ""20260302"", ""strategy_type"": ""供气供热""}",,WEAK_BULL
pre_market_recommendation,buy,2,603738.SH,泰晶科技,pre_market_selection,2026-03-02 09:00:00,20260302,98.0,,,20260303,20260304,24.2,23.0,-0.04958677685950408,-0.05300382230373224,0.022727272727272707,-0.09090909090909083,0,"{""rec_date"": ""20260302"", ""strategy_type"": ""元器件""}",,WEAK_BULL
pre_market_recommendation,buy,3,603738.SH,泰晶科技,pre_market_selection,2026-03-02 09:00:00,20260302,98.0,,,20260303,20260305,24.2,23.72,-0.01983471074380172,-0.023358724567153377,0.022727272727272707,-0.09090909090909083,0,"{""rec_date"": ""20260302"", ""strategy_type"": ""元器件""}",,WEAK_BULL
pre_market_recommendation,buy,4,603738.SH,泰晶科技,pre_market_selection,2026-03-02 09:00:00,20260302,98.0,,,20260303,20260306,24.2,23.36,-0.034710743801652844,-0.038181273435442864,0.022727272727272707,-0.09090909090909083,0,"{""rec_date"": ""20260302"", ""strategy_type"": ""元器件""}",,WEAK_BULL
pre_market_recommendation,buy,5,603738.SH,泰晶科技,pre_market_selection,2026-03-02 09:00:00,20260302,98.0,,,20260303,20260309,24.2,22.06,-0.0884297520661157,-0.09170714434871019,0.022727272727272707,-0.13140495867768598,0,"{""rec_date"": ""20260302"", ""strategy_type"": ""元器件""}",,WEAK_BULL
pre_market_recommendation,buy,2,000731.SZ,四川美丰,pre_market_selection,2026-03-02 09:00:00,20260302,97.5,,,20260303,20260304,8.32,7.79,-0.06370192307692313,-0.0670682199678877,0.014423076923076872,-0.0829326923076924,0,"{""rec_date"": ""20260302"", ""strategy_type"": ""农药化肥""}",,WEAK_BULL
pre_market_recommendation,buy,3,000731.SZ,四川美丰,pre_market_selection,2026-03-02 09:00:00,20260302,97.5,,,20260303,20260305,8.32,7.54,-0.09375,-0.09700826425646647,0.014423076923076872,-0.10096153846153844,0,"{""rec_date"": ""20260302"", ""strategy_type"": ""农药化肥""}",,WEAK_BULL
pre_market_recommendation,buy,4,000731.SZ,四川美丰,pre_market_selection,2026-03-02 09:00:00,20260302,97.5,,,20260303,20260306,8.32,7.84,-0.05769230769230771,-0.061080211110172034,0.014423076923076872,-0.10697115384615397,0,"{""rec_date"": ""20260302"", ""strategy_type"": ""农药化肥""}",,WEAK_BULL
pre_market_recommendation,buy,5,000731.SZ,四川美丰,pre_market_selection,2026-03-02 09:00:00,20260302,97.5,,,20260303,20260309,8.32,7.99,-0.039663461538461564,-0.043116184537024815,0.022836538461538325,-0.10697115384615397,0,"{""rec_date"": ""20260302"", ""strategy_type"": ""农药化肥""}",,WEAK_BULL
pre_market_recommendation,buy,2,001400.SZ,江顺科技,pre_market_selection,2026-03-02 09:00:00,20260302,97.5,,,20260303,20260304,131.05,116.29,-0.11262876764593666,-0.11581915657680097,0.022510492178557717,-0.12628767645936678,0,"{""rec_date"": ""20260302"", ""strategy_type"": ""专用机械""}",,WEAK_BULL
pre_market_recommendation,buy,3,001400.SZ,江顺科技,pre_market_selection,2026-03-02 09:00:00,20260302,97.5,,,20260303,20260305,131.05,114.45,-0.12666921022510502,-0.1298091191866444,0.022510492178557717,-0.13842045020984373,0,"{""rec_date"": ""20260302"", ""strategy_type"": ""专用机械""}",,WEAK_BULL
pre_market_recommendation,buy,4,001400.SZ,江顺科技,pre_market_selection,2026-03-02 09:00:00,20260302,97.5,,,20260303,20260306,131.05,125.9,-0.03929797787104161,-0.04275201490256475,0.022510492178557717,-0.13842045020984373,0,"{""rec_date"": ""20260302"", ""strategy_type"": ""专用机械""}",,WEAK_BULL
pre_market_recommendation,buy,5,001400.SZ,江顺科技,pre_market_selection,2026-03-02 09:00:00,20260302,97.5,,,20260303,20260309,131.05,132.76,0.013048454788248565,0.009406215262394602,0.03662724151087349,-0.13842045020984373,1,"{""rec_date"": ""20260302"", ""strategy_type"": ""专用机械""}",,WEAK_BULL
pre_market_recommendation,buy,2,002353.SZ,杰瑞股份,pre_market_selection,2026-03-02 09:00:00,20260302,97.5,,,20260303,20260304,124.36,115.61,-0.07036024445159217,-0.0737026025060954,0.045271791572853104,-0.08684464458025087,0,"{""rec_date"": ""20260302"", ""strategy_type"": ""化工机械""}",,WEAK_BULL
pre_market_recommendation,buy,3,002353.SZ,杰瑞股份,pre_market_selection,2026-03-02 09:00:00,20260302,97.5,,,20260303,20260305,124.36,123.41,-0.00763911225474434,-0.011206973231357331,0.045271791572853104,-0.08684464458025087,0,"{""rec_date"": ""20260302"", ""strategy_type"": ""化工机械""}",,WEAK_BULL
pre_market_recommendation,buy,4,002353.SZ,杰瑞股份,pre_market_selection,2026-03-02 09:00:00,20260302,97.5,,,20260303,20260306,124.36,122.5,-0.014956577677709859,-0.018498129980076827,0.045271791572853104,-0.08684464458025087,0,"{""rec_date"": ""20260302"", ""strategy_type"": ""化工机械""}",,WEAK_BULL
pre_market_recommendation,buy,5,002353.SZ,杰瑞股份,pre_market_selection,2026-03-02 09:00:00,20260302,97.5,,,20260303,20260309,124.36,118.5,-0.04712126085558055,-0.05054717063378855,0.045271791572853104,-0.08973946606625927,0,"{""rec_date"": ""20260302"", ""strategy_type"": ""化工机械""}",,WEAK_BULL
pre_market_recommendation,buy,2,600026.SH,中远海能,pre_market_selection,2026-03-02 09:00:00,20260302,97.5,,,20260303,20260304,24.45,23.79,-0.026993865030674802,-0.03049213935993622,0.02208588957055202,-0.08343558282208585,0,"{""rec_date"": ""20260302"", ""strategy_type"": ""水运""}",,WEAK_BULL
pre_market_recommendation,buy,3,600026.SH,中远海能,pre_market_selection,2026-03-02 09:00:00,20260302,97.5,,,20260303,20260305,24.45,24.98,0.02167689161554187,0.018003630045766883,0.06503067484662584,-0.08343558282208585,1,"{""rec_date"": ""20260302"", ""strategy_type"": ""水运""}",,WEAK_BULL
pre_market_recommendation,buy,4,600026.SH,中远海能,pre_market_selection,2026-03-02 09:00:00,20260302,97.5,,,20260303,20260306,24.45,25.24,0.03231083844580773,0.028599344369701907,0.07075664621676903,-0.08343558282208585,1,"{""rec_date"": ""20260302"", ""strategy_type"": ""水运""}",,WEAK_BULL
pre_market_recommendation,buy,5,600026.SH,中远海能,pre_market_selection,2026-03-02 09:00:00,20260302,97.5,,,20260303,20260309,24.45,22.72,-0.07075664621676891,-0.07409757907766923,0.08997955010224956,-0.08343558282208585,0,"{""rec_date"": ""20260302"", ""strategy_type"": ""水运""}",,WEAK_BULL
pre_market_recommendation,buy,2,601872.SH,招商轮船,pre_market_selection,2026-03-02 09:00:00,20260302,97.5,,,20260303,20260304,18.9,17.71,-0.06296296296296289,-0.0663319166564944,0.039682539682539764,-0.06402116402116387,0,"{""rec_date"": ""20260302"", ""strategy_type"": ""水运""}",,WEAK_BULL
pre_market_recommendation,buy,3,601872.SH,招商轮船,pre_market_selection,2026-03-02 09:00:00,20260302,97.5,,,20260303,20260305,18.9,17.46,-0.07619047619047603,-0.07951187266077875,0.039682539682539764,-0.12698412698412687,0,"{""rec_date"": ""20260302"", ""strategy_type"": ""水运""}",,WEAK_BULL
pre_market_recommendation,buy,4,601872.SH,招商轮船,pre_market_selection,2026-03-02 09:00:00,20260302,97.5,,,20260303,20260306,18.9,17.12,-0.09417989417989403,-0.09743661282660565,0.039682539682539764,-0.12698412698412687,0,"{""rec_date"": ""20260302"", ""strategy_type"": ""水运""}",,WEAK_BULL
pre_market_recommendation,buy,5,601872.SH,招商轮船,pre_market_selection,2026-03-02 09:00:00,20260302,97.5,,,20260303,20260309,18.9,15.72,-0.1682539682539682,-0.17124436645059815,0.039682539682539764,-0.18148148148148135,0,"{""rec_date"": ""20260302"", ""strategy_type"": ""水运""}",,WEAK_BULL
pre_market_recommendation,buy,2,002348.SZ,高乐股份,pre_market_selection,2026-03-02 09:00:00,20260302,97.4,,,20260303,20260304,8.14,8.43,0.035626535626535505,0.031903120537895235,0.0626535626535627,-0.05036855036855037,1,"{""rec_date"": ""20260302"", ""strategy_type"": ""文教休闲""}",,WEAK_BULL
pre_market_recommendation,buy,3,002348.SZ,高乐股份,pre_market_selection,2026-03-02 09:00:00,20260302,97.4,,,20260303,20260305,8.14,8.15,0.0012285012285011554,-0.0023712417101010574,0.0626535626535627,-0.05036855036855037,0,"{""rec_date"": ""20260302"", ""strategy_type"": ""文教休闲""}",,WEAK_BULL
pre_market_recommendation,buy,4,002348.SZ,高乐股份,pre_market_selection,2026-03-02 09:00:00,20260302,97.4,,,20260303,20260306,8.14,8.23,0.011056511056511065,0.007421433217897899,0.0626535626535627,-0.05036855036855037,1,"{""rec_date"": ""20260302"", ""strategy_type"": ""文教休闲""}",,WEAK_BULL
pre_market_recommendation,buy,5,002348.SZ,高乐股份,pre_market_selection,2026-03-02 09:00:00,20260302,97.4,,,20260303,20260309,8.14,8.61,0.057739557739557634,0.05393663912589308,0.07125307125307123,-0.05036855036855037,1,"{""rec_date"": ""20260302"", ""strategy_type"": ""文教休闲""}",,WEAK_BULL
pre_market_recommendation,buy,2,603588.SH,高能环境,pre_market_selection,2026-03-02 09:00:00,20260302,97.3,,,20260303,20260304,12.69,12.84,0.011820330969267268,0.008182506949004464,0.029156816390859097,-0.04176516942474384,1,"{""rec_date"": ""20260302"", ""strategy_type"": ""环境保护""}",,WEAK_BULL
pre_market_recommendation,buy,3,603588.SH,高能环境,pre_market_selection,2026-03-02 09:00:00,20260302,97.3,,,20260303,20260305,12.69,13.1,0.03230890464933012,0.02859741752585343,0.042553191489361764,-0.04176516942474384,1,"{""rec_date"": ""20260302"", ""strategy_type"": ""环境保护""}",,WEAK_BULL
pre_market_recommendation,buy,4,603588.SH,高能环境,pre_market_selection,2026-03-02 09:00:00,20260302,97.3,,,20260303,20260306,12.69,13.4,0.05594956658786443,0.05215308357606374,0.07959022852639874,-0.04176516942474384,1,"{""rec_date"": ""20260302"", ""strategy_type"": ""环境保护""}",,WEAK_BULL
pre_market_recommendation,buy,5,603588.SH,高能环境,pre_market_selection,2026-03-02 09:00:00,20260302,97.3,,,20260303,20260309,12.69,14.02,0.10480693459416868,0.10083479341316526,0.11111111111111116,-0.04176516942474384,1,"{""rec_date"": ""20260302"", ""strategy_type"": ""环境保护""}",,WEAK_BULL
pre_market_recommendation,buy,2,002980.SZ,华盛昌,pre_market_selection,2026-03-03 09:00:00,20260303,98.0,,,20260304,20260305,34.98,32.46,-0.07204116638078895,-0.07537748097284813,0.0017152658662094034,-0.10034305317324177,0,"{""rec_date"": ""20260303"", ""strategy_type"": ""电器仪表""}",,NEUTRAL
pre_market_recommendation,buy,3,002980.SZ,华盛昌,pre_market_selection,2026-03-03 09:00:00,20260303,98.0,,,20260304,20260306,34.98,34.4,-0.01658090337335616,-0.020116615695193296,0.002287021154945945,-0.10034305317324177,0,"{""rec_date"": ""20260303"", ""strategy_type"": ""电器仪表""}",,NEUTRAL
pre_market_recommendation,buy,4,002980.SZ,华盛昌,pre_market_selection,2026-03-03 09:00:00,20260303,98.0,,,20260304,20260309,34.98,35.6,0.017724413950829243,0.014065362827067274,0.046312178387650116,-0.10034305317324177,1,"{""rec_date"": ""20260303"", ""strategy_type"": ""电器仪表""}",,NEUTRAL
pre_market_recommendation,buy,5,002980.SZ,华盛昌,pre_market_selection,2026-03-03 09:00:00,20260303,98.0,,,20260304,20260310,34.98,36.78,0.051457975986278104,0.047677641707290386,0.07718696397941693,-0.10034305317324177,1,"{""rec_date"": ""20260303"", ""strategy_type"": ""电器仪表""}",,NEUTRAL
pre_market_recommendation,buy,2,600798.SH,宁波海运,pre_market_selection,2026-03-03 09:00:00,20260303,98.0,,,20260304,20260305,4.63,4.06,-0.12311015118790503,-0.12626285612720722,0.0,-0.13390928725701945,0,"{""rec_date"": ""20260303"", ""strategy_type"": ""水运""}",,NEUTRAL
pre_market_recommendation,buy,3,600798.SH,宁波海运,pre_market_selection,2026-03-03 09:00:00,20260303,98.0,,,20260304,20260306,4.63,4.05,-0.12526997840172793,-0.12841491805792848,0.0,-0.1555075593952483,0,"{""rec_date"": ""20260303"", ""strategy_type"": ""水运""}",,NEUTRAL
pre_market_recommendation,buy,4,600798.SH,宁波海运,pre_market_selection,2026-03-03 09:00:00,20260303,98.0,,,20260304,20260309,4.63,3.95,-0.14686825053995678,-0.14993553736513998,0.0,-0.1555075593952483,0,"{""rec_date"": ""20260303"", ""strategy_type"": ""水运""}",,NEUTRAL
pre_market_recommendation,buy,5,600798.SH,宁波海运,pre_market_selection,2026-03-03 09:00:00,20260303,98.0,,,20260304,20260310,4.63,3.98,-0.14038876889848806,-0.14347935157297653,0.0,-0.1576673866090713,0,"{""rec_date"": ""20260303"", ""strategy_type"": ""水运""}",,NEUTRAL
pre_market_recommendation,buy,2,600026.SH,中远海能,pre_market_selection,2026-03-03 09:00:00,20260303,97.5,,,20260304,20260305,24.99,24.98,-0.0004001600640255454,-0.00399404743421361,0.04201680672268915,-0.10324129651860736,0,"{""rec_date"": ""20260303"", ""strategy_type"": ""水运""}",,NEUTRAL
pre_market_recommendation,buy,3,600026.SH,中远海能,pre_market_selection,2026-03-03 09:00:00,20260303,97.5,,,20260304,20260306,24.99,25.24,0.010004001600640189,0.006372707876719286,0.04761904761904767,-0.10324129651860736,1,"{""rec_date"": ""20260303"", ""strategy_type"": ""水运""}",,NEUTRAL
pre_market_recommendation,buy,4,600026.SH,中远海能,pre_market_selection,2026-03-03 09:00:00,20260303,97.5,,,20260304,20260309,24.99,22.72,-0.09083633453381357,-0.09410507436770754,0.06642657062825141,-0.10324129651860736,0,"{""rec_date"": ""20260303"", ""strategy_type"": ""水运""}",,NEUTRAL
pre_market_recommendation,buy,5,600026.SH,中远海能,pre_market_selection,2026-03-03 09:00:00,20260303,97.5,,,20260304,20260310,24.99,23.26,-0.06922769107643045,-0.07257412102961591,0.06642657062825141,-0.13565426170468176,0,"{""rec_date"": ""20260303"", ""strategy_type"": ""水运""}",,NEUTRAL
pre_market_recommendation,buy,2,601872.SH,招商轮船,pre_market_selection,2026-03-03 09:00:00,20260303,97.5,,,20260304,20260305,18.8,17.46,-0.07127659574468082,-0.07461565921748514,0.0,-0.12234042553191493,0,"{""rec_date"": ""20260303"", ""strategy_type"": ""水运""}",,NEUTRAL
pre_market_recommendation,buy,3,601872.SH,招商轮船,pre_market_selection,2026-03-03 09:00:00,20260303,97.5,,,20260304,20260306,18.8,17.12,-0.08936170212765959,-0.09263574374589623,0.0,-0.12234042553191493,0,"{""rec_date"": ""20260303"", ""strategy_type"": ""水运""}",,NEUTRAL
pre_market_recommendation,buy,4,601872.SH,招商轮船,pre_market_selection,2026-03-03 09:00:00,20260303,97.5,,,20260304,20260309,18.8,15.72,-0.1638297872340425,-0.1668360918040589,0.0,-0.17712765957446808,0,"{""rec_date"": ""20260303"", ""strategy_type"": ""水运""}",,NEUTRAL
pre_market_recommendation,buy,5,601872.SH,招商轮船,pre_market_selection,2026-03-03 09:00:00,20260303,97.5,,,20260304,20260310,18.8,16.47,-0.12393617021276604,-0.12708590534432895,0.0,-0.17712765957446808,0,"{""rec_date"": ""20260303"", ""strategy_type"": ""水运""}",,NEUTRAL
pre_market_recommendation,buy,2,603393.SH,新天然气,pre_market_selection,2026-03-03 09:00:00,20260303,97.3,,,20260304,20260305,40.59,39.0,-0.03917220990391734,-0.04262669911229222,0.022172949002217335,-0.09090909090909105,0,"{""rec_date"": ""20260303"", ""strategy_type"": ""供气供热""}",,NEUTRAL
pre_market_recommendation,buy,3,603393.SH,新天然气,pre_market_selection,2026-03-03 09:00:00,20260303,97.3,,,20260304,20260306,40.59,37.88,-0.06676521310667649,-0.07012049647111851,0.022172949002217335,-0.09090909090909105,0,"{""rec_date"": ""20260303"", ""strategy_type"": ""供气供热""}",,NEUTRAL
pre_market_recommendation,buy,4,603393.SH,新天然气,pre_market_selection,2026-03-03 09:00:00,20260303,97.3,,,20260304,20260309,40.59,39.05,-0.03794037940379413,-0.04139929744448756,0.02611480660261134,-0.09090909090909105,0,"{""rec_date"": ""20260303"", ""strategy_type"": ""供气供热""}",,NEUTRAL
pre_market_recommendation,buy,5,603393.SH,新天然气,pre_market_selection,2026-03-03 09:00:00,20260303,97.3,,,20260304,20260310,40.59,38.6,-0.04902685390490269,-0.05244591245473018,0.02611480660261134,-0.13008130081300817,0,"{""rec_date"": ""20260303"", ""strategy_type"": ""供气供热""}",,NEUTRAL
pre_market_recommendation,buy,2,600759.SH,洲际油气,pre_market_selection,2026-03-03 09:00:00,20260303,97.2,,,20260304,20260305,8.26,8.7,0.0532687651331718,0.049481920476746044,0.1004842615012107,-0.05811138014527839,1,"{""rec_date"": ""20260303"", ""strategy_type"": ""石油开采""}",,NEUTRAL
pre_market_recommendation,buy,3,600759.SH,洲际油气,pre_market_selection,2026-03-03 09:00:00,20260303,97.2,,,20260304,20260306,8.26,8.24,-0.002421307506053183,-0.006007928192139356,0.1004842615012107,-0.05811138014527839,0,"{""rec_date"": ""20260303"", ""strategy_type"": ""石油开采""}",,NEUTRAL
pre_market_recommendation,buy,4,600759.SH,洲际油气,pre_market_selection,2026-03-03 09:00:00,20260303,97.2,,,20260304,20260309,8.26,8.32,0.007263922518159882,0.0036424802720147476,0.1004842615012107,-0.05811138014527839,1,"{""rec_date"": ""20260303"", ""strategy_type"": ""石油开采""}",,NEUTRAL
pre_market_recommendation,buy,5,600759.SH,洲际油气,pre_market_selection,2026-03-03 09:00:00,20260303,97.2,,,20260304,20260310,8.26,7.49,-0.09322033898305082,-0.09648050754358295,0.1004842615012107,-0.09322033898305082,0,"{""rec_date"": ""20260303"", ""strategy_type"": ""石油开采""}",,NEUTRAL
pre_market_recommendation,buy,2,002843.SZ,泰嘉股份,pre_market_selection,2026-03-03 09:00:00,20260303,97.1,,,20260304,20260305,28.87,25.39,-0.12054035330793211,-0.12370229750856254,0.023900242466227795,-0.12054035330793211,0,"{""rec_date"": ""20260303"", ""strategy_type"": ""钢加工""}",,NEUTRAL
pre_market_recommendation,buy,3,002843.SZ,泰嘉股份,pre_market_selection,2026-03-03 09:00:00,20260303,97.1,,,20260304,20260306,28.87,27.93,-0.03255975060616556,-0.03603801376188076,0.023900242466227795,-0.1468652580533426,0,"{""rec_date"": ""20260303"", ""strategy_type"": ""钢加工""}",,NEUTRAL
pre_market_recommendation,buy,4,002843.SZ,泰嘉股份,pre_market_selection,2026-03-03 09:00:00,20260303,97.1,,,20260304,20260309,28.87,26.66,-0.07655005195704889,-0.0798701556352217,0.023900242466227795,-0.1468652580533426,0,"{""rec_date"": ""20260303"", ""strategy_type"": ""钢加工""}",,NEUTRAL
pre_market_recommendation,buy,5,002843.SZ,泰嘉股份,pre_market_selection,2026-03-03 09:00:00,20260303,97.1,,,20260304,20260310,28.87,26.93,-0.06719778316591618,-0.07055151129994441,0.023900242466227795,-0.1468652580533426,0,"{""rec_date"": ""20260303"", ""strategy_type"": ""钢加工""}",,NEUTRAL
pre_market_recommendation,buy,2,600744.SH,华银电力,pre_market_selection,2026-03-03 09:00:00,20260303,96.9,,,20260304,20260305,7.66,9.04,0.18015665796344638,0.17591360995718608,0.18015665796344638,-0.007832898172323799,1,"{""rec_date"": ""20260303"", ""strategy_type"": ""火力发电""}",,NEUTRAL
pre_market_recommendation,buy,3,600744.SH,华银电力,pre_market_selection,2026-03-03 09:00:00,20260303,96.9,,,20260304,20260306,7.66,9.08,0.1853785900783289,0.18111676752336847,0.23629242819843355,-0.007832898172323799,1,"{""rec_date"": ""20260303"", ""strategy_type"": ""火力发电""}",,NEUTRAL
pre_market_recommendation,buy,4,600744.SH,华银电力,pre_market_selection,2026-03-03 09:00:00,20260303,96.9,,,20260304,20260309,7.66,9.32,0.2167101827676241,0.21233571292046216,0.2754569190600522,-0.007832898172323799,1,"{""rec_date"": ""20260303"", ""strategy_type"": ""火力发电""}",,NEUTRAL
pre_market_recommendation,buy,5,600744.SH,华银电力,pre_market_selection,2026-03-03 09:00:00,20260303,96.9,,,20260304,20260310,7.66,9.08,0.1853785900783289,0.18111676752336847,0.2754569190600522,-0.007832898172323799,1,"{""rec_date"": ""20260303"", ""strategy_type"": ""火力发电""}",,NEUTRAL
pre_market_recommendation,buy,2,603663.SH,三祥新材,pre_market_selection,2026-03-03 09:00:00,20260303,96.9,,,20260304,20260305,52.66,53.27,0.011583744777820204,0.007946771362060678,0.08051652107861762,-0.008165590581086235,1,"{""rec_date"": ""20260303"", ""strategy_type"": ""小金属""}",,NEUTRAL
pre_market_recommendation,buy,3,603663.SH,三祥新材,pre_market_selection,2026-03-03 09:00:00,20260303,96.9,,,20260304,20260306,52.66,52.9,0.004557538928978477,0.0009458270143232195,0.08051652107861762,-0.018420053171287476,1,"{""rec_date"": ""20260303"", ""strategy_type"": ""小金属""}",,NEUTRAL
pre_market_recommendation,buy,4,603663.SH,三祥新材,pre_market_selection,2026-03-03 09:00:00,20260303,96.9,,,20260304,20260309,52.66,50.93,-0.03285225977971884,-0.036329471269574976,0.08051652107861762,-0.06570451955943779,0,"{""rec_date"": ""20260303"", ""strategy_type"": ""小金属""}",,NEUTRAL
pre_market_recommendation,buy,5,603663.SH,三祥新材,pre_market_selection,2026-03-03 09:00:00,20260303,96.9,,,20260304,20260310,52.66,52.32,-0.0064565134827192505,-0.010028626287535092,0.08051652107861762,-0.06570451955943779,0,"{""rec_date"": ""20260303"", ""strategy_type"": ""小金属""}",,NEUTRAL
pre_market_recommendation,buy,2,600236.SH,桂冠电力,pre_market_selection,2026-03-04 09:00:00,20260304,98.0,,,20260305,20260306,11.08,10.95,-0.011732851985559622,-0.01528599463296998,0.07761732851985559,-0.051444043321299704,0,"{""rec_date"": ""20260304"", ""strategy_type"": ""水力发电""}",,NEUTRAL
pre_market_recommendation,buy,3,600236.SH,桂冠电力,pre_market_selection,2026-03-04 09:00:00,20260304,98.0,,,20260305,20260309,11.08,10.43,-0.05866425992779789,-0.062048668860445244,0.07761732851985559,-0.06949458483754511,0,"{""rec_date"": ""20260304"", ""strategy_type"": ""水力发电""}",,NEUTRAL
pre_market_recommendation,buy,4,600236.SH,桂冠电力,pre_market_selection,2026-03-04 09:00:00,20260304,98.0,,,20260305,20260310,11.08,10.29,-0.0712996389891698,-0.07463861961399632,0.07761732851985559,-0.08483754512635377,0,"{""rec_date"": ""20260304"", ""strategy_type"": ""水力发电""}",,NEUTRAL
pre_market_recommendation,buy,5,600236.SH,桂冠电力,pre_market_selection,2026-03-04 09:00:00,20260304,98.0,,,20260305,20260311,11.08,9.96,-0.10108303249097461,-0.10431493210450937,0.07761732851985559,-0.1155234657039711,0,"{""rec_date"": ""20260304"", ""strategy_type"": ""水力发电""}",,NEUTRAL
pre_market_recommendation,buy,2,603318.SH,水发燃气,pre_market_selection,2026-03-04 09:00:00,20260304,97.5,,,20260305,20260306,10.09,10.13,0.003964321110009994,0.00035474200684815216,0.06541129831516357,-0.14271555996035679,1,"{""rec_date"": ""20260304"", ""strategy_type"": ""供气供热""}",,NEUTRAL
pre_market_recommendation,buy,3,603318.SH,水发燃气,pre_market_selection,2026-03-04 09:00:00,20260304,97.5,,,20260305,20260309,10.09,9.3,-0.0782953419226956,-0.08160917071434481,0.09018830525272548,-0.14271555996035679,0,"{""rec_date"": ""20260304"", ""strategy_type"": ""供气供热""}",,NEUTRAL
pre_market_recommendation,buy,4,603318.SH,水发燃气,pre_market_selection,2026-03-04 09:00:00,20260304,97.5,,,20260305,20260310,10.09,9.31,-0.07730426164519322,-0.08062165369360741,0.09018830525272548,-0.1665014866204162,0,"{""rec_date"": ""20260304"", ""strategy_type"": ""供气供热""}",,NEUTRAL
pre_market_recommendation,buy,5,603318.SH,水发燃气,pre_market_selection,2026-03-04 09:00:00,20260304,97.5,,,20260305,20260311,10.09,9.33,-0.07532210109018833,-0.07864661965213304,0.09018830525272548,-0.1665014866204162,0,"{""rec_date"": ""20260304"", ""strategy_type"": ""供气供热""}",,NEUTRAL
pre_market_recommendation,buy,2,002491.SZ,通鼎互联,pre_market_selection,2026-03-04 09:00:00,20260304,97.4,,,20260305,20260306,12.8,11.46,-0.10468749999999993,-0.10790644037750918,0.008593749999999956,-0.12031250000000004,0,"{""rec_date"": ""20260304"", ""strategy_type"": ""通信设备""}",,NEUTRAL
pre_market_recommendation,buy,3,002491.SZ,通鼎互联,pre_market_selection,2026-03-04 09:00:00,20260304,97.4,,,20260305,20260309,12.8,10.99,-0.14140625000000007,-0.14449317449815224,0.008593749999999956,-0.19296875000000002,0,"{""rec_date"": ""20260304"", ""strategy_type"": ""通信设备""}",,NEUTRAL
pre_market_recommendation,buy,4,002491.SZ,通鼎互联,pre_market_selection,2026-03-04 09:00:00,20260304,97.4,,,20260305,20260310,12.8,11.9,-0.0703125,-0.07365502971137516,0.008593749999999956,-0.19296875000000002,0,"{""rec_date"": ""20260304"", ""strategy_type"": ""通信设备""}",,NEUTRAL
pre_market_recommendation,buy,5,002491.SZ,通鼎互联,pre_market_selection,2026-03-04 09:00:00,20260304,97.4,,,20260305,20260311,12.8,11.54,-0.09843750000000007,-0.10167891116548489,0.008593749999999956,-0.19296875000000002,0,"{""rec_date"": ""20260304"", ""strategy_type"": ""通信设备""}",,NEUTRAL
pre_market_recommendation,buy,2,600759.SH,洲际油气,pre_market_selection,2026-03-04 09:00:00,20260304,97.2,,,20260305,20260306,8.24,8.24,0.0,-0.003595326076100913,0.10315533980582514,-0.05582524271844658,0,"{""rec_date"": ""20260304"", ""strategy_type"": ""石油开采""}",,NEUTRAL
pre_market_recommendation,buy,3,600759.SH,洲际油气,pre_market_selection,2026-03-04 09:00:00,20260304,97.2,,,20260305,20260309,8.24,8.32,0.009708737864077666,0.006078505709568249,0.10315533980582514,-0.05582524271844658,1,"{""rec_date"": ""20260304"", ""strategy_type"": ""石油开采""}",,NEUTRAL
pre_market_recommendation,buy,4,600759.SH,洲际油气,pre_market_selection,2026-03-04 09:00:00,20260304,97.2,,,20260305,20260310,8.24,7.49,-0.09101941747572817,-0.09428749906674705,0.10315533980582514,-0.09101941747572817,0,"{""rec_date"": ""20260304"", ""strategy_type"": ""石油开采""}",,NEUTRAL
pre_market_recommendation,buy,5,600759.SH,洲际油气,pre_market_selection,2026-03-04 09:00:00,20260304,97.2,,,20260305,20260311,8.24,7.56,-0.08252427184466027,-0.08582289625428674,0.10315533980582514,-0.16140776699029125,0,"{""rec_date"": ""20260304"", ""strategy_type"": ""石油开采""}",,NEUTRAL
pre_market_recommendation,buy,2,603618.SH,杭电股份,pre_market_selection,2026-03-04 09:00:00,20260304,97.2,,,20260305,20260306,21.3,19.17,-0.09999999999999998,-0.10323579346849066,0.04225352112676051,-0.10422535211267614,0,"{""rec_date"": ""20260304"", ""strategy_type"": ""电气设备""}",,NEUTRAL
pre_market_recommendation,buy,3,603618.SH,杭电股份,pre_market_selection,2026-03-04 09:00:00,20260304,97.2,,,20260305,20260309,21.3,20.0,-0.06103286384976525,-0.06440875687896797,0.04225352112676051,-0.1478873239436621,0,"{""rec_date"": ""20260304"", ""strategy_type"": ""电气设备""}",,NEUTRAL
pre_market_recommendation,buy,4,603618.SH,杭电股份,pre_market_selection,2026-03-04 09:00:00,20260304,97.2,,,20260305,20260310,21.3,20.72,-0.027230046948356845,-0.030727472126610866,0.04225352112676051,-0.1478873239436621,0,"{""rec_date"": ""20260304"", ""strategy_type"": ""电气设备""}",,NEUTRAL
pre_market_recommendation,buy,5,603618.SH,杭电股份,pre_market_selection,2026-03-04 09:00:00,20260304,97.2,,,20260305,20260311,21.3,20.6,-0.032863849765258135,-0.036341019585336976,0.04319248826291067,-0.1478873239436621,0,"{""rec_date"": ""20260304"", ""strategy_type"": ""电气设备""}",,NEUTRAL
pre_market_recommendation,buy,2,000988.SZ,华工科技,pre_market_selection,2026-03-04 09:00:00,20260304,97.1,,,20260305,20260306,105.0,114.78,0.0931428571428572,0.08921265212366802,0.10561904761904772,-0.0519047619047619,1,"{""rec_date"": ""20260304"", ""strategy_type"": ""专用机械""}",,NEUTRAL
pre_market_recommendation,buy,3,000988.SZ,华工科技,pre_market_selection,2026-03-04 09:00:00,20260304,97.1,,,20260305,20260309,105.0,118.6,0.12952380952380937,0.12546280311785174,0.14076190476190487,-0.0519047619047619,1,"{""rec_date"": ""20260304"", ""strategy_type"": ""专用机械""}",,NEUTRAL
pre_market_recommendation,buy,4,000988.SZ,华工科技,pre_market_selection,2026-03-04 09:00:00,20260304,97.1,,,20260305,20260310,105.0,123.51,0.17628571428571438,0.17205658358419806,0.18095238095238098,-0.0519047619047619,1,"{""rec_date"": ""20260304"", ""strategy_type"": ""专用机械""}",,NEUTRAL
pre_market_recommendation,buy,5,000988.SZ,华工科技,pre_market_selection,2026-03-04 09:00:00,20260304,97.1,,,20260305,20260311,105.0,134.88,0.2845714285714285,0.2799529754176715,0.29228571428571426,-0.0519047619047619,1,"{""rec_date"": ""20260304"", ""strategy_type"": ""专用机械""}",,NEUTRAL
pre_market_recommendation,buy,2,603663.SH,三祥新材,pre_market_selection,2026-03-04 09:00:00,20260304,96.4,,,20260305,20260306,54.5,52.9,-0.029357798165137616,-0.032847573383958606,0.0,-0.05155963302752298,0,"{""rec_date"": ""20260304"", ""strategy_type"": ""小金属""}",,NEUTRAL
pre_market_recommendation,buy,3,603663.SH,三祥新材,pre_market_selection,2026-03-04 09:00:00,20260304,96.4,,,20260305,20260309,54.5,50.93,-0.0655045871559633,-0.06886440288175821,0.0,-0.0972477064220183,0,"{""rec_date"": ""20260304"", ""strategy_type"": ""小金属""}",,NEUTRAL
pre_market_recommendation,buy,4,603663.SH,三祥新材,pre_market_selection,2026-03-04 09:00:00,20260304,96.4,,,20260305,20260310,54.5,52.32,-0.040000000000000036,-0.04345151303305694,0.0,-0.0972477064220183,0,"{""rec_date"": ""20260304"", ""strategy_type"": ""小金属""}",,NEUTRAL
pre_market_recommendation,buy,5,603663.SH,三祥新材,pre_market_selection,2026-03-04 09:00:00,20260304,96.4,,,20260305,20260311,54.5,52.29,-0.04055045871559637,-0.04399999267007926,0.0,-0.0972477064220183,0,"{""rec_date"": ""20260304"", ""strategy_type"": ""小金属""}",,NEUTRAL
pre_market_recommendation,buy,2,605366.SH,宏柏新材,pre_market_selection,2026-03-04 09:00:00,20260304,95.2,,,20260305,20260306,10.46,10.92,0.043977055449330615,0.0402236175190227,0.0497131931166348,-0.052581261950286895,1,"{""rec_date"": ""20260304"", ""strategy_type"": ""化工原料""}",,NEUTRAL
pre_market_recommendation,buy,3,605366.SH,宏柏新材,pre_market_selection,2026-03-04 09:00:00,20260304,95.2,,,20260305,20260309,10.46,10.05,-0.03919694072657742,-0.04265134101958057,0.0497131931166348,-0.052581261950286895,0,"{""rec_date"": ""20260304"", ""strategy_type"": ""化工原料""}",,NEUTRAL
pre_market_recommendation,buy,4,605366.SH,宏柏新材,pre_market_selection,2026-03-04 09:00:00,20260304,95.2,,,20260305,20260310,10.46,10.54,0.007648183556405286,0.00402535976652918,0.0497131931166348,-0.052581261950286895,1,"{""rec_date"": ""20260304"", ""strategy_type"": ""化工原料""}",,NEUTRAL
pre_market_recommendation,buy,5,605366.SH,宏柏新材,pre_market_selection,2026-03-04 09:00:00,20260304,95.2,,,20260305,20260311,10.46,10.36,-0.00956022944550683,-0.013121183379388834,0.0497131931166348,-0.052581261950286895,0,"{""rec_date"": ""20260304"", ""strategy_type"": ""化工原料""}",,NEUTRAL
pre_market_recommendation,buy,2,600714.SH,金瑞矿业,pre_market_selection,2026-03-05 09:00:00,20260305,97.5,,,20260306,20260309,23.68,22.02,-0.07010135135135132,-0.07344464021096886,0.07052364864864868,-0.07010135135135132,0,"{""rec_date"": ""20260305"", ""strategy_type"": ""化工原料""}",,NEUTRAL
pre_market_recommendation,buy,3,600714.SH,金瑞矿业,pre_market_selection,2026-03-05 09:00:00,20260305,97.5,,,20260306,20260310,23.68,21.15,-0.10684121621621623,-0.11005241328165272,0.07052364864864868,-0.125,0,"{""rec_date"": ""20260305"", ""strategy_type"": ""化工原料""}",,NEUTRAL
pre_market_recommendation,buy,4,600714.SH,金瑞矿业,pre_market_selection,2026-03-05 09:00:00,20260305,97.5,,,20260306,20260311,23.68,21.63,-0.08657094594594594,-0.08985502124265465,0.07052364864864868,-0.14569256756756754,0,"{""rec_date"": ""20260305"", ""strategy_type"": ""化工原料""}",,NEUTRAL
pre_market_recommendation,buy,5,600714.SH,金瑞矿业,pre_market_selection,2026-03-05 09:00:00,20260305,97.5,,,20260306,20260312,23.68,23.79,0.004645270270270174,0.0010332429328361314,0.07052364864864868,-0.14569256756756754,1,"{""rec_date"": ""20260305"", ""strategy_type"": ""化工原料""}",,NEUTRAL
pre_market_recommendation,buy,2,000988.SZ,华工科技,pre_market_selection,2026-03-05 09:00:00,20260305,97.2,,,20260306,20260309,106.75,118.6,0.11100702576112398,0.1070125932306738,0.1220608899297424,-0.007025761124121788,1,"{""rec_date"": ""20260305"", ""strategy_type"": ""专用机械""}",,NEUTRAL
pre_market_recommendation,buy,3,000988.SZ,华工科技,pre_market_selection,2026-03-05 09:00:00,20260305,97.2,,,20260306,20260310,106.75,123.51,0.15700234192037477,0.15284254123035868,0.1615925058548009,-0.007025761124121788,1,"{""rec_date"": ""20260305"", ""strategy_type"": ""专用机械""}",,NEUTRAL
pre_market_recommendation,buy,4,000988.SZ,华工科技,pre_market_selection,2026-03-05 09:00:00,20260305,97.2,,,20260306,20260311,106.75,134.88,0.2635128805620608,0.25897013975508676,0.2711007025761123,-0.007025761124121788,1,"{""rec_date"": ""20260305"", ""strategy_type"": ""专用机械""}",,NEUTRAL
pre_market_recommendation,buy,5,000988.SZ,华工科技,pre_market_selection,2026-03-05 09:00:00,20260305,97.2,,,20260306,20260312,106.75,127.9,0.19812646370023423,0.19381880838282628,0.3246838407494146,-0.007025761124121788,1,"{""rec_date"": ""20260305"", ""strategy_type"": ""专用机械""}",,NEUTRAL
pre_market_recommendation,buy,2,603618.SH,杭电股份,pre_market_selection,2026-03-05 09:00:00,20260305,97.2,,,20260306,20260309,21.0,20.0,-0.04761904761904767,-0.051043167691524616,0.010000000000000009,-0.1357142857142858,0,"{""rec_date"": ""20260305"", ""strategy_type"": ""电气设备""}",,NEUTRAL
pre_market_recommendation,buy,3,603618.SH,杭电股份,pre_market_selection,2026-03-05 09:00:00,20260305,97.2,,,20260306,20260310,21.0,20.72,-0.01333333333333342,-0.01688072172841959,0.010000000000000009,-0.1357142857142858,0,"{""rec_date"": ""20260305"", ""strategy_type"": ""电气设备""}",,NEUTRAL
pre_market_recommendation,buy,4,603618.SH,杭电股份,pre_market_selection,2026-03-05 09:00:00,20260305,97.2,,,20260306,20260311,21.0,20.6,-0.01904761904761898,-0.022574462722270372,0.05809523809523798,-0.1357142857142858,0,"{""rec_date"": ""20260305"", ""strategy_type"": ""电气设备""}",,NEUTRAL
pre_market_recommendation,buy,5,603618.SH,杭电股份,pre_market_selection,2026-03-05 09:00:00,20260305,97.2,,,20260306,20260312,21.0,20.23,-0.036666666666666625,-0.04013016411997716,0.05809523809523798,-0.1357142857142858,0,"{""rec_date"": ""20260305"", ""strategy_type"": ""电气设备""}",,NEUTRAL
pre_market_recommendation,buy,2,600759.SH,洲际油气,pre_market_selection,2026-03-05 09:00:00,20260305,97.1,,,20260306,20260309,7.88,8.32,0.055837563451776706,0.05204148312777157,0.1497461928934012,0.0,1,"{""rec_date"": ""20260305"", ""strategy_type"": ""石油开采""}",,NEUTRAL
pre_market_recommendation,buy,3,600759.SH,洲际油气,pre_market_selection,2026-03-05 09:00:00,20260305,97.1,,,20260306,20260310,7.88,7.49,-0.04949238578680204,-0.05290977059771529,0.1497461928934012,-0.04949238578680204,0,"{""rec_date"": ""20260305"", ""strategy_type"": ""石油开采""}",,NEUTRAL
pre_market_recommendation,buy,4,600759.SH,洲际油气,pre_market_selection,2026-03-05 09:00:00,20260305,97.1,,,20260306,20260311,7.88,7.56,-0.040609137055837574,-0.04405846004255365,0.1497461928934012,-0.12309644670050757,0,"{""rec_date"": ""20260305"", ""strategy_type"": ""石油开采""}",,NEUTRAL
pre_market_recommendation,buy,5,600759.SH,洲际油气,pre_market_selection,2026-03-05 09:00:00,20260305,97.1,,,20260306,20260312,7.88,7.39,-0.06218274111675126,-0.06555449996223173,0.1497461928934012,-0.12309644670050757,0,"{""rec_date"": ""20260305"", ""strategy_type"": ""石油开采""}",,NEUTRAL
pre_market_recommendation,buy,2,600236.SH,桂冠电力,pre_market_selection,2026-03-05 09:00:00,20260305,96.9,,,20260306,20260309,10.86,10.43,-0.03959484346224673,-0.0430478131651687,0.03867403314917128,-0.05064456721915278,0,"{""rec_date"": ""20260305"", ""strategy_type"": ""水力发电""}",,NEUTRAL
pre_market_recommendation,buy,3,600236.SH,桂冠电力,pre_market_selection,2026-03-05 09:00:00,20260305,96.9,,,20260306,20260310,10.86,10.29,-0.0524861878453039,-0.05589280896160942,0.03867403314917128,-0.0662983425414364,0,"{""rec_date"": ""20260305"", ""strategy_type"": ""水力发电""}",,NEUTRAL
pre_market_recommendation,buy,4,600236.SH,桂冠电力,pre_market_selection,2026-03-05 09:00:00,20260305,96.9,,,20260306,20260311,10.86,9.96,-0.08287292817679548,-0.08617029905321938,0.03867403314917128,-0.09760589318600355,0,"{""rec_date"": ""20260305"", ""strategy_type"": ""水力发电""}",,NEUTRAL
pre_market_recommendation,buy,5,600236.SH,桂冠电力,pre_market_selection,2026-03-05 09:00:00,20260305,96.9,,,20260306,20260312,10.86,10.75,-0.01012891344383049,-0.01368782277330427,0.03867403314917128,-0.10681399631675881,0,"{""rec_date"": ""20260305"", ""strategy_type"": ""水力发电""}",,NEUTRAL
pre_market_recommendation,buy,2,002490.SZ,山东墨龙,pre_market_selection,2026-03-05 09:00:00,20260305,96.8,,,20260306,20260309,12.81,13.24,0.0335675253708041,0.02985151309542733,0.13348946135831374,-0.02810304449648726,1,"{""rec_date"": ""20260305"", ""strategy_type"": ""化工机械""}",,NEUTRAL
pre_market_recommendation,buy,3,002490.SZ,山东墨龙,pre_market_selection,2026-03-05 09:00:00,20260305,96.8,,,20260306,20260310,12.81,11.92,-0.06947697111631546,-0.07282250482647323,0.13348946135831374,-0.06947697111631546,0,"{""rec_date"": ""20260305"", ""strategy_type"": ""化工机械""}",,NEUTRAL
pre_market_recommendation,buy,4,002490.SZ,山东墨龙,pre_market_selection,2026-03-05 09:00:00,20260305,96.8,,,20260306,20260311,12.81,12.01,-0.06245120999219367,-0.06582200360452561,0.13348946135831374,-0.14207650273224048,0,"{""rec_date"": ""20260305"", ""strategy_type"": ""化工机械""}",,NEUTRAL
pre_market_recommendation,buy,5,002490.SZ,山东墨龙,pre_market_selection,2026-03-05 09:00:00,20260305,96.8,,,20260306,20260312,12.81,11.72,-0.08508977361436376,-0.08837917420857944,0.13348946135831374,-0.14207650273224048,0,"{""rec_date"": ""20260305"", ""strategy_type"": ""化工机械""}",,NEUTRAL
pre_market_recommendation,buy,2,600025.SH,华能水电,pre_market_selection,2026-03-05 09:00:00,20260305,95.2,,,20260306,20260309,10.09,10.37,0.027750247770069292,0.024055150504542322,0.04063429137760166,-0.003964321110009772,1,"{""rec_date"": ""20260305"", ""strategy_type"": ""水力发电""}",,NEUTRAL
pre_market_recommendation,buy,3,600025.SH,华能水电,pre_market_selection,2026-03-05 09:00:00,20260305,95.2,,,20260306,20260310,10.09,10.37,0.027750247770069292,0.024055150504542322,0.04063429137760166,-0.003964321110009772,1,"{""rec_date"": ""20260305"", ""strategy_type"": ""水力发电""}",,NEUTRAL
pre_market_recommendation,buy,4,600025.SH,华能水电,pre_market_selection,2026-03-05 09:00:00,20260305,95.2,,,20260306,20260311,10.09,10.55,0.04558969276511404,0.04183045687781317,0.049554013875123815,-0.003964321110009772,1,"{""rec_date"": ""20260305"", ""strategy_type"": ""水力发电""}",,NEUTRAL
pre_market_recommendation,buy,5,600025.SH,华能水电,pre_market_selection,2026-03-05 09:00:00,20260305,95.2,,,20260306,20260312,10.09,10.58,0.04856293359762143,0.04479300794002494,0.05450941526263642,-0.003964321110009772,1,"{""rec_date"": ""20260305"", ""strategy_type"": ""水力发电""}",,NEUTRAL
pre_market_recommendation,buy,2,002135.SZ,东南网架,pre_market_selection,2026-03-05 09:00:00,20260305,94.5,,,20260306,20260309,6.95,6.63,-0.04604316546762599,-0.049472951350294836,0.04172661870503602,-0.08201438848920872,0,"{""rec_date"": ""20260305"", ""strategy_type"": ""钢加工""}",,NEUTRAL
pre_market_recommendation,buy,3,002135.SZ,东南网架,pre_market_selection,2026-03-05 09:00:00,20260305,94.5,,,20260306,20260310,6.95,6.66,-0.04172661870503602,-0.045171923980839135,0.04172661870503602,-0.08201438848920872,0,"{""rec_date"": ""20260305"", ""strategy_type"": ""钢加工""}",,NEUTRAL
pre_market_recommendation,buy,4,002135.SZ,东南网架,pre_market_selection,2026-03-05 09:00:00,20260305,94.5,,,20260306,20260311,6.95,6.92,-0.004316546762589968,-0.007896353445556614,0.04172661870503602,-0.08201438848920872,0,"{""rec_date"": ""20260305"", ""strategy_type"": ""钢加工""}",,NEUTRAL
pre_market_recommendation,buy,5,002135.SZ,东南网架,pre_market_selection,2026-03-05 09:00:00,20260305,94.5,,,20260306,20260312,6.95,7.13,0.025899280575539585,0.022210838140633182,0.054676258992805815,-0.08201438848920872,1,"{""rec_date"": ""20260305"", ""strategy_type"": ""钢加工""}",,NEUTRAL
pre_market_recommendation,buy,2,000988.SZ,华工科技,pre_market_selection,2026-03-06 09:00:00,20260306,97.6,,,20260309,20260310,112.0,123.51,0.10276785714285719,0.0988030471101855,0.1071428571428572,-0.03125,1,"{""rec_date"": ""20260306"", ""strategy_type"": ""专用机械""}",,NEUTRAL
pre_market_recommendation,buy,3,000988.SZ,华工科技,pre_market_selection,2026-03-06 09:00:00,20260306,97.6,,,20260309,20260311,112.0,134.88,0.20428571428571418,0.1999559144540668,0.2115178571428571,-0.03125,1,"{""rec_date"": ""20260306"", ""strategy_type"": ""专用机械""}",,NEUTRAL
pre_market_recommendation,buy,4,000988.SZ,华工科技,pre_market_selection,2026-03-06 09:00:00,20260306,97.6,,,20260309,20260312,112.0,127.9,0.14196428571428577,0.13785855173988115,0.26258928571428575,-0.03125,1,"{""rec_date"": ""20260306"", ""strategy_type"": ""专用机械""}",,NEUTRAL
pre_market_recommendation,buy,5,000988.SZ,华工科技,pre_market_selection,2026-03-06 09:00:00,20260306,97.6,,,20260309,20260313,112.0,118.69,0.0597321428571429,0.05592206025024615,0.26258928571428575,-0.03125,1,"{""rec_date"": ""20260306"", ""strategy_type"": ""专用机械""}",,NEUTRAL
pre_market_recommendation,buy,2,002490.SZ,山东墨龙,pre_market_selection,2026-03-06 09:00:00,20260306,97.3,,,20260309,20260310,14.52,11.92,-0.17906336088154273,-0.18201489578699193,0.0,-0.17906336088154273,0,"{""rec_date"": ""20260306"", ""strategy_type"": ""化工机械""}",,NEUTRAL
pre_market_recommendation,buy,3,002490.SZ,山东墨龙,pre_market_selection,2026-03-06 09:00:00,20260306,97.3,,,20260309,20260311,14.52,12.01,-0.17286501377410468,-0.17583883375853804,0.0,-0.2431129476584022,0,"{""rec_date"": ""20260306"", ""strategy_type"": ""化工机械""}",,NEUTRAL
pre_market_recommendation,buy,4,002490.SZ,山东墨龙,pre_market_selection,2026-03-06 09:00:00,20260306,97.3,,,20260309,20260312,14.52,11.72,-0.19283746556473824,-0.19573947807244507,0.0,-0.2431129476584022,0,"{""rec_date"": ""20260306"", ""strategy_type"": ""化工机械""}",,NEUTRAL
pre_market_recommendation,buy,5,002490.SZ,山东墨龙,pre_market_selection,2026-03-06 09:00:00,20260306,97.3,,,20260309,20260313,14.52,11.2,-0.2286501377410468,-0.23142339201462336,0.0,-0.2465564738292011,0,"{""rec_date"": ""20260306"", ""strategy_type"": ""化工机械""}",,NEUTRAL
pre_market_recommendation,buy,2,600722.SH,金牛化工,pre_market_selection,2026-03-06 09:00:00,20260306,97.2,,,20260309,20260310,14.88,12.73,-0.144489247311828,-0.14756508742935248,0.0,-0.19959677419354838,0,"{""rec_date"": ""20260306"", ""strategy_type"": ""化工原料""}",,NEUTRAL
pre_market_recommendation,buy,3,600722.SH,金牛化工,pre_market_selection,2026-03-06 09:00:00,20260306,97.2,,,20260309,20260311,14.88,14.0,-0.05913978494623662,-0.06252248421138529,0.0,-0.19959677419354838,0,"{""rec_date"": ""20260306"", ""strategy_type"": ""化工原料""}",,NEUTRAL
pre_market_recommendation,buy,4,600722.SH,金牛化工,pre_market_selection,2026-03-06 09:00:00,20260306,97.2,,,20260309,20260312,14.88,15.4,0.034946236559139754,0.031225267367475995,0.034946236559139754,-0.19959677419354838,1,"{""rec_date"": ""20260306"", ""strategy_type"": ""化工原料""}",,NEUTRAL
pre_market_recommendation,buy,5,600722.SH,金牛化工,pre_market_selection,2026-03-06 09:00:00,20260306,97.2,,,20260309,20260313,14.88,16.94,0.13844086021505375,0.13434779410422393,0.13844086021505375,-0.19959677419354838,1,"{""rec_date"": ""20260306"", ""strategy_type"": ""化工原料""}",,NEUTRAL
pre_market_recommendation,buy,2,600714.SH,金瑞矿业,pre_market_selection,2026-03-06 09:00:00,20260306,97.0,,,20260309,20260310,24.9,21.15,-0.1506024096385542,-0.153656270944158,0.01807228915662673,-0.1678714859437751,0,"{""rec_date"": ""20260306"", ""strategy_type"": ""化工原料""}",,NEUTRAL
pre_market_recommendation,buy,3,600714.SH,金瑞矿业,pre_market_selection,2026-03-06 09:00:00,20260306,97.0,,,20260309,20260311,24.9,21.63,-0.13132530120481922,-0.13444847000104665,0.01807228915662673,-0.18755020080321283,0,"{""rec_date"": ""20260306"", ""strategy_type"": ""化工原料""}",,NEUTRAL
pre_market_recommendation,buy,4,600714.SH,金瑞矿业,pre_market_selection,2026-03-06 09:00:00,20260306,97.0,,,20260309,20260312,24.9,23.79,-0.04457831325301198,-0.048013365757045845,0.01807228915662673,-0.18755020080321283,0,"{""rec_date"": ""20260306"", ""strategy_type"": ""化工原料""}",,NEUTRAL
pre_market_recommendation,buy,5,600714.SH,金瑞矿业,pre_market_selection,2026-03-06 09:00:00,20260306,97.0,,,20260309,20260313,24.9,24.85,-0.00200803212851397,-0.0055961386743415,0.027309236947791193,-0.18755020080321283,0,"{""rec_date"": ""20260306"", ""strategy_type"": ""化工原料""}",,NEUTRAL
pre_market_recommendation,buy,2,600673.SH,东阳光,pre_market_selection,2026-03-06 09:00:00,20260306,96.9,,,20260309,20260310,35.0,38.91,0.11171428571428565,0.10771731035368304,0.18799999999999994,-0.01914285714285724,1,"{""rec_date"": ""20260306"", ""strategy_type"": ""综合类""}",,NEUTRAL
pre_market_recommendation,buy,3,600673.SH,东阳光,pre_market_selection,2026-03-06 09:00:00,20260306,96.9,,,20260309,20260311,35.0,36.85,0.052857142857142936,0.04907177811701935,0.18799999999999994,-0.01914285714285724,1,"{""rec_date"": ""20260306"", ""strategy_type"": ""综合类""}",,NEUTRAL
pre_market_recommendation,buy,4,600673.SH,东阳光,pre_market_selection,2026-03-06 09:00:00,20260306,96.9,,,20260309,20260312,35.0,37.8,0.07999999999999985,0.07611704783781081,0.18799999999999994,-0.01914285714285724,1,"{""rec_date"": ""20260306"", ""strategy_type"": ""综合类""}",,NEUTRAL
pre_market_recommendation,buy,5,600673.SH,东阳光,pre_market_selection,2026-03-06 09:00:00,20260306,96.9,,,20260309,20260313,35.0,34.82,-0.005142857142857116,-0.00871969297056674,0.18799999999999994,-0.01914285714285724,0,"{""rec_date"": ""20260306"", ""strategy_type"": ""综合类""}",,NEUTRAL
pre_market_recommendation,buy,2,603093.SH,南华期货,pre_market_selection,2026-03-06 09:00:00,20260306,96.8,,,20260309,20260310,21.82,21.35,-0.021539871677360156,-0.025057754891143702,0.022456461961503082,-0.025206232813932195,0,"{""rec_date"": ""20260306"", ""strategy_type"": ""多元金融""}",,NEUTRAL
pre_market_recommendation,buy,3,603093.SH,南华期货,pre_market_selection,2026-03-06 09:00:00,20260306,96.8,,,20260309,20260311,21.82,21.37,-0.02062328139321723,-0.024144460047950345,0.022456461961503082,-0.03208065994500453,0,"{""rec_date"": ""20260306"", ""strategy_type"": ""多元金融""}",,NEUTRAL
pre_market_recommendation,buy,4,603093.SH,南华期货,pre_market_selection,2026-03-06 09:00:00,20260306,96.8,,,20260309,20260312,21.82,22.97,0.05270394133822176,0.04891912740751425,0.05270394133822176,-0.03208065994500453,1,"{""rec_date"": ""20260306"", ""strategy_type"": ""多元金融""}",,NEUTRAL
pre_market_recommendation,buy,5,603093.SH,南华期货,pre_market_selection,2026-03-06 09:00:00,20260306,96.8,,,20260309,20260313,21.82,21.24,-0.02658111824014675,-0.030080876528707057,0.05270394133822176,-0.05270394133822176,0,"{""rec_date"": ""20260306"", ""strategy_type"": ""多元金融""}",,NEUTRAL
pre_market_recommendation,buy,2,603121.SH,华培动力,pre_market_selection,2026-03-06 09:00:00,20260306,96.4,,,20260309,20260310,23.13,20.82,-0.09987029831387806,-0.10310655810222302,0.0,-0.09987029831387806,0,"{""rec_date"": ""20260306"", ""strategy_type"": ""汽车配件""}",,NEUTRAL
pre_market_recommendation,buy,3,603121.SH,华培动力,pre_market_selection,2026-03-06 09:00:00,20260306,96.4,,,20260309,20260311,23.13,19.6,-0.15261565067012528,-0.15566227371775077,0.0,-0.15304798962386512,0,"{""rec_date"": ""20260306"", ""strategy_type"": ""汽车配件""}",,NEUTRAL
pre_market_recommendation,buy,4,603121.SH,华培动力,pre_market_selection,2026-03-06 09:00:00,20260306,96.4,,,20260309,20260312,23.13,19.47,-0.1582360570687419,-0.16126247292268425,0.0,-0.1893644617380026,0,"{""rec_date"": ""20260306"", ""strategy_type"": ""汽车配件""}",,NEUTRAL
pre_market_recommendation,buy,5,603121.SH,华培动力,pre_market_selection,2026-03-06 09:00:00,20260306,96.4,,,20260309,20260313,23.13,19.68,-0.14915693904020755,-0.15221599728394575,0.0,-0.1893644617380026,0,"{""rec_date"": ""20260306"", ""strategy_type"": ""汽车配件""}",,NEUTRAL
pre_market_recommendation,buy,2,605298.SH,必得科技,pre_market_selection,2026-03-06 09:00:00,20260306,96.3,,,20260309,20260310,50.91,52.3,0.02730308387350222,0.02360959430799303,0.07051659791789433,-0.017874680809271237,1,"{""rec_date"": ""20260306"", ""strategy_type"": ""运输设备""}",,NEUTRAL
pre_market_recommendation,buy,3,605298.SH,必得科技,pre_market_selection,2026-03-06 09:00:00,20260306,96.3,,,20260309,20260311,50.91,52.31,0.027499508937340433,0.023805313159677155,0.07051659791789433,-0.017874680809271237,1,"{""rec_date"": ""20260306"", ""strategy_type"": ""运输设备""}",,NEUTRAL
pre_market_recommendation,buy,4,605298.SH,必得科技,pre_market_selection,2026-03-06 09:00:00,20260306,96.3,,,20260309,20260312,50.91,52.53,0.03182086034177978,0.028111127896728094,0.07051659791789433,-0.017874680809271237,1,"{""rec_date"": ""20260306"", ""strategy_type"": ""运输设备""}",,NEUTRAL
pre_market_recommendation,buy,5,605298.SH,必得科技,pre_market_selection,2026-03-06 09:00:00,20260306,96.3,,,20260309,20260313,50.91,48.96,-0.03830288744843835,-0.041760502154505996,0.07051659791789433,-0.04144568846984875,0,"{""rec_date"": ""20260306"", ""strategy_type"": ""运输设备""}",,NEUTRAL
pre_market_recommendation,buy,2,001696.SZ,宗申动力,pre_market_selection,2026-03-06 09:00:00,20260306,95.5,,,20260309,20260310,25.4,23.48,-0.07559055118110225,-0.07891410457743497,0.018110236220472586,-0.08267716535433067,0,"{""rec_date"": ""20260306"", ""strategy_type"": ""摩托车""}",,NEUTRAL
pre_market_recommendation,buy,3,001696.SZ,宗申动力,pre_market_selection,2026-03-06 09:00:00,20260306,95.5,,,20260309,20260311,25.4,23.34,-0.08110236220472433,-0.0844060988431572,0.018110236220472586,-0.09015748031496063,0,"{""rec_date"": ""20260306"", ""strategy_type"": ""摩托车""}",,NEUTRAL
pre_market_recommendation,buy,4,001696.SZ,宗申动力,pre_market_selection,2026-03-06 09:00:00,20260306,95.5,,,20260309,20260312,25.4,22.37,-0.11929133858267704,-0.12245777339851871,0.018110236220472586,-0.12401574803149606,0,"{""rec_date"": ""20260306"", ""strategy_type"": ""摩托车""}",,NEUTRAL
pre_market_recommendation,buy,5,001696.SZ,宗申动力,pre_market_selection,2026-03-06 09:00:00,20260306,95.5,,,20260309,20260313,25.4,22.17,-0.12716535433070852,-0.13030347949240773,0.018110236220472586,-0.13700787401574788,0,"{""rec_date"": ""20260306"", ""strategy_type"": ""摩托车""}",,NEUTRAL
pre_market_recommendation,buy,2,601567.SH,三星医疗,pre_market_selection,2026-03-06 09:00:00,20260306,95.5,,,20260309,20260310,30.58,32.86,0.0745585349901896,0.07069514666904264,0.09777632439502959,-0.005886200130804431,1,"{""rec_date"": ""20260306"", ""strategy_type"": ""电气设备""}",,NEUTRAL
pre_market_recommendation,buy,3,601567.SH,三星医疗,pre_market_selection,2026-03-06 09:00:00,20260306,95.5,,,20260309,20260311,30.58,32.39,0.059189012426422494,0.0553808825505262,0.1007194244604317,-0.005886200130804431,1,"{""rec_date"": ""20260306"", ""strategy_type"": ""电气设备""}",,NEUTRAL
pre_market_recommendation,buy,4,601567.SH,三星医疗,pre_market_selection,2026-03-06 09:00:00,20260306,95.5,,,20260309,20260312,30.58,31.4,0.026814911706998013,0.023123177279608775,0.1007194244604317,-0.005886200130804431,1,"{""rec_date"": ""20260306"", ""strategy_type"": ""电气设备""}",,NEUTRAL
pre_market_recommendation,buy,5,601567.SH,三星医疗,pre_market_selection,2026-03-06 09:00:00,20260306,95.5,,,20260309,20260313,30.58,30.44,-0.004578155657292249,-0.00815702177097799,0.1007194244604317,-0.010791366906474753,0,"{""rec_date"": ""20260306"", ""strategy_type"": ""电气设备""}",,NEUTRAL
pre_market_recommendation,buy,2,001339.SZ,智微智能,pre_market_selection,2026-03-09 09:00:00,20260309,98.0,,,20260310,20260311,77.0,75.54,-0.018961038961038845,-0.02248819391933321,0.03896103896103886,-0.038961038961038974,0,"{""rec_date"": ""20260309"", ""strategy_type"": ""IT设备""}",,WEAK_BULL
pre_market_recommendation,buy,3,001339.SZ,智微智能,pre_market_selection,2026-03-09 09:00:00,20260309,98.0,,,20260310,20260312,77.0,72.6,-0.05714285714285716,-0.0605327360146094,0.03896103896103886,-0.06688311688311699,0,"{""rec_date"": ""20260309"", ""strategy_type"": ""IT设备""}",,WEAK_BULL
pre_market_recommendation,buy,4,001339.SZ,智微智能,pre_market_selection,2026-03-09 09:00:00,20260309,98.0,,,20260310,20260313,77.0,73.24,-0.04883116883116889,-0.052250930932644546,0.03896103896103886,-0.08077922077922073,0,"{""rec_date"": ""20260309"", ""strategy_type"": ""IT设备""}",,WEAK_BULL
pre_market_recommendation,buy,5,001339.SZ,智微智能,pre_market_selection,2026-03-09 09:00:00,20260309,98.0,,,20260310,20260316,77.0,71.56,-0.07064935064935063,-0.07399066927280218,0.03896103896103886,-0.12480519480519481,0,"{""rec_date"": ""20260309"", ""strategy_type"": ""IT设备""}",,WEAK_BULL
pre_market_recommendation,buy,2,000988.SZ,华工科技,pre_market_selection,2026-03-09 09:00:00,20260309,97.6,,,20260310,20260311,119.49,134.88,0.1287973889028371,0.12473899421587986,0.13557619884509164,-0.024604569420035083,1,"{""rec_date"": ""20260309"", ""strategy_type"": ""专用机械""}",,WEAK_BULL
pre_market_recommendation,buy,3,000988.SZ,华工科技,pre_market_selection,2026-03-09 09:00:00,20260309,97.6,,,20260310,20260312,119.49,127.9,0.07038245878316185,0.06653408481769763,0.18344631349903762,-0.024604569420035083,1,"{""rec_date"": ""20260309"", ""strategy_type"": ""专用机械""}",,WEAK_BULL
pre_market_recommendation,buy,4,000988.SZ,华工科技,pre_market_selection,2026-03-09 09:00:00,20260309,97.6,,,20260310,20260313,119.49,118.69,-0.006695120930621745,-0.010266375863858257,0.18344631349903762,-0.024604569420035083,0,"{""rec_date"": ""20260309"", ""strategy_type"": ""专用机械""}",,WEAK_BULL
pre_market_recommendation,buy,5,000988.SZ,华工科技,pre_market_selection,2026-03-09 09:00:00,20260309,97.6,,,20260310,20260316,119.49,117.21,-0.019081094652272146,-0.022607817971209254,0.18344631349903762,-0.05531843668926273,0,"{""rec_date"": ""20260309"", ""strategy_type"": ""专用机械""}",,WEAK_BULL
pre_market_recommendation,buy,2,600673.SH,东阳光,pre_market_selection,2026-03-09 09:00:00,20260309,97.1,,,20260310,20260311,40.5,36.85,-0.09012345679012346,-0.09339475965195843,0.020987654320987703,-0.12098765432098757,0,"{""rec_date"": ""20260309"", ""strategy_type"": ""综合类""}",,WEAK_BULL
pre_market_recommendation,buy,3,600673.SH,东阳光,pre_market_selection,2026-03-09 09:00:00,20260309,97.1,,,20260310,20260312,40.5,37.8,-0.06666666666666676,-0.07002230433769419,0.020987654320987703,-0.12098765432098757,0,"{""rec_date"": ""20260309"", ""strategy_type"": ""综合类""}",,WEAK_BULL
pre_market_recommendation,buy,4,600673.SH,东阳光,pre_market_selection,2026-03-09 09:00:00,20260309,97.1,,,20260310,20260313,40.5,34.82,-0.14024691358024688,-0.14333800627086013,0.020987654320987703,-0.14246913580246923,0,"{""rec_date"": ""20260309"", ""strategy_type"": ""综合类""}",,WEAK_BULL
pre_market_recommendation,buy,5,600673.SH,东阳光,pre_market_selection,2026-03-09 09:00:00,20260309,97.1,,,20260310,20260316,40.5,34.98,-0.13629629629629636,-0.13940159274424713,0.020987654320987703,-0.18246913580246915,0,"{""rec_date"": ""20260309"", ""strategy_type"": ""综合类""}",,WEAK_BULL
pre_market_recommendation,buy,2,605298.SH,必得科技,pre_market_selection,2026-03-09 09:00:00,20260309,97.1,,,20260310,20260311,53.0,52.31,-0.013018867924528221,-0.01656738692529869,0.028301886792452935,-0.05471698113207546,0,"{""rec_date"": ""20260309"", ""strategy_type"": ""运输设备""}",,WEAK_BULL
pre_market_recommendation,buy,3,605298.SH,必得科技,pre_market_selection,2026-03-09 09:00:00,20260309,97.1,,,20260310,20260312,53.0,52.53,-0.008867924528301874,-0.01243136752410523,0.028301886792452935,-0.05471698113207546,0,"{""rec_date"": ""20260309"", ""strategy_type"": ""运输设备""}",,WEAK_BULL
pre_market_recommendation,buy,4,605298.SH,必得科技,pre_market_selection,2026-03-09 09:00:00,20260309,97.1,,,20260310,20260313,53.0,48.96,-0.07622641509433958,-0.07954768235256415,0.028301886792452935,-0.07924528301886802,0,"{""rec_date"": ""20260309"", ""strategy_type"": ""运输设备""}",,WEAK_BULL
pre_market_recommendation,buy,5,605298.SH,必得科技,pre_market_selection,2026-03-09 09:00:00,20260309,97.1,,,20260310,20260316,53.0,48.13,-0.09188679245283016,-0.09515175554797606,0.028301886792452935,-0.10943396226415092,0,"{""rec_date"": ""20260309"", ""strategy_type"": ""运输设备""}",,WEAK_BULL
pre_market_recommendation,buy,2,002531.SZ,天顺风能,pre_market_selection,2026-03-09 09:00:00,20260309,97.0,,,20260310,20260311,10.58,11.05,0.04442344045368629,0.04066839762373209,0.06805293005671076,-0.00472589792060496,1,"{""rec_date"": ""20260309"", ""strategy_type"": ""电气设备""}",,WEAK_BULL
pre_market_recommendation,buy,3,002531.SZ,天顺风能,pre_market_selection,2026-03-09 09:00:00,20260309,97.0,,,20260310,20260312,10.58,11.29,0.06710775047258966,0.06327115015130613,0.09451795841209831,-0.00472589792060496,1,"{""rec_date"": ""20260309"", ""strategy_type"": ""电气设备""}",,WEAK_BULL
pre_market_recommendation,buy,4,002531.SZ,天顺风能,pre_market_selection,2026-03-09 09:00:00,20260309,97.0,,,20260310,20260313,10.58,12.42,0.17391304347826075,0.16969244330196842,0.17391304347826075,-0.00472589792060496,1,"{""rec_date"": ""20260309"", ""strategy_type"": ""电气设备""}",,WEAK_BULL
pre_market_recommendation,buy,5,002531.SZ,天顺风能,pre_market_selection,2026-03-09 09:00:00,20260309,97.0,,,20260310,20260316,10.58,12.19,0.15217391304347827,0.1480314721297098,0.2665406427221173,-0.00472589792060496,1,"{""rec_date"": ""20260309"", ""strategy_type"": ""电气设备""}",,WEAK_BULL
pre_market_recommendation,buy,2,002490.SZ,山东墨龙,pre_market_selection,2026-03-09 09:00:00,20260309,96.3,,,20260310,20260311,11.92,12.01,0.007550335570469802,0.003927863576008939,0.052013422818791843,-0.07802013422818788,1,"{""rec_date"": ""20260309"", ""strategy_type"": ""化工机械""}",,WEAK_BULL
pre_market_recommendation,buy,3,002490.SZ,山东墨龙,pre_market_selection,2026-03-09 09:00:00,20260309,96.3,,,20260310,20260312,11.92,11.72,-0.016778523489932806,-0.020313525303012003,0.05285234899328861,-0.07802013422818788,0,"{""rec_date"": ""20260309"", ""strategy_type"": ""化工机械""}",,WEAK_BULL
pre_market_recommendation,buy,4,002490.SZ,山东墨龙,pre_market_selection,2026-03-09 09:00:00,20260309,96.3,,,20260310,20260313,11.92,11.2,-0.06040268456375841,-0.06378084329298084,0.05285234899328861,-0.08221476510067116,0,"{""rec_date"": ""20260309"", ""strategy_type"": ""化工机械""}",,WEAK_BULL
pre_market_recommendation,buy,5,002490.SZ,山东墨龙,pre_market_selection,2026-03-09 09:00:00,20260309,96.3,,,20260310,20260316,11.92,11.33,-0.049496644295301984,-0.052914013795488546,0.05285234899328861,-0.08221476510067116,0,"{""rec_date"": ""20260309"", ""strategy_type"": ""化工机械""}",,WEAK_BULL
pre_market_recommendation,buy,2,000601.SZ,韶能股份,pre_market_selection,2026-03-09 09:00:00,20260309,95.5,,,20260310,20260311,6.6,6.99,0.05909090909090908,0.05528313192849321,0.06969696969696959,-0.036363636363636265,1,"{""rec_date"": ""20260309"", ""strategy_type"": ""水力发电""}",,WEAK_BULL
pre_market_recommendation,buy,3,000601.SZ,韶能股份,pre_market_selection,2026-03-09 09:00:00,20260309,95.5,,,20260310,20260312,6.6,7.01,0.062121212121212244,0.05830254003129287,0.11818181818181817,-0.036363636363636265,1,"{""rec_date"": ""20260309"", ""strategy_type"": ""水力发电""}",,WEAK_BULL
pre_market_recommendation,buy,4,000601.SZ,韶能股份,pre_market_selection,2026-03-09 09:00:00,20260309,95.5,,,20260310,20260313,6.6,6.46,-0.021212121212121127,-0.024731182795698636,0.11818181818181817,-0.036363636363636265,0,"{""rec_date"": ""20260309"", ""strategy_type"": ""水力发电""}",,WEAK_BULL
pre_market_recommendation,buy,5,000601.SZ,韶能股份,pre_market_selection,2026-03-09 09:00:00,20260309,95.5,,,20260310,20260316,6.6,6.3,-0.045454545454545414,-0.04888644761809624,0.11818181818181817,-0.06212121212121202,0,"{""rec_date"": ""20260309"", ""strategy_type"": ""水力发电""}",,WEAK_BULL
pre_market_recommendation,buy,2,001258.SZ,立新能源,pre_market_selection,2026-03-09 09:00:00,20260309,95.5,,,20260310,20260311,9.97,10.09,0.012036108324974926,0.00839750851475829,0.035105315947843385,-0.08425275827482448,1,"{""rec_date"": ""20260309"", ""strategy_type"": ""新型电力""}",,WEAK_BULL
pre_market_recommendation,buy,3,001258.SZ,立新能源,pre_market_selection,2026-03-09 09:00:00,20260309,95.5,,,20260310,20260312,9.97,9.83,-0.014042126379137487,-0.017586966432103557,0.04112337011033107,-0.08425275827482448,0,"{""rec_date"": ""20260309"", ""strategy_type"": ""新型电力""}",,WEAK_BULL
pre_market_recommendation,buy,4,001258.SZ,立新能源,pre_market_selection,2026-03-09 09:00:00,20260309,95.5,,,20260310,20260313,9.97,9.38,-0.05917753259779335,-0.0625600961478261,0.04112337011033107,-0.08425275827482448,0,"{""rec_date"": ""20260309"", ""strategy_type"": ""新型电力""}",,WEAK_BULL
pre_market_recommendation,buy,5,001258.SZ,立新能源,pre_market_selection,2026-03-09 09:00:00,20260309,95.5,,,20260310,20260316,9.97,9.15,-0.08224674022066203,-0.08554636244697322,0.04112337011033107,-0.08726178535606832,0,"{""rec_date"": ""20260309"", ""strategy_type"": ""新型电力""}",,WEAK_BULL
pre_market_recommendation,buy,2,002300.SZ,太阳电缆,pre_market_selection,2026-03-09 09:00:00,20260309,95.5,,,20260310,20260311,11.58,11.6,0.0017271157167528806,-0.0018744199035206632,0.0751295336787563,-0.032815198618307506,0,"{""rec_date"": ""20260309"", ""strategy_type"": ""电气设备""}",,WEAK_BULL
pre_market_recommendation,buy,3,002300.SZ,太阳电缆,pre_market_selection,2026-03-09 09:00:00,20260309,95.5,,,20260310,20260312,11.58,11.07,-0.04404145077720201,-0.04747843347689429,0.0751295336787563,-0.050086355785837644,0,"{""rec_date"": ""20260309"", ""strategy_type"": ""电气设备""}",,WEAK_BULL
pre_market_recommendation,buy,4,002300.SZ,太阳电缆,pre_market_selection,2026-03-09 09:00:00,20260309,95.5,,,20260310,20260313,11.58,10.43,-0.09930915371329885,-0.10254743099945873,0.0751295336787563,-0.10362694300518127,0,"{""rec_date"": ""20260309"", ""strategy_type"": ""电气设备""}",,WEAK_BULL
pre_market_recommendation,buy,5,002300.SZ,太阳电缆,pre_market_selection,2026-03-09 09:00:00,20260309,95.5,,,20260310,20260316,11.58,10.44,-0.0984455958549223,-0.10168697791316861,0.0751295336787563,-0.10362694300518127,0,"{""rec_date"": ""20260309"", ""strategy_type"": ""电气设备""}",,WEAK_BULL
pre_market_recommendation,buy,2,600268.SH,国电南自,pre_market_selection,2026-03-09 09:00:00,20260309,95.5,,,20260310,20260311,16.97,17.29,0.018856806128461967,0.015193683685575499,0.027695934001178646,-0.07719505008839123,1,"{""rec_date"": ""20260309"", ""strategy_type"": ""电气设备""}",,WEAK_BULL
pre_market_recommendation,buy,3,600268.SH,国电南自,pre_market_selection,2026-03-09 09:00:00,20260309,95.5,,,20260310,20260312,16.97,16.6,-0.021803182086034045,-0.025320118613039067,0.027695934001178646,-0.07719505008839123,0,"{""rec_date"": ""20260309"", ""strategy_type"": ""电气设备""}",,WEAK_BULL
pre_market_recommendation,buy,4,600268.SH,国电南自,pre_market_selection,2026-03-09 09:00:00,20260309,95.5,,,20260310,20260313,16.97,15.14,-0.10783736004714195,-0.1110449756506875,0.027695934001178646,-0.11431938715380086,0,"{""rec_date"": ""20260309"", ""strategy_type"": ""电气设备""}",,WEAK_BULL
pre_market_recommendation,buy,5,600268.SH,国电南自,pre_market_selection,2026-03-09 09:00:00,20260309,95.5,,,20260310,20260316,16.97,15.0,-0.1160872127283441,-0.1192651674214209,0.027695934001178646,-0.13553329404832049,0,"{""rec_date"": ""20260309"", ""strategy_type"": ""电气设备""}",,WEAK_BULL
pre_market_recommendation,buy,2,000537.SZ,绿发电力,pre_market_selection,2026-03-10 09:00:00,20260310,98.0,,,20260311,20260312,11.05,12.51,0.13212669683257916,0.12805633219800705,0.13212669683257916,-0.04796380090497743,1,"{""rec_date"": ""20260310"", ""strategy_type"": ""新型电力""}",,WEAK_BULL
pre_market_recommendation,buy,3,000537.SZ,绿发电力,pre_market_selection,2026-03-10 09:00:00,20260310,98.0,,,20260311,20260313,11.05,12.39,0.12126696832579187,0.11723564795629948,0.24524886877828034,-0.04796380090497743,1,"{""rec_date"": ""20260310"", ""strategy_type"": ""新型电力""}",,WEAK_BULL
pre_market_recommendation,buy,4,000537.SZ,绿发电力,pre_market_selection,2026-03-10 09:00:00,20260310,98.0,,,20260311,20260316,11.05,11.23,0.016289592760180938,0.012635700286460327,0.24524886877828034,-0.04796380090497743,1,"{""rec_date"": ""20260310"", ""strategy_type"": ""新型电力""}",,WEAK_BULL
pre_market_recommendation,buy,5,000537.SZ,绿发电力,pre_market_selection,2026-03-10 09:00:00,20260310,98.0,,,20260311,20260317,11.05,11.68,0.05701357466063328,0.053213266192863484,0.24524886877828034,-0.04796380090497743,1,"{""rec_date"": ""20260310"", ""strategy_type"": ""新型电力""}",,WEAK_BULL
pre_market_recommendation,buy,2,000988.SZ,华工科技,pre_market_selection,2026-03-10 09:00:00,20260310,97.9,,,20260311,20260312,122.99,127.9,0.03992194487356704,0.036183086388053454,0.14976827384340186,-0.0007317668103097308,1,"{""rec_date"": ""20260310"", ""strategy_type"": ""专用机械""}",,WEAK_BULL
pre_market_recommendation,buy,3,000988.SZ,华工科技,pre_market_selection,2026-03-10 09:00:00,20260310,97.9,,,20260311,20260313,122.99,118.69,-0.034962192048134,-0.03843181764348658,0.14976827384340186,-0.03577526628181149,0,"{""rec_date"": ""20260310"", ""strategy_type"": ""专用机械""}",,WEAK_BULL
pre_market_recommendation,buy,4,000988.SZ,华工科技,pre_market_selection,2026-03-10 09:00:00,20260310,97.9,,,20260311,20260316,122.99,117.21,-0.04699569070656151,-0.050422051950400726,0.14976827384340186,-0.08220180502479879,0,"{""rec_date"": ""20260310"", ""strategy_type"": ""专用机械""}",,WEAK_BULL
pre_market_recommendation,buy,5,000988.SZ,华工科技,pre_market_selection,2026-03-10 09:00:00,20260310,97.9,,,20260311,20260317,122.99,111.12,-0.09651191153752325,-0.09976024582141896,0.14976827384340186,-0.09911374908529147,0,"{""rec_date"": ""20260310"", ""strategy_type"": ""专用机械""}",,WEAK_BULL
pre_market_recommendation,buy,2,603588.SH,高能环境,pre_market_selection,2026-03-10 09:00:00,20260310,97.9,,,20260311,20260312,14.52,15.94,0.09779614325068864,0.09384920815061637,0.1322314049586779,-0.00688705234159781,1,"{""rec_date"": ""20260310"", ""strategy_type"": ""环境保护""}",,WEAK_BULL
pre_market_recommendation,buy,3,603588.SH,高能环境,pre_market_selection,2026-03-10 09:00:00,20260310,97.9,,,20260311,20260313,14.52,15.23,0.04889807162534443,0.045126941037257895,0.1322314049586779,-0.00688705234159781,1,"{""rec_date"": ""20260310"", ""strategy_type"": ""环境保护""}",,WEAK_BULL
pre_market_recommendation,buy,4,603588.SH,高能环境,pre_market_selection,2026-03-10 09:00:00,20260310,97.9,,,20260311,20260316,14.52,15.97,0.09986225895316814,0.09590789549343448,0.1322314049586779,-0.00688705234159781,1,"{""rec_date"": ""20260310"", ""strategy_type"": ""环境保护""}",,WEAK_BULL
pre_market_recommendation,buy,5,603588.SH,高能环境,pre_market_selection,2026-03-10 09:00:00,20260310,97.9,,,20260311,20260317,14.52,14.8,0.019283746556473913,0.015619089123533492,0.1322314049586779,-0.00688705234159781,1,"{""rec_date"": ""20260310"", ""strategy_type"": ""环境保护""}",,WEAK_BULL
pre_market_recommendation,buy,2,002638.SZ,勤上股份,pre_market_selection,2026-03-10 09:00:00,20260310,97.6,,,20260311,20260312,3.76,4.24,0.1276595744680853,0.12360527059503545,0.13829787234042556,-0.010638297872340274,1,"{""rec_date"": ""20260310"", ""strategy_type"": ""家用电器""}",,WEAK_BULL
pre_market_recommendation,buy,3,002638.SZ,勤上股份,pre_market_selection,2026-03-10 09:00:00,20260310,97.6,,,20260311,20260313,3.76,4.1,0.09042553191489366,0.08650509656595373,0.13829787234042556,-0.010638297872340274,1,"{""rec_date"": ""20260310"", ""strategy_type"": ""家用电器""}",,WEAK_BULL
pre_market_recommendation,buy,4,002638.SZ,勤上股份,pre_market_selection,2026-03-10 09:00:00,20260310,97.6,,,20260311,20260316,3.76,4.03,0.07180851063829796,0.06795500955141343,0.13829787234042556,-0.010638297872340274,1,"{""rec_date"": ""20260310"", ""strategy_type"": ""家用电器""}",,WEAK_BULL
pre_market_recommendation,buy,5,002638.SZ,勤上股份,pre_market_selection,2026-03-10 09:00:00,20260310,97.6,,,20260311,20260317,3.76,4.1,0.09042553191489366,0.08650509656595373,0.13829787234042556,-0.010638297872340274,1,"{""rec_date"": ""20260310"", ""strategy_type"": ""家用电器""}",,WEAK_BULL
pre_market_recommendation,buy,2,601778.SH,晶科科技,pre_market_selection,2026-03-10 09:00:00,20260310,97.5,,,20260311,20260312,5.78,6.14,0.0622837370242213,0.05846448060428022,0.10380622837370246,-0.04498269896193785,1,"{""rec_date"": ""20260310"", ""strategy_type"": ""新型电力""}",,WEAK_BULL
pre_market_recommendation,buy,3,601778.SH,晶科科技,pre_market_selection,2026-03-10 09:00:00,20260310,97.5,,,20260311,20260313,5.78,5.8,0.0034602076124565784,-0.00014755903830199202,0.10380622837370246,-0.04498269896193785,0,"{""rec_date"": ""20260310"", ""strategy_type"": ""新型电力""}",,WEAK_BULL
pre_market_recommendation,buy,4,601778.SH,晶科科技,pre_market_selection,2026-03-10 09:00:00,20260310,97.5,,,20260311,20260316,5.78,5.38,-0.06920415224913501,-0.07255066683208011,0.10380622837370246,-0.09342560553633217,0,"{""rec_date"": ""20260310"", ""strategy_type"": ""新型电力""}",,WEAK_BULL
pre_market_recommendation,buy,5,601778.SH,晶科科技,pre_market_selection,2026-03-10 09:00:00,20260310,97.5,,,20260311,20260317,5.78,5.36,-0.0726643598615917,-0.07599843386987915,0.10380622837370246,-0.09342560553633217,0,"{""rec_date"": ""20260310"", ""strategy_type"": ""新型电力""}",,WEAK_BULL
pre_market_recommendation,buy,2,605268.SH,王力安防,pre_market_selection,2026-03-10 09:00:00,20260310,97.5,,,20260311,20260312,18.55,14.46,-0.22048517520215627,-0.22328778517845926,0.0,-0.22048517520215627,0,"{""rec_date"": ""20260310"", ""strategy_type"": ""家居用品""}",,WEAK_BULL
pre_market_recommendation,buy,3,605268.SH,王力安防,pre_market_selection,2026-03-10 09:00:00,20260310,97.5,,,20260311,20260313,18.55,13.5,-0.27223719676549873,-0.27485374134918406,0.0,-0.29865229110512137,0,"{""rec_date"": ""20260310"", ""strategy_type"": ""家居用品""}",,WEAK_BULL
pre_market_recommendation,buy,4,605268.SH,王力安防,pre_market_selection,2026-03-10 09:00:00,20260310,97.5,,,20260311,20260316,18.55,13.0,-0.2991913746630728,-0.3017110101881031,0.0,-0.3056603773584905,0,"{""rec_date"": ""20260310"", ""strategy_type"": ""家居用品""}",,WEAK_BULL
pre_market_recommendation,buy,5,605268.SH,王力安防,pre_market_selection,2026-03-10 09:00:00,20260310,97.5,,,20260311,20260317,18.55,12.52,-0.325067385444744,-0.32749398827346554,0.0,-0.3261455525606469,0,"{""rec_date"": ""20260310"", ""strategy_type"": ""家居用品""}",,WEAK_BULL
pre_market_recommendation,buy,2,601877.SH,正泰电器,pre_market_selection,2026-03-10 09:00:00,20260310,97.3,,,20260311,20260312,40.1,40.9,0.01995012468827917,0.01628307140866503,0.05062344139650876,-0.014962593516209544,1,"{""rec_date"": ""20260310"", ""strategy_type"": ""电气设备""}",,WEAK_BULL
pre_market_recommendation,buy,3,601877.SH,正泰电器,pre_market_selection,2026-03-10 09:00:00,20260310,97.3,,,20260311,20260313,40.1,38.33,-0.044139650872818015,-0.04757628051114582,0.05062344139650876,-0.052369077306733236,0,"{""rec_date"": ""20260310"", ""strategy_type"": ""电气设备""}",,WEAK_BULL
pre_market_recommendation,buy,4,601877.SH,正泰电器,pre_market_selection,2026-03-10 09:00:00,20260310,97.3,,,20260311,20260316,40.1,35.98,-0.10274314214463853,-0.10596907312264625,0.05062344139650876,-0.1074812967581048,0,"{""rec_date"": ""20260310"", ""strategy_type"": ""电气设备""}",,WEAK_BULL
pre_market_recommendation,buy,5,601877.SH,正泰电器,pre_market_selection,2026-03-10 09:00:00,20260310,97.3,,,20260311,20260317,40.1,34.84,-0.1311720698254364,-0.13429578953843768,0.05062344139650876,-0.1349127182044889,0,"{""rec_date"": ""20260310"", ""strategy_type"": ""电气设备""}",,WEAK_BULL
pre_market_recommendation,buy,2,603226.SH,菲林格尔,pre_market_selection,2026-03-10 09:00:00,20260310,97.3,,,20260311,20260312,37.0,36.84,-0.00432432432432428,-0.007904103044420352,0.023513513513513384,-0.029459459459459603,0,"{""rec_date"": ""20260310"", ""strategy_type"": ""家居用品""}",,WEAK_BULL
pre_market_recommendation,buy,3,603226.SH,菲林格尔,pre_market_selection,2026-03-10 09:00:00,20260310,97.3,,,20260311,20260313,37.0,39.0,0.054054054054053946,0.050264386027893515,0.06756756756756754,-0.029459459459459603,1,"{""rec_date"": ""20260310"", ""strategy_type"": ""家居用品""}",,WEAK_BULL
pre_market_recommendation,buy,4,603226.SH,菲林格尔,pre_market_selection,2026-03-10 09:00:00,20260310,97.3,,,20260311,20260316,37.0,39.82,0.07621621621621633,0.07234686799053125,0.10648648648648651,-0.029459459459459603,1,"{""rec_date"": ""20260310"", ""strategy_type"": ""家居用品""}",,WEAK_BULL
pre_market_recommendation,buy,5,603226.SH,菲林格尔,pre_market_selection,2026-03-10 09:00:00,20260310,97.3,,,20260311,20260317,37.0,42.2,0.14054054054054066,0.13643992539428496,0.15378378378378366,-0.029459459459459603,1,"{""rec_date"": ""20260310"", ""strategy_type"": ""家居用品""}",,WEAK_BULL
pre_market_recommendation,buy,2,002531.SZ,天顺风能,pre_market_selection,2026-03-10 09:00:00,20260310,97.2,,,20260311,20260312,10.96,11.29,0.030109489051094673,0.026405909543870454,0.05656934306569328,-0.023722627737226443,1,"{""rec_date"": ""20260310"", ""strategy_type"": ""电气设备""}",,WEAK_BULL
pre_market_recommendation,buy,3,002531.SZ,天顺风能,pre_market_selection,2026-03-10 09:00:00,20260310,97.2,,,20260311,20260313,10.96,12.42,0.1332116788321167,0.1291374133334695,0.1332116788321167,-0.023722627737226443,1,"{""rec_date"": ""20260310"", ""strategy_type"": ""电气设备""}",,WEAK_BULL
pre_market_recommendation,buy,4,002531.SZ,天顺风能,pre_market_selection,2026-03-10 09:00:00,20260310,97.2,,,20260311,20260316,10.96,12.19,0.11222627737226265,0.10822746123470162,0.22262773722627727,-0.023722627737226443,1,"{""rec_date"": ""20260310"", ""strategy_type"": ""电气设备""}",,WEAK_BULL
pre_market_recommendation,buy,5,002531.SZ,天顺风能,pre_market_selection,2026-03-10 09:00:00,20260310,97.2,,,20260311,20260317,10.96,11.79,0.07572992700729908,0.0718623271498875,0.22262773722627727,-0.023722627737226443,1,"{""rec_date"": ""20260310"", ""strategy_type"": ""电气设备""}",,WEAK_BULL
pre_market_recommendation,buy,2,002380.SZ,科远智慧,pre_market_selection,2026-03-10 09:00:00,20260310,97.1,,,20260311,20260312,41.92,39.98,-0.04627862595419863,-0.049707565279640264,0.022185114503816772,-0.05534351145038163,0,"{""rec_date"": ""20260310"", ""strategy_type"": ""软件服务""}",,WEAK_BULL
pre_market_recommendation,buy,3,002380.SZ,科远智慧,pre_market_selection,2026-03-10 09:00:00,20260310,97.1,,,20260311,20260313,41.92,37.66,-0.10162213740458026,-0.10485209876016144,0.022185114503816772,-0.10901717557251911,0,"{""rec_date"": ""20260310"", ""strategy_type"": ""软件服务""}",,WEAK_BULL
pre_market_recommendation,buy,4,002380.SZ,科远智慧,pre_market_selection,2026-03-10 09:00:00,20260310,97.1,,,20260311,20260316,41.92,36.99,-0.11760496183206104,-0.12077745972220821,0.022185114503816772,-0.13406488549618334,0,"{""rec_date"": ""20260310"", ""strategy_type"": ""软件服务""}",,WEAK_BULL
pre_market_recommendation,buy,5,002380.SZ,科远智慧,pre_market_selection,2026-03-10 09:00:00,20260310,97.1,,,20260311,20260317,41.92,35.76,-0.1469465648854963,-0.15001357014507088,0.022185114503816772,-0.14837786259541985,0,"{""rec_date"": ""20260310"", ""strategy_type"": ""软件服务""}",,WEAK_BULL
pre_market_recommendation,buy,2,000537.SZ,绿发电力,pre_market_selection,2026-03-11 09:00:00,20260311,98.0,,,20260312,20260313,12.4,12.39,-0.0008064516129031585,-0.004398878232491188,0.10967741935483866,-0.03709677419354851,0,"{""rec_date"": ""20260311"", ""strategy_type"": ""新型电力""}",,WEAK_BULL
pre_market_recommendation,buy,3,000537.SZ,绿发电力,pre_market_selection,2026-03-11 09:00:00,20260311,98.0,,,20260312,20260316,12.4,11.23,-0.09435483870967742,-0.09761092837375918,0.10967741935483866,-0.09919354838709682,0,"{""rec_date"": ""20260311"", ""strategy_type"": ""新型电力""}",,WEAK_BULL
pre_market_recommendation,buy,4,000537.SZ,绿发电力,pre_market_selection,2026-03-11 09:00:00,20260311,98.0,,,20260312,20260317,12.4,11.68,-0.058064516129032295,-0.061451081336198365,0.10967741935483866,-0.125,0,"{""rec_date"": ""20260311"", ""strategy_type"": ""新型电力""}",,WEAK_BULL
pre_market_recommendation,buy,5,000537.SZ,绿发电力,pre_market_selection,2026-03-11 09:00:00,20260311,98.0,,,20260312,20260318,12.4,11.49,-0.07338709677419353,-0.07671857230761292,0.10967741935483866,-0.125,0,"{""rec_date"": ""20260311"", ""strategy_type"": ""新型电力""}",,WEAK_BULL
pre_market_recommendation,buy,2,600726.SH,华电能源,pre_market_selection,2026-03-11 09:00:00,20260311,98.0,,,20260312,20260313,3.63,4.27,0.1763085399449036,0.17207932717769947,0.1763085399449036,0.0,1,"{""rec_date"": ""20260311"", ""strategy_type"": ""火力发电""}",,WEAK_BULL
pre_market_recommendation,buy,3,600726.SH,华电能源,pre_market_selection,2026-03-11 09:00:00,20260311,98.0,,,20260312,20260316,3.63,4.4,0.21212121212121215,0.20776324111987776,0.278236914600551,0.0,1,"{""rec_date"": ""20260311"", ""strategy_type"": ""火力发电""}",,WEAK_BULL
pre_market_recommendation,buy,4,600726.SH,华电能源,pre_market_selection,2026-03-11 09:00:00,20260311,98.0,,,20260312,20260317,3.63,4.25,0.1707988980716253,0.16658949426351843,0.278236914600551,0.0,1,"{""rec_date"": ""20260311"", ""strategy_type"": ""火力发电""}",,WEAK_BULL
pre_market_recommendation,buy,5,600726.SH,华电能源,pre_market_selection,2026-03-11 09:00:00,20260311,98.0,,,20260312,20260318,3.63,4.56,0.25619834710743805,0.25168190443332783,0.28925619834710736,0.0,1,"{""rec_date"": ""20260311"", ""strategy_type"": ""火力发电""}",,WEAK_BULL
pre_market_recommendation,buy,2,601016.SH,节能风电,pre_market_selection,2026-03-11 09:00:00,20260311,98.0,,,20260312,20260313,4.23,4.42,0.044917257683215084,0.04116043941929859,0.1229314420803782,-0.01891252955082745,1,"{""rec_date"": ""20260311"", ""strategy_type"": ""新型电力""}",,WEAK_BULL
pre_market_recommendation,buy,3,601016.SH,节能风电,pre_market_selection,2026-03-11 09:00:00,20260311,98.0,,,20260312,20260316,4.23,4.14,-0.021276595744680993,-0.024795425521290326,0.1229314420803782,-0.04018912529550844,0,"{""rec_date"": ""20260311"", ""strategy_type"": ""新型电力""}",,WEAK_BULL
pre_market_recommendation,buy,4,601016.SH,节能风电,pre_market_selection,2026-03-11 09:00:00,20260311,98.0,,,20260312,20260317,4.23,4.55,0.07565011820330958,0.07178280528457215,0.1229314420803782,-0.06619385342789608,1,"{""rec_date"": ""20260311"", ""strategy_type"": ""新型电力""}",,WEAK_BULL
pre_market_recommendation,buy,5,601016.SH,节能风电,pre_market_selection,2026-03-11 09:00:00,20260311,98.0,,,20260312,20260318,4.23,4.4,0.04018912529550822,0.03644930620925679,0.1229314420803782,-0.06619385342789608,1,"{""rec_date"": ""20260311"", ""strategy_type"": ""新型电力""}",,WEAK_BULL
pre_market_recommendation,buy,2,601868.SH,中国能建,pre_market_selection,2026-03-11 09:00:00,20260311,98.0,,,20260312,20260313,3.52,3.74,0.0625,0.05867996604414283,0.11931818181818188,-0.005681818181818232,1,"{""rec_date"": ""20260311"", ""strategy_type"": ""建筑工程""}",,WEAK_BULL
pre_market_recommendation,buy,3,601868.SH,中国能建,pre_market_selection,2026-03-11 09:00:00,20260311,98.0,,,20260312,20260316,3.52,3.43,-0.025568181818181768,-0.029071581943473368,0.11931818181818188,-0.042613636363636354,0,"{""rec_date"": ""20260311"", ""strategy_type"": ""建筑工程""}",,WEAK_BULL
pre_market_recommendation,buy,4,601868.SH,中国能建,pre_market_selection,2026-03-11 09:00:00,20260311,98.0,,,20260312,20260317,3.52,3.31,-0.05965909090909094,-0.06303992309996997,0.11931818181818188,-0.07954545454545447,0,"{""rec_date"": ""20260311"", ""strategy_type"": ""建筑工程""}",,WEAK_BULL
pre_market_recommendation,buy,5,601868.SH,中国能建,pre_market_selection,2026-03-11 09:00:00,20260311,98.0,,,20260312,20260318,3.52,3.38,-0.03977272727272729,-0.04322505742534699,0.11931818181818188,-0.07954545454545447,0,"{""rec_date"": ""20260311"", ""strategy_type"": ""建筑工程""}",,WEAK_BULL
pre_market_recommendation,buy,2,002756.SZ,永兴材料,pre_market_selection,2026-03-11 09:00:00,20260311,97.9,,,20260312,20260313,73.45,69.81,-0.04955752212389386,-0.052974672748435814,0.0074880871341047595,-0.05037440435670526,0,"{""rec_date"": ""20260311"", ""strategy_type"": ""小金属""}",,WEAK_BULL
pre_market_recommendation,buy,3,002756.SZ,永兴材料,pre_market_selection,2026-03-11 09:00:00,20260311,97.9,,,20260312,20260316,73.45,67.59,-0.079782164737917,-0.08309064791672793,0.0074880871341047595,-0.10850918992511915,0,"{""rec_date"": ""20260311"", ""strategy_type"": ""小金属""}",,WEAK_BULL
pre_market_recommendation,buy,4,002756.SZ,永兴材料,pre_market_selection,2026-03-11 09:00:00,20260311,97.9,,,20260312,20260317,73.45,65.84,-0.10360789652825053,-0.10683071843227354,0.0074880871341047595,-0.10850918992511915,0,"{""rec_date"": ""20260311"", ""strategy_type"": ""小金属""}",,WEAK_BULL
pre_market_recommendation,buy,5,002756.SZ,永兴材料,pre_market_selection,2026-03-11 09:00:00,20260311,97.9,,,20260312,20260318,73.45,63.49,-0.1356024506466984,-0.1387102416960061,0.0074880871341047595,-0.1488087134104833,0,"{""rec_date"": ""20260311"", ""strategy_type"": ""小金属""}",,WEAK_BULL
pre_market_recommendation,buy,2,000988.SZ,华工科技,pre_market_selection,2026-03-11 09:00:00,20260311,97.8,,,20260312,20260313,133.74,118.69,-0.11253177807686565,-0.11572251571685688,0.057350082249139955,-0.11327949753252586,0,"{""rec_date"": ""20260311"", ""strategy_type"": ""专用机械""}",,WEAK_BULL
pre_market_recommendation,buy,3,000988.SZ,华工科技,pre_market_selection,2026-03-11 09:00:00,20260311,97.8,,,20260312,20260316,133.74,117.21,-0.12359802602063719,-0.12674897689083153,0.057350082249139955,-0.15597427845072542,0,"{""rec_date"": ""20260311"", ""strategy_type"": ""专用机械""}",,WEAK_BULL
pre_market_recommendation,buy,4,000988.SZ,华工科技,pre_market_selection,2026-03-11 09:00:00,20260311,97.8,,,20260312,20260317,133.74,111.12,-0.1691341408703455,-0.17212137455941623,0.057350082249139955,-0.17152684312845823,0,"{""rec_date"": ""20260311"", ""strategy_type"": ""专用机械""}",,WEAK_BULL
pre_market_recommendation,buy,5,000988.SZ,华工科技,pre_market_selection,2026-03-11 09:00:00,20260311,97.8,,,20260312,20260318,133.74,114.78,-0.14176760879318084,-0.14485323408864115,0.057350082249139955,-0.17152684312845823,0,"{""rec_date"": ""20260311"", ""strategy_type"": ""专用机械""}",,WEAK_BULL
pre_market_recommendation,buy,2,002631.SZ,德尔未来,pre_market_selection,2026-03-11 09:00:00,20260311,97.6,,,20260312,20260313,7.46,7.95,0.06568364611260047,0.061852165910857515,0.08847184986595158,-0.018766756032171594,1,"{""rec_date"": ""20260311"", ""strategy_type"": ""家居用品""}",,WEAK_BULL
pre_market_recommendation,buy,3,002631.SZ,德尔未来,pre_market_selection,2026-03-11 09:00:00,20260311,97.6,,,20260312,20260316,7.46,7.49,0.004021447721179738,0.000411663229223036,0.08847184986595158,-0.03753351206434319,1,"{""rec_date"": ""20260311"", ""strategy_type"": ""家居用品""}",,WEAK_BULL
pre_market_recommendation,buy,4,002631.SZ,德尔未来,pre_market_selection,2026-03-11 09:00:00,20260311,97.6,,,20260312,20260317,7.46,7.29,-0.02278820375335122,-0.026301598806270254,0.08847184986595158,-0.03753351206434319,0,"{""rec_date"": ""20260311"", ""strategy_type"": ""家居用品""}",,WEAK_BULL
pre_market_recommendation,buy,5,002631.SZ,德尔未来,pre_market_selection,2026-03-11 09:00:00,20260311,97.6,,,20260312,20260318,7.46,7.4,-0.008042895442359144,-0.011609304686748811,0.08847184986595158,-0.05093833780160861,0,"{""rec_date"": ""20260311"", ""strategy_type"": ""家居用品""}",,WEAK_BULL
pre_market_recommendation,buy,2,603226.SH,菲林格尔,pre_market_selection,2026-03-11 09:00:00,20260311,97.6,,,20260312,20260313,37.86,39.0,0.030110935023771823,0.026407350317804168,0.04331748547279446,-0.05150554675118868,1,"{""rec_date"": ""20260311"", ""strategy_type"": ""家居用品""}",,WEAK_BULL
pre_market_recommendation,buy,3,603226.SH,菲林格尔,pre_market_selection,2026-03-11 09:00:00,20260311,97.6,,,20260312,20260316,37.86,39.82,0.05176967776016905,0.047988222811665704,0.08135235076597991,-0.05150554675118868,1,"{""rec_date"": ""20260311"", ""strategy_type"": ""家居用品""}",,WEAK_BULL
pre_market_recommendation,buy,4,603226.SH,菲林格尔,pre_market_selection,2026-03-11 09:00:00,20260311,97.6,,,20260312,20260317,37.86,42.2,0.11463285789751732,0.1106253893182394,0.12757527733755936,-0.05150554675118868,1,"{""rec_date"": ""20260311"", ""strategy_type"": ""家居用品""}",,WEAK_BULL
pre_market_recommendation,buy,5,603226.SH,菲林格尔,pre_market_selection,2026-03-11 09:00:00,20260311,97.6,,,20260312,20260318,37.86,40.87,0.07950343370311663,0.07562226685868345,0.17010036978341248,-0.05150554675118868,1,"{""rec_date"": ""20260311"", ""strategy_type"": ""家居用品""}",,WEAK_BULL
pre_market_recommendation,buy,2,002638.SZ,勤上股份,pre_market_selection,2026-03-11 09:00:00,20260311,97.5,,,20260312,20260313,4.1,4.1,0.0,-0.003595326076101024,0.043902439024390505,-0.024390243902438935,0,"{""rec_date"": ""20260311"", ""strategy_type"": ""家用电器""}",,WEAK_BULL
pre_market_recommendation,buy,3,002638.SZ,勤上股份,pre_market_selection,2026-03-11 09:00:00,20260311,97.5,,,20260312,20260316,4.1,4.03,-0.01707317073170722,-0.020607113191874693,0.043902439024390505,-0.03414634146341455,0,"{""rec_date"": ""20260311"", ""strategy_type"": ""家用电器""}",,WEAK_BULL
pre_market_recommendation,buy,4,002638.SZ,勤上股份,pre_market_selection,2026-03-11 09:00:00,20260311,97.5,,,20260312,20260317,4.1,4.1,0.0,-0.003595326076101024,0.043902439024390505,-0.03414634146341455,0,"{""rec_date"": ""20260311"", ""strategy_type"": ""家用电器""}",,WEAK_BULL
pre_market_recommendation,buy,5,002638.SZ,勤上股份,pre_market_selection,2026-03-11 09:00:00,20260311,97.5,,,20260312,20260318,4.1,4.23,0.03170731707317098,0.027997992853193487,0.043902439024390505,-0.03414634146341455,1,"{""rec_date"": ""20260311"", ""strategy_type"": ""家用电器""}",,WEAK_BULL
pre_market_recommendation,buy,2,601789.SH,宁波建工,pre_market_selection,2026-03-11 09:00:00,20260311,97.5,,,20260312,20260313,7.3,6.79,-0.06986301369863013,-0.07320715945982526,0.09589041095890405,-0.07808219178082187,0,"{""rec_date"": ""20260311"", ""strategy_type"": ""建筑工程""}",,WEAK_BULL
pre_market_recommendation,buy,3,601789.SH,宁波建工,pre_market_selection,2026-03-11 09:00:00,20260311,97.5,,,20260312,20260316,7.3,6.56,-0.10136986301369866,-0.10460073137797554,0.09589041095890405,-0.1534246575342466,0,"{""rec_date"": ""20260311"", ""strategy_type"": ""建筑工程""}",,WEAK_BULL
pre_market_recommendation,buy,4,601789.SH,宁波建工,pre_market_selection,2026-03-11 09:00:00,20260311,97.5,,,20260312,20260317,7.3,6.11,-0.16301369863013693,-0.16602293730479123,0.09589041095890405,-0.17260273972602735,0,"{""rec_date"": ""20260311"", ""strategy_type"": ""建筑工程""}",,WEAK_BULL
pre_market_recommendation,buy,5,601789.SH,宁波建工,pre_market_selection,2026-03-11 09:00:00,20260311,97.5,,,20260312,20260318,7.3,6.42,-0.1205479452054794,-0.12370986211076263,0.09589041095890405,-0.17260273972602735,0,"{""rec_date"": ""20260311"", ""strategy_type"": ""建筑工程""}",,WEAK_BULL
pre_market_recommendation,buy,2,000537.SZ,绿发电力,pre_market_selection,2026-03-12 09:00:00,20260312,98.0,,,20260313,20260316,13.76,11.23,-0.18386627906976738,-0.18680054591821305,0.0,-0.18822674418604646,0,"{""rec_date"": ""20260312"", ""strategy_type"": ""新型电力""}",,WEAK_BULL
pre_market_recommendation,buy,3,000537.SZ,绿发电力,pre_market_selection,2026-03-12 09:00:00,20260312,98.0,,,20260313,20260317,13.76,11.68,-0.15116279069767447,-0.15421463725064377,0.0,-0.21148255813953487,0,"{""rec_date"": ""20260312"", ""strategy_type"": ""新型电力""}",,WEAK_BULL
pre_market_recommendation,buy,4,000537.SZ,绿发电力,pre_market_selection,2026-03-12 09:00:00,20260312,98.0,,,20260313,20260318,13.76,11.49,-0.16497093023255816,-0.1679731320213953,0.0,-0.21148255813953487,0,"{""rec_date"": ""20260312"", ""strategy_type"": ""新型电力""}",,WEAK_BULL
pre_market_recommendation,buy,5,000537.SZ,绿发电力,pre_market_selection,2026-03-12 09:00:00,20260312,98.0,,,20260313,20260319,13.76,11.63,-0.15479651162790686,-0.15783529376926242,0.0,-0.21148255813953487,0,"{""rec_date"": ""20260312"", ""strategy_type"": ""新型电力""}",,WEAK_BULL
pre_market_recommendation,buy,2,600726.SH,华电能源,pre_market_selection,2026-03-12 09:00:00,20260312,98.0,,,20260313,20260316,4.2,4.4,0.04761904761904767,0.04385251553932301,0.10476190476190461,-0.11904761904761907,1,"{""rec_date"": ""20260312"", ""strategy_type"": ""火力发电""}",,WEAK_BULL
pre_market_recommendation,buy,3,600726.SH,华电能源,pre_market_selection,2026-03-12 09:00:00,20260312,98.0,,,20260313,20260317,4.2,4.25,0.011904761904761862,0.008266634327755096,0.10476190476190461,-0.11904761904761907,1,"{""rec_date"": ""20260312"", ""strategy_type"": ""火力发电""}",,WEAK_BULL
pre_market_recommendation,buy,4,600726.SH,华电能源,pre_market_selection,2026-03-12 09:00:00,20260312,98.0,,,20260313,20260318,4.2,4.56,0.08571428571428563,0.08181078883166171,0.1142857142857141,-0.11904761904761907,1,"{""rec_date"": ""20260312"", ""strategy_type"": ""火力发电""}",,WEAK_BULL
pre_market_recommendation,buy,5,600726.SH,华电能源,pre_market_selection,2026-03-12 09:00:00,20260312,98.0,,,20260313,20260319,4.2,5.02,0.195238095238095,0.19094082454713646,0.195238095238095,-0.11904761904761907,1,"{""rec_date"": ""20260312"", ""strategy_type"": ""火力发电""}",,WEAK_BULL
pre_market_recommendation,buy,2,601016.SH,节能风电,pre_market_selection,2026-03-12 09:00:00,20260312,98.0,,,20260313,20260316,4.61,4.14,-0.10195227765726689,-0.10518105205098871,0.030368763557483636,-0.1193058568329719,0,"{""rec_date"": ""20260312"", ""strategy_type"": ""新型电力""}",,WEAK_BULL
pre_market_recommendation,buy,3,601016.SH,节能风电,pre_market_selection,2026-03-12 09:00:00,20260312,98.0,,,20260313,20260317,4.61,4.55,-0.013015184381778844,-0.01656371662608669,0.030368763557483636,-0.14316702819956617,0,"{""rec_date"": ""20260312"", ""strategy_type"": ""新型电力""}",,WEAK_BULL
pre_market_recommendation,buy,4,601016.SH,节能风电,pre_market_selection,2026-03-12 09:00:00,20260312,98.0,,,20260313,20260318,4.61,4.4,-0.045553145336225564,-0.04898469300105068,0.030368763557483636,-0.14316702819956617,0,"{""rec_date"": ""20260312"", ""strategy_type"": ""新型电力""}",,WEAK_BULL
pre_market_recommendation,buy,5,601016.SH,节能风电,pre_market_selection,2026-03-12 09:00:00,20260312,98.0,,,20260313,20260319,4.61,4.57,-0.008676789587852451,-0.01224091977609143,0.030368763557483636,-0.14316702819956617,0,"{""rec_date"": ""20260312"", ""strategy_type"": ""新型电力""}",,WEAK_BULL
pre_market_recommendation,buy,2,601868.SH,中国能建,pre_market_selection,2026-03-12 09:00:00,20260312,98.0,,,20260313,20260316,3.8,3.43,-0.09736842105263155,-0.10061367590553316,0.03684210526315801,-0.11315789473684201,0,"{""rec_date"": ""20260312"", ""strategy_type"": ""建筑工程""}",,WEAK_BULL
pre_market_recommendation,buy,3,601868.SH,中国能建,pre_market_selection,2026-03-12 09:00:00,20260312,98.0,,,20260313,20260317,3.8,3.31,-0.1289473684210526,-0.13207908666102475,0.03684210526315801,-0.14736842105263148,0,"{""rec_date"": ""20260312"", ""strategy_type"": ""建筑工程""}",,WEAK_BULL
pre_market_recommendation,buy,4,601868.SH,中国能建,pre_market_selection,2026-03-12 09:00:00,20260312,98.0,,,20260313,20260318,3.8,3.38,-0.1105263157894737,-0.1137242637203213,0.03684210526315801,-0.14736842105263148,0,"{""rec_date"": ""20260312"", ""strategy_type"": ""建筑工程""}",,WEAK_BULL
pre_market_recommendation,buy,5,601868.SH,中国能建,pre_market_selection,2026-03-12 09:00:00,20260312,98.0,,,20260313,20260319,3.8,3.36,-0.11578947368421055,-0.1189684988462365,0.03684210526315801,-0.14736842105263148,0,"{""rec_date"": ""20260312"", ""strategy_type"": ""建筑工程""}",,WEAK_BULL
pre_market_recommendation,buy,2,603588.SH,高能环境,pre_market_selection,2026-03-12 09:00:00,20260312,98.0,,,20260313,20260316,16.0,15.97,-0.00187499999999996,-0.005463584839708213,0.016250000000000098,-0.08875,0,"{""rec_date"": ""20260312"", ""strategy_type"": ""环境保护""}",,WEAK_BULL
pre_market_recommendation,buy,3,603588.SH,高能环境,pre_market_selection,2026-03-12 09:00:00,20260312,98.0,,,20260313,20260317,16.0,14.8,-0.07499999999999996,-0.07832567662039325,0.016250000000000098,-0.08875,0,"{""rec_date"": ""20260312"", ""strategy_type"": ""环境保护""}",,WEAK_BULL
pre_market_recommendation,buy,4,603588.SH,高能环境,pre_market_selection,2026-03-12 09:00:00,20260312,98.0,,,20260313,20260318,16.0,14.69,-0.08187500000000003,-0.08517595875362016,0.016250000000000098,-0.09375,0,"{""rec_date"": ""20260312"", ""strategy_type"": ""环境保护""}",,WEAK_BULL
pre_market_recommendation,buy,5,603588.SH,高能环境,pre_market_selection,2026-03-12 09:00:00,20260312,98.0,,,20260313,20260319,16.0,14.12,-0.11750000000000005,-0.12067287526215908,0.016250000000000098,-0.12187499999999996,0,"{""rec_date"": ""20260312"", ""strategy_type"": ""环境保护""}",,WEAK_BULL
pre_market_recommendation,buy,2,002056.SZ,横店东磁,pre_market_selection,2026-03-12 09:00:00,20260312,97.8,,,20260313,20260316,23.79,23.69,-0.0042034468263975056,-0.007783660140513904,0.0861706599411518,-0.018915510718789386,0,"{""rec_date"": ""20260312"", ""strategy_type"": ""电气设备""}",,WEAK_BULL
pre_market_recommendation,buy,3,002056.SZ,横店东磁,pre_market_selection,2026-03-12 09:00:00,20260312,97.8,,,20260313,20260317,23.79,22.78,-0.04245481294661613,-0.04589750012667404,0.0861706599411518,-0.043295502311895606,0,"{""rec_date"": ""20260312"", ""strategy_type"": ""电气设备""}",,WEAK_BULL
pre_market_recommendation,buy,4,002056.SZ,横店东磁,pre_market_selection,2026-03-12 09:00:00,20260312,97.8,,,20260313,20260318,23.79,22.4,-0.05842791088692734,-0.06181316957144434,0.0861706599411518,-0.07902480033627568,0,"{""rec_date"": ""20260312"", ""strategy_type"": ""电气设备""}",,WEAK_BULL
pre_market_recommendation,buy,5,002056.SZ,横店东磁,pre_market_selection,2026-03-12 09:00:00,20260312,97.8,,,20260313,20260319,23.79,21.73,-0.08659100462379143,-0.08987500780301261,0.0861706599411518,-0.09247583018074823,0,"{""rec_date"": ""20260312"", ""strategy_type"": ""电气设备""}",,WEAK_BULL
pre_market_recommendation,buy,2,002631.SZ,德尔未来,pre_market_selection,2026-03-12 09:00:00,20260312,97.6,,,20260313,20260316,7.71,7.49,-0.02853437094682232,-0.032027106654992976,0.05317769130998684,-0.06874189364461736,0,"{""rec_date"": ""20260312"", ""strategy_type"": ""家居用品""}",,WEAK_BULL
pre_market_recommendation,buy,3,002631.SZ,德尔未来,pre_market_selection,2026-03-12 09:00:00,20260312,97.6,,,20260313,20260317,7.71,7.29,-0.054474708171206254,-0.057874179908531165,0.05317769130998684,-0.06874189364461736,0,"{""rec_date"": ""20260312"", ""strategy_type"": ""家居用品""}",,WEAK_BULL
pre_market_recommendation,buy,4,002631.SZ,德尔未来,pre_market_selection,2026-03-12 09:00:00,20260312,97.6,,,20260313,20260318,7.71,7.4,-0.04020752269779504,-0.04365828961908502,0.05317769130998684,-0.08171206225680927,0,"{""rec_date"": ""20260312"", ""strategy_type"": ""家居用品""}",,WEAK_BULL
pre_market_recommendation,buy,5,002631.SZ,德尔未来,pre_market_selection,2026-03-12 09:00:00,20260312,97.6,,,20260313,20260319,7.71,7.01,-0.09079118028534372,-0.09406008246348463,0.05317769130998684,-0.09727626459143968,0,"{""rec_date"": ""20260312"", ""strategy_type"": ""家居用品""}",,WEAK_BULL
pre_market_recommendation,buy,2,002638.SZ,勤上股份,pre_market_selection,2026-03-12 09:00:00,20260312,97.6,,,20260313,20260316,4.16,4.03,-0.03125,-0.03473297213622262,0.026442307692307487,-0.04807692307692313,0,"{""rec_date"": ""20260312"", ""strategy_type"": ""家用电器""}",,WEAK_BULL
pre_market_recommendation,buy,3,002638.SZ,勤上股份,pre_market_selection,2026-03-12 09:00:00,20260312,97.6,,,20260313,20260317,4.16,4.1,-0.014423076923077094,-0.017966547334618777,0.026442307692307487,-0.04807692307692313,0,"{""rec_date"": ""20260312"", ""strategy_type"": ""家用电器""}",,WEAK_BULL
pre_market_recommendation,buy,4,002638.SZ,勤上股份,pre_market_selection,2026-03-12 09:00:00,20260312,97.6,,,20260313,20260318,4.16,4.23,0.016826923076923128,0.01317109872550315,0.026442307692307487,-0.04807692307692313,1,"{""rec_date"": ""20260312"", ""strategy_type"": ""家用电器""}",,WEAK_BULL
pre_market_recommendation,buy,5,002638.SZ,勤上股份,pre_market_selection,2026-03-12 09:00:00,20260312,97.6,,,20260313,20260319,4.16,3.97,-0.04567307692307687,-0.04910419339474048,0.05288461538461542,-0.0625,0,"{""rec_date"": ""20260312"", ""strategy_type"": ""家用电器""}",,WEAK_BULL
pre_market_recommendation,buy,2,600821.SH,金开新能,pre_market_selection,2026-03-12 09:00:00,20260312,97.5,,,20260313,20260316,10.9,10.65,-0.022935779816513735,-0.026448644285364642,0.025688073394495303,-0.16055045871559637,0,"{""rec_date"": ""20260312"", ""strategy_type"": ""新型电力""}",,WEAK_BULL
pre_market_recommendation,buy,3,600821.SH,金开新能,pre_market_selection,2026-03-12 09:00:00,20260312,97.5,,,20260313,20260317,10.9,9.7,-0.11009174311926617,-0.1132912534805669,0.025688073394495303,-0.16055045871559637,0,"{""rec_date"": ""20260312"", ""strategy_type"": ""新型电力""}",,WEAK_BULL
pre_market_recommendation,buy,4,600821.SH,金开新能,pre_market_selection,2026-03-12 09:00:00,20260312,97.5,,,20260313,20260318,10.9,10.45,-0.041284403669724856,-0.044731298852775714,0.025688073394495303,-0.16055045871559637,0,"{""rec_date"": ""20260312"", ""strategy_type"": ""新型电力""}",,WEAK_BULL
pre_market_recommendation,buy,5,600821.SH,金开新能,pre_market_selection,2026-03-12 09:00:00,20260312,97.5,,,20260313,20260319,10.9,11.11,0.019266055045871422,0.015601461219680424,0.05504587155963292,-0.16055045871559637,1,"{""rec_date"": ""20260312"", ""strategy_type"": ""新型电力""}",,WEAK_BULL
pre_market_recommendation,buy,2,000533.SZ,顺钠股份,pre_market_selection,2026-03-12 09:00:00,20260312,97.3,,,20260313,20260316,18.05,18.66,0.0337950138504155,0.030078183679775883,0.0337950138504155,-0.11191135734072022,1,"{""rec_date"": ""20260312"", ""strategy_type"": ""电气设备""}",,WEAK_BULL
pre_market_recommendation,buy,3,000533.SZ,顺钠股份,pre_market_selection,2026-03-12 09:00:00,20260312,97.3,,,20260313,20260317,18.05,20.53,0.13739612188365657,0.13330681194779226,0.13739612188365657,-0.11191135734072022,1,"{""rec_date"": ""20260312"", ""strategy_type"": ""电气设备""}",,WEAK_BULL
pre_market_recommendation,buy,4,000533.SZ,顺钠股份,pre_market_selection,2026-03-12 09:00:00,20260312,97.3,,,20260313,20260318,18.05,19.75,0.09418282548476453,0.09024888144027732,0.20997229916897497,-0.11191135734072022,1,"{""rec_date"": ""20260312"", ""strategy_type"": ""电气设备""}",,WEAK_BULL
pre_market_recommendation,buy,5,000533.SZ,顺钠股份,pre_market_selection,2026-03-12 09:00:00,20260312,97.3,,,20260313,20260319,18.05,18.58,0.029362880886426357,0.025661985679005017,0.20997229916897497,-0.11191135734072022,1,"{""rec_date"": ""20260312"", ""strategy_type"": ""电气设备""}",,WEAK_BULL
pre_market_recommendation,buy,2,002056.SZ,横店东磁,pre_market_selection,2026-03-13 09:00:00,20260313,98.0,,,20260316,20260317,25.3,22.78,-0.09960474308300393,-0.10284195762899517,0.0,-0.10039525691699602,0,"{""rec_date"": ""20260313"", ""strategy_type"": ""电气设备""}",,WEAK_BULL
pre_market_recommendation,buy,3,002056.SZ,横店东磁,pre_market_selection,2026-03-13 09:00:00,20260313,98.0,,,20260316,20260318,25.3,22.4,-0.11462450592885387,-0.11780771952982849,0.0,-0.13399209486166008,0,"{""rec_date"": ""20260313"", ""strategy_type"": ""电气设备""}",,WEAK_BULL
pre_market_recommendation,buy,4,002056.SZ,横店东磁,pre_market_selection,2026-03-13 09:00:00,20260313,98.0,,,20260316,20260319,25.3,21.73,-0.1411067193675889,-0.14419472077603446,0.0,-0.14664031620553364,0,"{""rec_date"": ""20260313"", ""strategy_type"": ""电气设备""}",,WEAK_BULL
pre_market_recommendation,buy,5,002056.SZ,横店东磁,pre_market_selection,2026-03-13 09:00:00,20260313,98.0,,,20260316,20260320,25.3,22.26,-0.12015810276679839,-0.12332142128276691,0.0,-0.14664031620553364,0,"{""rec_date"": ""20260313"", ""strategy_type"": ""电气设备""}",,WEAK_BULL
pre_market_recommendation,buy,2,002531.SZ,天顺风能,pre_market_selection,2026-03-13 09:00:00,20260313,98.0,,,20260316,20260317,12.8,11.79,-0.07890625000000007,-0.08221788237790884,0.046875,-0.09531250000000002,0,"{""rec_date"": ""20260313"", ""strategy_type"": ""电气设备""}",,WEAK_BULL
pre_market_recommendation,buy,3,002531.SZ,天顺风能,pre_market_selection,2026-03-13 09:00:00,20260313,98.0,,,20260316,20260318,12.8,11.62,-0.09218750000000009,-0.09545138195346059,0.046875,-0.14218750000000002,0,"{""rec_date"": ""20260313"", ""strategy_type"": ""电气设备""}",,WEAK_BULL
pre_market_recommendation,buy,4,002531.SZ,天顺风能,pre_market_selection,2026-03-13 09:00:00,20260313,98.0,,,20260316,20260319,12.8,11.2,-0.1250000000000001,-0.1281459103165885,0.046875,-0.14218750000000002,0,"{""rec_date"": ""20260313"", ""strategy_type"": ""电气设备""}",,WEAK_BULL
pre_market_recommendation,buy,5,002531.SZ,天顺风能,pre_market_selection,2026-03-13 09:00:00,20260313,98.0,,,20260316,20260320,12.8,11.19,-0.12578125000000007,-0.12892435146809145,0.046875,-0.14609375000000002,0,"{""rec_date"": ""20260313"", ""strategy_type"": ""电气设备""}",,WEAK_BULL
pre_market_recommendation,buy,2,601218.SH,吉鑫科技,pre_market_selection,2026-03-13 09:00:00,20260313,98.0,,,20260316,20260317,6.94,7.16,0.03170028818443793,0.02799098923560761,0.09942363112391917,-0.0417867435158501,1,"{""rec_date"": ""20260313"", ""strategy_type"": ""电气设备""}",,WEAK_BULL
pre_market_recommendation,buy,3,601218.SH,吉鑫科技,pre_market_selection,2026-03-13 09:00:00,20260313,98.0,,,20260316,20260318,6.94,6.75,-0.02737752161383289,-0.030874416572576613,0.09942363112391917,-0.0417867435158501,0,"{""rec_date"": ""20260313"", ""strategy_type"": ""电气设备""}",,WEAK_BULL
pre_market_recommendation,buy,4,601218.SH,吉鑫科技,pre_market_selection,2026-03-13 09:00:00,20260313,98.0,,,20260316,20260319,6.94,7.43,0.07060518731988452,0.06675601257270469,0.09942363112391917,-0.04899135446685887,1,"{""rec_date"": ""20260313"", ""strategy_type"": ""电气设备""}",,WEAK_BULL
pre_market_recommendation,buy,5,601218.SH,吉鑫科技,pre_market_selection,2026-03-13 09:00:00,20260313,98.0,,,20260316,20260320,6.94,7.03,0.012968299711815456,0.009326348369598003,0.15129682997118143,-0.04899135446685887,1,"{""rec_date"": ""20260313"", ""strategy_type"": ""电气设备""}",,WEAK_BULL
pre_market_recommendation,buy,2,603248.SH,锡华科技,pre_market_selection,2026-03-13 09:00:00,20260313,98.0,,,20260316,20260317,28.88,34.12,0.18144044321329633,0.17719277958045132,0.18144044321329633,-0.04085872576177285,1,"{""rec_date"": ""20260313"", ""strategy_type"": ""机械基件""}",,WEAK_BULL
pre_market_recommendation,buy,3,603248.SH,锡华科技,pre_market_selection,2026-03-13 09:00:00,20260313,98.0,,,20260316,20260318,28.88,32.39,0.12153739612188375,0.1175051034762844,0.26385041551246546,-0.04085872576177285,1,"{""rec_date"": ""20260313"", ""strategy_type"": ""机械基件""}",,WEAK_BULL
pre_market_recommendation,buy,4,603248.SH,锡华科技,pre_market_selection,2026-03-13 09:00:00,20260313,98.0,,,20260316,20260319,28.88,29.75,0.03012465373961226,0.026421019710387794,0.26385041551246546,-0.04085872576177285,1,"{""rec_date"": ""20260313"", ""strategy_type"": ""机械基件""}",,WEAK_BULL
pre_market_recommendation,buy,5,603248.SH,锡华科技,pre_market_selection,2026-03-13 09:00:00,20260313,98.0,,,20260316,20260320,28.88,28.8,-0.0027700831024930483,-0.006355449826582649,0.26385041551246546,-0.04085872576177285,0,"{""rec_date"": ""20260313"", ""strategy_type"": ""机械基件""}",,WEAK_BULL
pre_market_recommendation,buy,2,002015.SZ,协鑫能科,pre_market_selection,2026-03-13 09:00:00,20260313,97.7,,,20260316,20260317,22.24,20.03,-0.09937050359712218,-0.10260856031044507,0.017985611510791477,-0.1092625899280576,0,"{""rec_date"": ""20260313"", ""strategy_type"": ""新型电力""}",,WEAK_BULL
pre_market_recommendation,buy,3,002015.SZ,协鑫能科,pre_market_selection,2026-03-13 09:00:00,20260313,97.7,,,20260316,20260318,22.24,20.37,-0.0840827338129495,-0.08737575504362294,0.017985611510791477,-0.1092625899280576,0,"{""rec_date"": ""20260313"", ""strategy_type"": ""新型电力""}",,WEAK_BULL
pre_market_recommendation,buy,4,002015.SZ,协鑫能科,pre_market_selection,2026-03-13 09:00:00,20260313,97.7,,,20260316,20260319,22.24,20.16,-0.09352517985611508,-0.09678425241430733,0.017985611510791477,-0.1092625899280576,0,"{""rec_date"": ""20260313"", ""strategy_type"": ""新型电力""}",,WEAK_BULL
pre_market_recommendation,buy,5,002015.SZ,协鑫能科,pre_market_selection,2026-03-13 09:00:00,20260313,97.7,,,20260316,20260320,22.24,20.8,-0.06474820143884885,-0.0681107366179361,0.017985611510791477,-0.13534172661870492,0,"{""rec_date"": ""20260313"", ""strategy_type"": ""新型电力""}",,WEAK_BULL
pre_market_recommendation,buy,2,002445.SZ,中南文化,pre_market_selection,2026-03-13 09:00:00,20260313,97.5,,,20260316,20260317,4.72,3.7,-0.2161016949152541,-0.21892006493253668,0.010593220338982912,-0.22669491525423724,0,"{""rec_date"": ""20260313"", ""strategy_type"": ""钢加工""}",,WEAK_BULL
pre_market_recommendation,buy,3,002445.SZ,中南文化,pre_market_selection,2026-03-13 09:00:00,20260313,97.5,,,20260316,20260318,4.72,4.07,-0.13771186440677952,-0.14081207142579044,0.010593220338982912,-0.22669491525423724,0,"{""rec_date"": ""20260313"", ""strategy_type"": ""钢加工""}",,WEAK_BULL
pre_market_recommendation,buy,4,002445.SZ,中南文化,pre_market_selection,2026-03-13 09:00:00,20260313,97.5,,,20260316,20260319,4.72,4.1,-0.1313559322033898,-0.13447899087118942,0.010593220338982912,-0.22669491525423724,0,"{""rec_date"": ""20260313"", ""strategy_type"": ""钢加工""}",,WEAK_BULL
pre_market_recommendation,buy,5,002445.SZ,中南文化,pre_market_selection,2026-03-13 09:00:00,20260313,97.5,,,20260316,20260320,4.72,3.92,-0.1694915254237288,-0.17247747419879567,0.010593220338982912,-0.22669491525423724,0,"{""rec_date"": ""20260313"", ""strategy_type"": ""钢加工""}",,WEAK_BULL
pre_market_recommendation,buy,2,600683.SH,京投发展,pre_market_selection,2026-03-13 09:00:00,20260313,97.5,,,20260316,20260317,9.58,10.6,0.10647181628392488,0.10249368931036851,0.10647181628392488,-0.05741127348643016,1,"{""rec_date"": ""20260313"", ""strategy_type"": ""区域地产""}",,WEAK_BULL
pre_market_recommendation,buy,3,600683.SH,京投发展,pre_market_selection,2026-03-13 09:00:00,20260313,97.5,,,20260316,20260318,9.58,10.64,0.11064718162839249,0.10665404285493607,0.18684759916492677,-0.05741127348643016,1,"{""rec_date"": ""20260313"", ""strategy_type"": ""区域地产""}",,WEAK_BULL
pre_market_recommendation,buy,4,600683.SH,京投发展,pre_market_selection,2026-03-13 09:00:00,20260313,97.5,,,20260316,20260319,9.58,9.87,0.030271398747390377,0.02656723712201292,0.18684759916492677,-0.05741127348643016,1,"{""rec_date"": ""20260313"", ""strategy_type"": ""区域地产""}",,WEAK_BULL
pre_market_recommendation,buy,5,600683.SH,京投发展,pre_market_selection,2026-03-13 09:00:00,20260313,97.5,,,20260316,20260320,9.58,10.86,0.13361169102296455,0.12953598735005678,0.18684759916492677,-0.05741127348643016,1,"{""rec_date"": ""20260313"", ""strategy_type"": ""区域地产""}",,WEAK_BULL
pre_market_recommendation,buy,2,600726.SH,华电能源,pre_market_selection,2026-03-13 09:00:00,20260313,97.5,,,20260316,20260317,4.3,4.25,-0.011627906976744096,-0.01518142693568103,0.07906976744186034,-0.07906976744186045,0,"{""rec_date"": ""20260313"", ""strategy_type"": ""火力发电""}",,WEAK_BULL
pre_market_recommendation,buy,3,600726.SH,华电能源,pre_market_selection,2026-03-13 09:00:00,20260313,97.5,,,20260316,20260318,4.3,4.56,0.0604651162790697,0.056652398393716163,0.08837209302325588,-0.07906976744186045,1,"{""rec_date"": ""20260313"", ""strategy_type"": ""火力发电""}",,WEAK_BULL
pre_market_recommendation,buy,4,600726.SH,华电能源,pre_market_selection,2026-03-13 09:00:00,20260313,97.5,,,20260316,20260319,4.3,5.02,0.16744186046511622,0.16324452630185404,0.16744186046511622,-0.07906976744186045,1,"{""rec_date"": ""20260313"", ""strategy_type"": ""火力发电""}",,WEAK_BULL
pre_market_recommendation,buy,5,600726.SH,华电能源,pre_market_selection,2026-03-13 09:00:00,20260313,97.5,,,20260316,20260320,4.3,5.52,0.28372093023255807,0.2791055348976563,0.28372093023255807,-0.07906976744186045,1,"{""rec_date"": ""20260313"", ""strategy_type"": ""火力发电""}",,WEAK_BULL
pre_market_recommendation,buy,2,002631.SZ,德尔未来,pre_market_selection,2026-03-13 09:00:00,20260313,97.1,,,20260316,20260317,7.9,7.29,-0.0772151898734178,-0.08053290216389564,0.005063291139240533,-0.09113924050632916,0,"{""rec_date"": ""20260313"", ""strategy_type"": ""家居用品""}",,WEAK_BULL
pre_market_recommendation,buy,3,002631.SZ,德尔未来,pre_market_selection,2026-03-13 09:00:00,20260313,97.1,,,20260316,20260318,7.9,7.4,-0.06329113924050633,-0.06665891303330962,0.005063291139240533,-0.10379746835443038,0,"{""rec_date"": ""20260313"", ""strategy_type"": ""家居用品""}",,WEAK_BULL
pre_market_recommendation,buy,4,002631.SZ,德尔未来,pre_market_selection,2026-03-13 09:00:00,20260313,97.1,,,20260316,20260319,7.9,7.01,-0.11265822784810131,-0.11584851085993253,0.005063291139240533,-0.11898734177215198,0,"{""rec_date"": ""20260313"", ""strategy_type"": ""家居用品""}",,WEAK_BULL
pre_market_recommendation,buy,5,002631.SZ,德尔未来,pre_market_selection,2026-03-13 09:00:00,20260313,97.1,,,20260316,20260320,7.9,6.79,-0.14050632911392413,-0.14359648912110445,0.005063291139240533,-0.1430379746835444,0,"{""rec_date"": ""20260313"", ""strategy_type"": ""家居用品""}",,WEAK_BULL
pre_market_recommendation,buy,2,000973.SZ,佛塑科技,pre_market_selection,2026-03-13 09:00:00,20260313,97.0,,,20260316,20260317,16.77,16.09,-0.04054859868813354,-0.04399813933002161,0.043530113297555184,-0.045319022063208036,0,"{""rec_date"": ""20260313"", ""strategy_type"": ""塑料""}",,WEAK_BULL
pre_market_recommendation,buy,3,000973.SZ,佛塑科技,pre_market_selection,2026-03-13 09:00:00,20260313,97.0,,,20260316,20260318,16.77,15.82,-0.0566487775790101,-0.060040432827901946,0.043530113297555184,-0.0805008944543828,0,"{""rec_date"": ""20260313"", ""strategy_type"": ""塑料""}",,WEAK_BULL
pre_market_recommendation,buy,4,000973.SZ,佛塑科技,pre_market_selection,2026-03-13 09:00:00,20260313,97.0,,,20260316,20260319,16.77,14.98,-0.10673822301729274,-0.10994979037686281,0.043530113297555184,-0.11747167561121041,0,"{""rec_date"": ""20260313"", ""strategy_type"": ""塑料""}",,WEAK_BULL
pre_market_recommendation,buy,5,000973.SZ,佛塑科技,pre_market_selection,2026-03-13 09:00:00,20260313,97.0,,,20260316,20260320,16.77,15.73,-0.06201550387596899,-0.06538786399386187,0.043530113297555184,-0.11747167561121041,0,"{""rec_date"": ""20260313"", ""strategy_type"": ""塑料""}",,WEAK_BULL
pre_market_recommendation,buy,2,002831.SZ,裕同科技,pre_market_selection,2026-03-16 09:00:00,20260316,98.0,,,20260317,20260318,36.0,38.08,0.057777777777777706,0.05397472175061302,0.09388888888888891,-0.0491666666666668,1,"{""rec_date"": ""20260316"", ""strategy_type"": ""广告包装""}",,WEAK_BULL
pre_market_recommendation,buy,3,002831.SZ,裕同科技,pre_market_selection,2026-03-16 09:00:00,20260316,98.0,,,20260317,20260319,36.0,35.45,-0.015277777777777724,-0.018818175261049452,0.09388888888888891,-0.0491666666666668,0,"{""rec_date"": ""20260316"", ""strategy_type"": ""广告包装""}",,WEAK_BULL
pre_market_recommendation,buy,4,002831.SZ,裕同科技,pre_market_selection,2026-03-16 09:00:00,20260316,98.0,,,20260317,20260320,36.0,34.48,-0.04222222222222227,-0.045665745641776834,0.09388888888888891,-0.0491666666666668,0,"{""rec_date"": ""20260316"", ""strategy_type"": ""广告包装""}",,WEAK_BULL
pre_market_recommendation,buy,5,002831.SZ,裕同科技,pre_market_selection,2026-03-16 09:00:00,20260316,98.0,,,20260317,20260323,36.0,32.3,-0.10277777777777786,-0.1060035842293906,0.09388888888888891,-0.11250000000000004,0,"{""rec_date"": ""20260316"", ""strategy_type"": ""广告包装""}",,WEAK_BULL
pre_market_recommendation,buy,2,603248.SH,锡华科技,pre_market_selection,2026-03-16 09:00:00,20260316,98.0,,,20260317,20260318,30.8,32.39,0.05162337662337668,0.04784244767516532,0.18506493506493493,-0.01006493506493511,1,"{""rec_date"": ""20260316"", ""strategy_type"": ""机械基件""}",,WEAK_BULL
pre_market_recommendation,buy,3,603248.SH,锡华科技,pre_market_selection,2026-03-16 09:00:00,20260316,98.0,,,20260317,20260319,30.8,29.75,-0.03409090909090906,-0.03756366723259741,0.18506493506493493,-0.04318181818181821,0,"{""rec_date"": ""20260316"", ""strategy_type"": ""机械基件""}",,WEAK_BULL
pre_market_recommendation,buy,4,603248.SH,锡华科技,pre_market_selection,2026-03-16 09:00:00,20260316,98.0,,,20260317,20260320,30.8,28.8,-0.06493506493506496,-0.06829692827895151,0.18506493506493493,-0.09740259740259738,0,"{""rec_date"": ""20260316"", ""strategy_type"": ""机械基件""}",,WEAK_BULL
pre_market_recommendation,buy,5,603248.SH,锡华科技,pre_market_selection,2026-03-16 09:00:00,20260316,98.0,,,20260317,20260323,30.8,27.37,-0.11136363636363633,-0.1145585738539896,0.18506493506493493,-0.12467532467532472,0,"{""rec_date"": ""20260316"", ""strategy_type"": ""机械基件""}",,WEAK_BULL
pre_market_recommendation,buy,2,600683.SH,京投发展,pre_market_selection,2026-03-16 09:00:00,20260316,97.5,,,20260317,20260318,10.6,10.64,0.0037735849056603765,0.00016469156134779617,0.0726415094339623,-0.04433962264150937,1,"{""rec_date"": ""20260316"", ""strategy_type"": ""区域地产""}",,WEAK_BULL
pre_market_recommendation,buy,3,600683.SH,京投发展,pre_market_selection,2026-03-16 09:00:00,20260316,97.5,,,20260317,20260319,10.6,9.87,-0.06886792452830193,-0.07221564795953928,0.0726415094339623,-0.0962264150943396,0,"{""rec_date"": ""20260316"", ""strategy_type"": ""区域地产""}",,WEAK_BULL
pre_market_recommendation,buy,4,600683.SH,京投发展,pre_market_selection,2026-03-16 09:00:00,20260316,97.5,,,20260317,20260320,10.6,10.86,0.024528301886792336,0.02084478856731553,0.0726415094339623,-0.12547169811320757,1,"{""rec_date"": ""20260316"", ""strategy_type"": ""区域地产""}",,WEAK_BULL
pre_market_recommendation,buy,5,600683.SH,京投发展,pre_market_selection,2026-03-16 09:00:00,20260316,97.5,,,20260317,20260323,10.6,10.54,-0.005660377358490565,-0.009235352532273922,0.0726415094339623,-0.12547169811320757,0,"{""rec_date"": ""20260316"", ""strategy_type"": ""区域地产""}",,WEAK_BULL
pre_market_recommendation,buy,2,600726.SH,华电能源,pre_market_selection,2026-03-16 09:00:00,20260316,97.3,,,20260317,20260318,4.16,4.56,0.09615384615384603,0.09221281564735095,0.125,-0.04807692307692313,1,"{""rec_date"": ""20260316"", ""strategy_type"": ""火力发电""}",,WEAK_BULL
pre_market_recommendation,buy,3,600726.SH,华电能源,pre_market_selection,2026-03-16 09:00:00,20260316,97.3,,,20260317,20260319,4.16,5.02,0.20673076923076916,0.20239217862932035,0.20673076923076916,-0.04807692307692313,1,"{""rec_date"": ""20260316"", ""strategy_type"": ""火力发电""}",,WEAK_BULL
pre_market_recommendation,buy,4,600726.SH,华电能源,pre_market_selection,2026-03-16 09:00:00,20260316,97.3,,,20260317,20260320,4.16,5.52,0.32692307692307687,0.3221523557836352,0.32692307692307687,-0.04807692307692313,1,"{""rec_date"": ""20260316"", ""strategy_type"": ""火力发电""}",,WEAK_BULL
pre_market_recommendation,buy,5,600726.SH,华电能源,pre_market_selection,2026-03-16 09:00:00,20260316,97.3,,,20260317,20260323,4.16,5.32,0.27884615384615397,0.27424828492190945,0.3701923076923077,-0.04807692307692313,1,"{""rec_date"": ""20260316"", ""strategy_type"": ""火力发电""}",,WEAK_BULL
pre_market_recommendation,buy,2,601218.SH,吉鑫科技,pre_market_selection,2026-03-16 09:00:00,20260316,96.9,,,20260317,20260318,6.86,6.75,-0.016034985422740622,-0.019572660497621186,0.10787172011661794,-0.023323615160349864,0,"{""rec_date"": ""20260316"", ""strategy_type"": ""电气设备""}",,WEAK_BULL
pre_market_recommendation,buy,3,601218.SH,吉鑫科技,pre_market_selection,2026-03-16 09:00:00,20260316,96.9,,,20260317,20260319,6.86,7.43,0.08309037900874627,0.07919631592632226,0.10787172011661794,-0.03790087463556857,1,"{""rec_date"": ""20260316"", ""strategy_type"": ""电气设备""}",,WEAK_BULL
pre_market_recommendation,buy,4,601218.SH,吉鑫科技,pre_market_selection,2026-03-16 09:00:00,20260316,96.9,,,20260317,20260320,6.86,7.03,0.02478134110787167,0.021096918029885003,0.16472303206997085,-0.03790087463556857,1,"{""rec_date"": ""20260316"", ""strategy_type"": ""电气设备""}",,WEAK_BULL
pre_market_recommendation,buy,5,601218.SH,吉鑫科技,pre_market_selection,2026-03-16 09:00:00,20260316,96.9,,,20260317,20260323,6.86,7.19,0.048104956268221644,0.044336677188459905,0.16472303206997085,-0.03790087463556857,1,"{""rec_date"": ""20260316"", ""strategy_type"": ""电气设备""}",,WEAK_BULL
pre_market_recommendation,buy,2,002310.SZ,东方新能,pre_market_selection,2026-03-16 09:00:00,20260316,95.5,,,20260317,20260318,2.87,2.87,0.0,-0.003595326076100913,0.09059233449477344,-0.03135888501742168,0,"{""rec_date"": ""20260316"", ""strategy_type"": ""环境保护""}",,WEAK_BULL
pre_market_recommendation,buy,3,002310.SZ,东方新能,pre_market_selection,2026-03-16 09:00:00,20260316,95.5,,,20260317,20260319,2.87,3.16,0.10104529616724744,0.09708667930296899,0.10104529616724744,-0.03135888501742168,1,"{""rec_date"": ""20260316"", ""strategy_type"": ""环境保护""}",,WEAK_BULL
pre_market_recommendation,buy,4,002310.SZ,东方新能,pre_market_selection,2026-03-16 09:00:00,20260316,95.5,,,20260317,20260320,2.87,3.48,0.21254355400696867,0.2081840645488393,0.21254355400696867,-0.03135888501742168,1,"{""rec_date"": ""20260316"", ""strategy_type"": ""环境保护""}",,WEAK_BULL
pre_market_recommendation,buy,5,002310.SZ,东方新能,pre_market_selection,2026-03-16 09:00:00,20260316,95.5,,,20260317,20260323,2.87,3.83,0.3344947735191637,0.3296968296615099,0.3344947735191637,-0.03135888501742168,1,"{""rec_date"": ""20260316"", ""strategy_type"": ""环境保护""}",,WEAK_BULL
pre_market_recommendation,buy,2,603949.SH,雪龙集团,pre_market_selection,2026-03-16 09:00:00,20260316,95.3,,,20260317,20260318,22.86,24.19,0.05818022747156615,0.05437572450652328,0.06386701662292227,-0.010061242344706955,1,"{""rec_date"": ""20260316"", ""strategy_type"": ""汽车配件""}",,WEAK_BULL
pre_market_recommendation,buy,3,603949.SH,雪龙集团,pre_market_selection,2026-03-16 09:00:00,20260316,95.3,,,20260317,20260319,22.86,24.2,0.05861767279090113,0.05481159706729488,0.06386701662292227,-0.010061242344706955,1,"{""rec_date"": ""20260316"", ""strategy_type"": ""汽车配件""}",,WEAK_BULL
pre_market_recommendation,buy,4,603949.SH,雪龙集团,pre_market_selection,2026-03-16 09:00:00,20260316,95.3,,,20260317,20260320,22.86,21.78,-0.04724409448818889,-0.05066956263943456,0.06386701662292227,-0.04724409448818889,0,"{""rec_date"": ""20260316"", ""strategy_type"": ""汽车配件""}",,WEAK_BULL
pre_market_recommendation,buy,5,603949.SH,雪龙集团,pre_market_selection,2026-03-16 09:00:00,20260316,95.3,,,20260317,20260323,22.86,19.6,-0.14260717410323698,-0.1456897808876454,0.06386701662292227,-0.14260717410323698,0,"{""rec_date"": ""20260316"", ""strategy_type"": ""汽车配件""}",,WEAK_BULL
pre_market_recommendation,buy,2,603817.SH,海峡环保,pre_market_selection,2026-03-16 09:00:00,20260316,95.2,,,20260317,20260318,8.0,8.7,0.08749999999999991,0.08359008289224024,0.09375,0.0,1,"{""rec_date"": ""20260316"", ""strategy_type"": ""环境保护""}",,WEAK_BULL
pre_market_recommendation,buy,3,603817.SH,海峡环保,pre_market_selection,2026-03-16 09:00:00,20260316,95.2,,,20260317,20260319,8.0,9.07,0.13375000000000004,0.12967379906122067,0.1412500000000001,0.0,1,"{""rec_date"": ""20260316"", ""strategy_type"": ""环境保护""}",,WEAK_BULL
pre_market_recommendation,buy,4,603817.SH,海峡环保,pre_market_selection,2026-03-16 09:00:00,20260316,95.2,,,20260317,20260320,8.0,8.69,0.08624999999999994,0.08234457704983522,0.1412500000000001,0.0,1,"{""rec_date"": ""20260316"", ""strategy_type"": ""环境保护""}",,WEAK_BULL
pre_market_recommendation,buy,5,603817.SH,海峡环保,pre_market_selection,2026-03-16 09:00:00,20260316,95.2,,,20260317,20260323,8.0,8.64,0.08000000000000007,0.07611704783781104,0.1412500000000001,0.0,1,"{""rec_date"": ""20260316"", ""strategy_type"": ""环境保护""}",,WEAK_BULL
pre_market_recommendation,buy,2,002384.SZ,东山精密,pre_market_selection,2026-03-16 09:00:00,20260316,95.1,,,20260317,20260318,117.0,107.38,-0.08222222222222231,-0.08552193259873264,0.0013675213675212738,-0.12965811965811969,0,"{""rec_date"": ""20260316"", ""strategy_type"": ""元器件""}",,WEAK_BULL
pre_market_recommendation,buy,3,002384.SZ,东山精密,pre_market_selection,2026-03-16 09:00:00,20260316,95.1,,,20260317,20260319,117.0,111.72,-0.045128205128205146,-0.04856128059164111,0.0013675213675212738,-0.12965811965811969,0,"{""rec_date"": ""20260316"", ""strategy_type"": ""元器件""}",,WEAK_BULL
pre_market_recommendation,buy,4,002384.SZ,东山精密,pre_market_selection,2026-03-16 09:00:00,20260316,95.1,,,20260317,20260320,117.0,116.06,-0.008034188034187983,-0.011600628584549355,0.021794871794871717,-0.12965811965811969,0,"{""rec_date"": ""20260316"", ""strategy_type"": ""元器件""}",,WEAK_BULL
pre_market_recommendation,buy,5,002384.SZ,东山精密,pre_market_selection,2026-03-16 09:00:00,20260316,95.1,,,20260317,20260323,117.0,105.23,-0.10059829059829062,-0.10383193301699234,0.021794871794871717,-0.12965811965811969,0,"{""rec_date"": ""20260316"", ""strategy_type"": ""元器件""}",,WEAK_BULL
pre_market_recommendation,buy,2,000890.SZ,法尔胜,pre_market_selection,2026-03-16 09:00:00,20260316,95.0,,,20260317,20260318,12.55,13.6,0.08366533864541825,0.07976920839561963,0.11553784860557759,-0.027091633466135412,1,"{""rec_date"": ""20260316"", ""strategy_type"": ""环境保护""}",,WEAK_BULL
pre_market_recommendation,buy,3,000890.SZ,法尔胜,pre_market_selection,2026-03-16 09:00:00,20260316,95.0,,,20260317,20260319,12.55,14.0,0.11553784860557759,0.11152712628960848,0.13705179282868518,-0.027091633466135412,1,"{""rec_date"": ""20260316"", ""strategy_type"": ""环境保护""}",,WEAK_BULL
pre_market_recommendation,buy,4,000890.SZ,法尔胜,pre_market_selection,2026-03-16 09:00:00,20260316,95.0,,,20260317,20260320,12.55,13.13,0.04621513944223099,0.04245365487018282,0.13705179282868518,-0.027091633466135412,1,"{""rec_date"": ""20260316"", ""strategy_type"": ""环境保护""}",,WEAK_BULL
pre_market_recommendation,buy,5,000890.SZ,法尔胜,pre_market_selection,2026-03-16 09:00:00,20260316,95.0,,,20260317,20260323,12.55,13.15,0.047808764940239,0.044041550764882365,0.13705179282868518,-0.05179282868525903,1,"{""rec_date"": ""20260316"", ""strategy_type"": ""环境保护""}",,WEAK_BULL
pre_market_recommendation,buy,2,605117.SH,德业股份,pre_market_selection,2026-03-17 09:00:00,20260317,99.0757511305451,,,20260318,20260319,126.0,128.01,0.01595238095238094,0.012299700865066043,0.060317460317460325,-0.019444444444444486,1,"{""rec_date"": ""20260317"", ""strategy_type"": ""secondary_launch_walkforward""}",,NEUTRAL
pre_market_recommendation,buy,3,605117.SH,德业股份,pre_market_selection,2026-03-17 09:00:00,20260317,99.0757511305451,,,20260318,20260320,126.0,140.7,0.11666666666666647,0.11265188588168717,0.11753968253968261,-0.019444444444444486,1,"{""rec_date"": ""20260317"", ""strategy_type"": ""secondary_launch_walkforward""}",,NEUTRAL
pre_market_recommendation,buy,4,605117.SH,德业股份,pre_market_selection,2026-03-17 09:00:00,20260317,99.0757511305451,,,20260318,20260323,126.0,136.99,0.08722222222222231,0.08331330381615043,0.12690476190476208,-0.019444444444444486,1,"{""rec_date"": ""20260317"", ""strategy_type"": ""secondary_launch_walkforward""}",,NEUTRAL
pre_market_recommendation,buy,5,605117.SH,德业股份,pre_market_selection,2026-03-17 09:00:00,20260317,99.0757511305451,,,20260318,20260324,126.0,135.08,0.07206349206349216,0.06820907423524036,0.12690476190476208,-0.019444444444444486,1,"{""rec_date"": ""20260317"", ""strategy_type"": ""secondary_launch_walkforward""}",,NEUTRAL
pre_market_recommendation,buy,2,603629.SH,利通电子,pre_market_selection,2026-03-17 09:00:00,20260317,95.10268727922251,,,20260318,20260319,58.49,68.07,0.16378868182595308,0.1596044820311131,0.16378868182595308,-0.03231321593434777,1,"{""rec_date"": ""20260317"", ""strategy_type"": ""secondary_launch_walkforward""}",,NEUTRAL
pre_market_recommendation,buy,3,603629.SH,利通电子,pre_market_selection,2026-03-17 09:00:00,20260317,95.10268727922251,,,20260318,20260320,58.49,61.26,0.04735852282441444,0.04359292741627718,0.22892802188408257,-0.03231321593434777,1,"{""rec_date"": ""20260317"", ""strategy_type"": ""secondary_launch_walkforward""}",,NEUTRAL
pre_market_recommendation,buy,4,603629.SH,利通电子,pre_market_selection,2026-03-17 09:00:00,20260317,95.10268727922251,,,20260318,20260323,58.49,57.55,-0.016071123268934895,-0.019608668416474795,0.22892802188408257,-0.03231321593434777,0,"{""rec_date"": ""20260317"", ""strategy_type"": ""secondary_launch_walkforward""}",,NEUTRAL
pre_market_recommendation,buy,5,603629.SH,利通电子,pre_market_selection,2026-03-17 09:00:00,20260317,95.10268727922251,,,20260318,20260324,58.49,56.98,-0.025816378868182666,-0.02931888664414828,0.22892802188408257,-0.056761839630706135,0,"{""rec_date"": ""20260317"", ""strategy_type"": ""secondary_launch_walkforward""}",,NEUTRAL
pre_market_recommendation,buy,2,603949.SH,雪龙集团,pre_market_selection,2026-03-18 09:00:00,20260318,97.7,,,20260319,20260320,23.74,21.78,-0.08256107834877835,-0.08585957042702075,0.019376579612468525,-0.08256107834877835,0,"{""rec_date"": ""20260318"", ""strategy_type"": ""汽车配件""}",,WEAK_BULL
pre_market_recommendation,buy,3,603949.SH,雪龙集团,pre_market_selection,2026-03-18 09:00:00,20260318,97.7,,,20260319,20260323,23.74,19.6,-0.1743892165122155,-0.1773575564907992,0.019376579612468525,-0.1743892165122155,0,"{""rec_date"": ""20260318"", ""strategy_type"": ""汽车配件""}",,WEAK_BULL
pre_market_recommendation,buy,4,603949.SH,雪龙集团,pre_market_selection,2026-03-18 09:00:00,20260318,97.7,,,20260319,20260324,23.74,19.92,-0.1609098567818027,-0.16392665945391427,0.019376579612468525,-0.24894692502106153,0,"{""rec_date"": ""20260318"", ""strategy_type"": ""汽车配件""}",,WEAK_BULL
pre_market_recommendation,buy,5,603949.SH,雪龙集团,pre_market_selection,2026-03-18 09:00:00,20260318,97.7,,,20260319,20260325,23.74,18.17,-0.2346251053074978,-0.23737687762437865,0.019376579612468525,-0.24894692502106153,0,"{""rec_date"": ""20260318"", ""strategy_type"": ""汽车配件""}",,WEAK_BULL
pre_market_recommendation,buy,2,002285.SZ,世联行,pre_market_selection,2026-03-18 09:00:00,20260318,97.6,,,20260319,20260320,3.47,3.25,-0.06340057636887608,-0.06676795669951818,0.057636887608069065,-0.0720461095100865,0,"{""rec_date"": ""20260318"", ""strategy_type"": ""房产服务""}",,WEAK_BULL
pre_market_recommendation,buy,3,002285.SZ,世联行,pre_market_selection,2026-03-18 09:00:00,20260318,97.6,,,20260319,20260323,3.47,3.02,-0.12968299711815567,-0.13281207053309074,0.057636887608069065,-0.13832853025936598,0,"{""rec_date"": ""20260318"", ""strategy_type"": ""房产服务""}",,WEAK_BULL
pre_market_recommendation,buy,4,002285.SZ,世联行,pre_market_selection,2026-03-18 09:00:00,20260318,97.6,,,20260319,20260324,3.47,3.14,-0.09510086455331412,-0.09835427201122682,0.057636887608069065,-0.13832853025936598,0,"{""rec_date"": ""20260318"", ""strategy_type"": ""房产服务""}",,WEAK_BULL
pre_market_recommendation,buy,5,002285.SZ,世联行,pre_market_selection,2026-03-18 09:00:00,20260318,97.6,,,20260319,20260325,3.47,3.17,-0.08645533141210382,-0.08973982238076084,0.057636887608069065,-0.13832853025936598,0,"{""rec_date"": ""20260318"", ""strategy_type"": ""房产服务""}",,WEAK_BULL
pre_market_recommendation,buy,2,600370.SH,三房巷,pre_market_selection,2026-03-18 09:00:00,20260318,97.2,,,20260319,20260320,3.66,2.96,-0.1912568306010929,-0.19416452600690126,0.05464480874316924,-0.1912568306010929,0,"{""rec_date"": ""20260318"", ""strategy_type"": ""化工原料""}",,WEAK_BULL
pre_market_recommendation,buy,3,600370.SH,三房巷,pre_market_selection,2026-03-18 09:00:00,20260318,97.2,,,20260319,20260323,3.66,2.66,-0.27322404371584696,-0.2758370402629585,0.05464480874316924,-0.27322404371584696,0,"{""rec_date"": ""20260318"", ""strategy_type"": ""化工原料""}",,WEAK_BULL
pre_market_recommendation,buy,4,600370.SH,三房巷,pre_market_selection,2026-03-18 09:00:00,20260318,97.2,,,20260319,20260324,3.66,2.7,-0.2622950819672131,-0.2649473716954842,0.05464480874316924,-0.3087431693989072,0,"{""rec_date"": ""20260318"", ""strategy_type"": ""化工原料""}",,WEAK_BULL
pre_market_recommendation,buy,5,600370.SH,三房巷,pre_market_selection,2026-03-18 09:00:00,20260318,97.2,,,20260319,20260325,3.66,2.66,-0.27322404371584696,-0.2758370402629585,0.05464480874316924,-0.3087431693989072,0,"{""rec_date"": ""20260318"", ""strategy_type"": ""化工原料""}",,WEAK_BULL
pre_market_recommendation,buy,2,000890.SZ,法尔胜,pre_market_selection,2026-03-18 09:00:00,20260318,96.9,,,20260319,20260320,13.4,13.13,-0.020149253731343242,-0.023672136670089827,0.06492537313432822,-0.059701492537313494,0,"{""rec_date"": ""20260318"", ""strategy_type"": ""环境保护""}",,WEAK_BULL
pre_market_recommendation,buy,3,000890.SZ,法尔胜,pre_market_selection,2026-03-18 09:00:00,20260318,96.9,,,20260319,20260323,13.4,13.15,-0.018656716417910446,-0.022184965514979504,0.06492537313432822,-0.11194029850746268,0,"{""rec_date"": ""20260318"", ""strategy_type"": ""环境保护""}",,WEAK_BULL
pre_market_recommendation,buy,4,000890.SZ,法尔胜,pre_market_selection,2026-03-18 09:00:00,20260318,96.9,,,20260319,20260324,13.4,12.79,-0.045522388059701546,-0.04895404630696509,0.06492537313432822,-0.11194029850746268,0,"{""rec_date"": ""20260318"", ""strategy_type"": ""环境保护""}",,WEAK_BULL
pre_market_recommendation,buy,5,000890.SZ,法尔胜,pre_market_selection,2026-03-18 09:00:00,20260318,96.9,,,20260319,20260325,13.4,13.61,0.015671641791044744,0.012019971052557255,0.06492537313432822,-0.11194029850746268,1,"{""rec_date"": ""20260318"", ""strategy_type"": ""环境保护""}",,WEAK_BULL
pre_market_recommendation,buy,2,600683.SH,京投发展,pre_market_selection,2026-03-18 09:00:00,20260318,96.8,,,20260319,20260320,10.2,10.86,0.06470588235294117,0.06087791753073968,0.06470588235294117,-0.0911764705882353,1,"{""rec_date"": ""20260318"", ""strategy_type"": ""区域地产""}",,WEAK_BULL
pre_market_recommendation,buy,3,600683.SH,京投发展,pre_market_selection,2026-03-18 09:00:00,20260318,96.8,,,20260319,20260323,10.2,10.54,0.033333333333333215,0.029618163054695668,0.10588235294117654,-0.0911764705882353,1,"{""rec_date"": ""20260318"", ""strategy_type"": ""区域地产""}",,WEAK_BULL
pre_market_recommendation,buy,4,600683.SH,京投发展,pre_market_selection,2026-03-18 09:00:00,20260318,96.8,,,20260319,20260324,10.2,10.88,0.06666666666666687,0.06283165218549236,0.12450980392156885,-0.0911764705882353,1,"{""rec_date"": ""20260318"", ""strategy_type"": ""区域地产""}",,WEAK_BULL
pre_market_recommendation,buy,5,600683.SH,京投发展,pre_market_selection,2026-03-18 09:00:00,20260318,96.8,,,20260319,20260325,10.2,11.01,0.07941176470588251,0.07553092744138512,0.12450980392156885,-0.0911764705882353,1,"{""rec_date"": ""20260318"", ""strategy_type"": ""区域地产""}",,WEAK_BULL
pre_market_recommendation,buy,2,000020.SZ,深华发Ａ,pre_market_selection,2026-03-18 09:00:00,20260318,95.0,,,20260319,20260320,21.21,23.33,0.09995285242809993,0.09599816325528354,0.09995285242809993,0.0,1,"{""rec_date"": ""20260318"", ""strategy_type"": ""元器件""}",,WEAK_BULL
pre_market_recommendation,buy,3,000020.SZ,深华发Ａ,pre_market_selection,2026-03-18 09:00:00,20260318,95.0,,,20260319,20260323,21.21,21.0,-0.00990099009900991,-0.013460718887228551,0.20980669495520976,-0.00990099009900991,0,"{""rec_date"": ""20260318"", ""strategy_type"": ""元器件""}",,WEAK_BULL
pre_market_recommendation,buy,4,000020.SZ,深华发Ａ,pre_market_selection,2026-03-18 09:00:00,20260318,95.0,,,20260319,20260324,21.21,18.95,-0.1065535124941066,-0.10976574394823735,0.20980669495520976,-0.10891089108910901,0,"{""rec_date"": ""20260318"", ""strategy_type"": ""元器件""}",,WEAK_BULL
pre_market_recommendation,buy,5,000020.SZ,深华发Ａ,pre_market_selection,2026-03-18 09:00:00,20260318,95.0,,,20260319,20260325,21.21,17.68,-0.16643092880716648,-0.16942788142505727,0.20980669495520976,-0.17774634606317774,0,"{""rec_date"": ""20260318"", ""strategy_type"": ""元器件""}",,WEAK_BULL
pre_market_recommendation,buy,2,001309.SZ,德明利,pre_market_selection,2026-03-18 09:00:00,20260318,95.0,,,20260319,20260320,357.0,331.52,-0.07137254901960788,-0.07471126750910084,0.014005602240896309,-0.07470588235294118,0,"{""rec_date"": ""20260318"", ""strategy_type"": ""半导体""}",,WEAK_BULL
pre_market_recommendation,buy,3,001309.SZ,德明利,pre_market_selection,2026-03-18 09:00:00,20260318,95.0,,,20260319,20260323,357.0,321.0,-0.10084033613445376,-0.10407310832052774,0.014005602240896309,-0.11764705882352944,0,"{""rec_date"": ""20260318"", ""strategy_type"": ""半导体""}",,WEAK_BULL
pre_market_recommendation,buy,4,001309.SZ,德明利,pre_market_selection,2026-03-18 09:00:00,20260318,95.0,,,20260319,20260324,357.0,349.63,-0.020644257703081204,-0.024165360941140634,0.014005602240896309,-0.14257703081232487,0,"{""rec_date"": ""20260318"", ""strategy_type"": ""半导体""}",,WEAK_BULL
pre_market_recommendation,buy,5,001309.SZ,德明利,pre_market_selection,2026-03-18 09:00:00,20260318,95.0,,,20260319,20260325,357.0,375.17,0.05089635854341745,0.04711804346226667,0.05882352941176472,-0.14257703081232487,1,"{""rec_date"": ""20260318"", ""strategy_type"": ""半导体""}",,WEAK_BULL
pre_market_recommendation,buy,2,600396.SH,华电辽能,pre_market_selection,2026-03-18 09:00:00,20260318,95.0,,,20260319,20260320,5.24,6.26,0.19465648854961826,0.19036130892435277,0.19465648854961826,-0.009541984732824416,1,"{""rec_date"": ""20260318"", ""strategy_type"": ""火力发电""}",,WEAK_BULL
pre_market_recommendation,buy,3,600396.SH,华电辽能,pre_market_selection,2026-03-18 09:00:00,20260318,95.0,,,20260319,20260323,5.24,6.89,0.31488549618320594,0.3101580540716917,0.31488549618320594,-0.009541984732824416,1,"{""rec_date"": ""20260318"", ""strategy_type"": ""火力发电""}",,WEAK_BULL
pre_market_recommendation,buy,4,600396.SH,华电辽能,pre_market_selection,2026-03-18 09:00:00,20260318,95.0,,,20260319,20260324,5.24,7.58,0.44656488549618323,0.4413640130425869,0.44656488549618323,-0.009541984732824416,1,"{""rec_date"": ""20260318"", ""strategy_type"": ""火力发电""}",,WEAK_BULL
pre_market_recommendation,buy,5,600396.SH,华电辽能,pre_market_selection,2026-03-18 09:00:00,20260318,95.0,,,20260319,20260325,5.24,8.34,0.5916030534351144,0.5858807214742976,0.5916030534351144,-0.009541984732824416,1,"{""rec_date"": ""20260318"", ""strategy_type"": ""火力发电""}",,WEAK_BULL
pre_market_recommendation,buy,2,603929.SH,亚翔集成,pre_market_selection,2026-03-18 09:00:00,20260318,95.0,,,20260319,20260320,174.1,184.92,0.06214819069500277,0.05832942160831389,0.08954623779437099,-0.010338885697874667,1,"{""rec_date"": ""20260318"", ""strategy_type"": ""装修装饰""}",,WEAK_BULL
pre_market_recommendation,buy,3,603929.SH,亚翔集成,pre_market_selection,2026-03-18 09:00:00,20260318,95.0,,,20260319,20260323,174.1,173.8,-0.001723147616312315,-0.005312278414855376,0.08954623779437099,-0.010338885697874667,0,"{""rec_date"": ""20260318"", ""strategy_type"": ""装修装饰""}",,WEAK_BULL
pre_market_recommendation,buy,4,603929.SH,亚翔集成,pre_market_selection,2026-03-18 09:00:00,20260318,95.0,,,20260319,20260324,174.1,191.18,0.0981045376220564,0.0941564937436592,0.0981045376220564,-0.01717403790924743,1,"{""rec_date"": ""20260318"", ""strategy_type"": ""装修装饰""}",,WEAK_BULL
pre_market_recommendation,buy,5,603929.SH,亚翔集成,pre_market_selection,2026-03-18 09:00:00,20260318,95.0,,,20260319,20260325,174.1,199.98,0.1486502010338886,0.14452042901379314,0.20792647903503747,-0.01717403790924743,1,"{""rec_date"": ""20260318"", ""strategy_type"": ""装修装饰""}",,WEAK_BULL
pre_market_recommendation,buy,2,002636.SZ,金安国纪,pre_market_selection,2026-03-18 09:00:00,20260318,94.8,,,20260319,20260320,33.0,31.3,-0.051515151515151514,-0.05492526382369567,0.04484848484848469,-0.054545454545454564,0,"{""rec_date"": ""20260318"", ""strategy_type"": ""元器件""}",,WEAK_BULL
pre_market_recommendation,buy,3,002636.SZ,金安国纪,pre_market_selection,2026-03-18 09:00:00,20260318,94.8,,,20260319,20260323,33.0,28.17,-0.14636363636363636,-0.14943273744132612,0.04484848484848469,-0.14636363636363636,0,"{""rec_date"": ""20260318"", ""strategy_type"": ""元器件""}",,WEAK_BULL
pre_market_recommendation,buy,4,002636.SZ,金安国纪,pre_market_selection,2026-03-18 09:00:00,20260318,94.8,,,20260319,20260324,33.0,30.99,-0.06090909090909091,-0.06428542894237477,0.04484848484848469,-0.15515151515151515,0,"{""rec_date"": ""20260318"", ""strategy_type"": ""元器件""}",,WEAK_BULL
pre_market_recommendation,buy,5,002636.SZ,金安国纪,pre_market_selection,2026-03-18 09:00:00,20260318,94.8,,,20260319,20260325,33.0,31.4,-0.048484848484848575,-0.05190585572089601,0.04484848484848469,-0.15515151515151515,0,"{""rec_date"": ""20260318"", ""strategy_type"": ""元器件""}",,WEAK_BULL
pre_market_recommendation,buy,2,603949.SH,雪龙集团,pre_market_selection,2026-03-19 09:00:00,20260319,97.8,,,20260320,20260323,23.39,19.6,-0.16203505771697302,-0.16504781492482157,0.011115861479264577,-0.16203505771697302,0,"{""rec_date"": ""20260319"", ""strategy_type"": ""unknown""}",,NEUTRAL
pre_market_recommendation,buy,3,603949.SH,雪龙集团,pre_market_selection,2026-03-19 09:00:00,20260319,97.8,,,20260320,20260324,23.39,19.92,-0.14835399743480115,-0.1514159425154309,0.011115861479264577,-0.23770842240273626,0,"{""rec_date"": ""20260319"", ""strategy_type"": ""unknown""}",,NEUTRAL
pre_market_recommendation,buy,4,603949.SH,雪龙集团,pre_market_selection,2026-03-19 09:00:00,20260319,97.8,,,20260320,20260325,23.39,18.17,-0.22317229585292853,-0.22596524475428614,0.011115861479264577,-0.23770842240273626,0,"{""rec_date"": ""20260319"", ""strategy_type"": ""unknown""}",,NEUTRAL
pre_market_recommendation,buy,2,603817.SH,海峡环保,pre_market_selection,2026-03-19 09:00:00,20260319,97.6,,,20260320,20260323,9.07,8.64,-0.047409040793825796,-0.05083391590931763,0.004410143329658167,-0.08930540242557883,0,"{""rec_date"": ""20260319"", ""strategy_type"": ""unknown""}",,NEUTRAL
pre_market_recommendation,buy,3,603817.SH,海峡环保,pre_market_selection,2026-03-19 09:00:00,20260319,97.6,,,20260320,20260324,9.07,8.79,-0.030871003307607614,-0.03435533806052138,0.004410143329658167,-0.09151047409040791,0,"{""rec_date"": ""20260319"", ""strategy_type"": ""unknown""}",,NEUTRAL
pre_market_recommendation,buy,4,603817.SH,海峡环保,pre_market_selection,2026-03-19 09:00:00,20260319,97.6,,,20260320,20260325,9.07,9.01,-0.006615214994487362,-0.01018675721561968,0.015435501653803918,-0.09151047409040791,0,"{""rec_date"": ""20260319"", ""strategy_type"": ""unknown""}",,NEUTRAL
pre_market_recommendation,buy,2,000890.SZ,法尔胜,pre_market_selection,2026-03-19 09:00:00,20260319,97.1,,,20260320,20260323,13.5,13.15,-0.025925925925925908,-0.029428039844498266,0.03703703703703698,-0.11851851851851847,0,"{""rec_date"": ""20260319"", ""strategy_type"": ""unknown""}",,NEUTRAL
pre_market_recommendation,buy,3,000890.SZ,法尔胜,pre_market_selection,2026-03-19 09:00:00,20260319,97.1,,,20260320,20260324,13.5,12.79,-0.052592592592592635,-0.05599883114913573,0.03703703703703698,-0.11851851851851847,0,"{""rec_date"": ""20260319"", ""strategy_type"": ""unknown""}",,NEUTRAL
pre_market_recommendation,buy,4,000890.SZ,法尔胜,pre_market_selection,2026-03-19 09:00:00,20260319,97.1,,,20260320,20260325,13.5,13.61,0.008148148148148016,0.004523526822538315,0.03703703703703698,-0.11851851851851847,1,"{""rec_date"": ""20260319"", ""strategy_type"": ""unknown""}",,NEUTRAL
pre_market_recommendation,buy,2,000020.SZ,深华发Ａ,pre_market_selection,2026-03-19 09:00:00,20260319,95.0,,,20260320,20260323,23.33,21.0,-0.09987141020145729,-0.10310766599220389,0.09987141020145751,-0.09987141020145729,0,"{""rec_date"": ""20260319"", ""strategy_type"": ""unknown""}",,NEUTRAL
pre_market_recommendation,buy,3,000020.SZ,深华发Ａ,pre_market_selection,2026-03-19 09:00:00,20260319,95.0,,,20260320,20260324,23.33,18.95,-0.18774110587226744,-0.19066144145486985,0.09987141020145751,-0.18988426918131163,0,"{""rec_date"": ""20260319"", ""strategy_type"": ""unknown""}",,NEUTRAL
pre_market_recommendation,buy,4,000020.SZ,深华发Ａ,pre_market_selection,2026-03-19 09:00:00,20260319,95.0,,,20260320,20260325,23.33,17.68,-0.24217745392198886,-0.2449020730829603,0.09987141020145751,-0.2524646378054006,0,"{""rec_date"": ""20260319"", ""strategy_type"": ""unknown""}",,NEUTRAL
pre_market_recommendation,buy,2,600396.SH,华电辽能,pre_market_selection,2026-03-19 09:00:00,20260319,95.0,,,20260320,20260323,6.1,6.89,0.12950819672131142,0.12544724644846972,0.12950819672131142,-0.0852459016393442,1,"{""rec_date"": ""20260319"", ""strategy_type"": ""unknown""}",,NEUTRAL
pre_market_recommendation,buy,3,600396.SH,华电辽能,pre_market_selection,2026-03-19 09:00:00,20260319,95.0,,,20260320,20260324,6.1,7.58,0.24262295081967222,0.23815531612182883,0.24262295081967222,-0.0852459016393442,1,"{""rec_date"": ""20260319"", ""strategy_type"": ""unknown""}",,NEUTRAL
pre_market_recommendation,buy,4,600396.SH,华电辽能,pre_market_selection,2026-03-19 09:00:00,20260319,95.0,,,20260320,20260325,6.1,8.34,0.36721311475409846,0.362297537791036,0.36721311475409846,-0.0852459016393442,1,"{""rec_date"": ""20260319"", ""strategy_type"": ""unknown""}",,NEUTRAL
pre_market_recommendation,buy,2,000010.SZ,美丽生态,pre_market_selection,2026-03-19 09:00:00,20260319,90.51625039970197,,,20260320,20260323,4.65,4.31,-0.07311827956989259,-0.07645072158881627,0.021505376344086002,-0.08602150537634412,0,"{""rec_date"": ""20260319"", ""strategy_type"": ""secondary_launch_walkforward""}",,NEUTRAL
pre_market_recommendation,buy,3,000010.SZ,美丽生态,pre_market_selection,2026-03-19 09:00:00,20260319,90.51625039970197,,,20260320,20260324,4.65,4.45,-0.043010752688172116,-0.04645144108358046,0.021505376344086002,-0.09677419354838712,0,"{""rec_date"": ""20260319"", ""strategy_type"": ""secondary_launch_walkforward""}",,NEUTRAL
pre_market_recommendation,buy,4,000010.SZ,美丽生态,pre_market_selection,2026-03-19 09:00:00,20260319,90.51625039970197,,,20260320,20260325,4.65,4.47,-0.03870967741935494,-0.04216582958283266,0.021505376344086002,-0.09677419354838712,0,"{""rec_date"": ""20260319"", ""strategy_type"": ""secondary_launch_walkforward""}",,NEUTRAL
pre_market_recommendation,buy,2,600956.SH,新天绿能,pre_market_selection,2026-03-19 09:00:00,20260319,86.92105866496988,,,20260320,20260323,9.91,9.72,-0.019172552976791102,-0.022698947473229092,0.03733602421796167,-0.07164480322906164,0,"{""rec_date"": ""20260319"", ""strategy_type"": ""secondary_launch_walkforward""}",,NEUTRAL
pre_market_recommendation,buy,3,600956.SH,新天绿能,pre_market_selection,2026-03-19 09:00:00,20260319,86.92105866496988,,,20260320,20260324,9.91,10.31,0.04036326942482349,0.036622824233642826,0.056508577194752885,-0.07164480322906164,1,"{""rec_date"": ""20260319"", ""strategy_type"": ""secondary_launch_walkforward""}",,NEUTRAL
pre_market_recommendation,buy,4,600956.SH,新天绿能,pre_market_selection,2026-03-19 09:00:00,20260319,86.92105866496988,,,20260320,20260325,9.91,10.22,0.03128153380423826,0.027573740413950443,0.07164480322906153,-0.07164480322906164,1,"{""rec_date"": ""20260319"", ""strategy_type"": ""secondary_launch_walkforward""}",,NEUTRAL
pre_market_recommendation,buy,2,000020.SZ,深华发Ａ,pre_market_selection,2026-03-20 09:00:00,20260320,97.5,,,20260323,20260324,25.66,18.95,-0.26149649259547936,-0.2641516535129429,0.0,-0.2634450506625098,0,"{""rec_date"": ""20260320"", ""strategy_type"": ""unknown""}",,NEUTRAL
pre_market_recommendation,buy,3,000020.SZ,深华发Ａ,pre_market_selection,2026-03-20 09:00:00,20260320,97.5,,,20260323,20260325,25.66,17.68,-0.31098986749805146,-0.31346708359413344,0.0,-0.3203429462197973,0,"{""rec_date"": ""20260320"", ""strategy_type"": ""unknown""}",,NEUTRAL
pre_market_recommendation,buy,5,000020.SZ,深华发Ａ,pre_market_selection,2026-03-20 09:00:00,20260320,97.5,,,20260323,20260327,25.66,16.79,-0.3456742010911925,-0.3480267156982749,0.0,-0.3484021823850352,0,"{""rec_date"": ""20260320"", ""strategy_type"": ""unknown""}",,NEUTRAL
pre_market_recommendation,buy,2,002730.SZ,电光科技,pre_market_selection,2026-03-20 09:00:00,20260320,97.5,,,20260323,20260324,22.0,23.51,0.0686363636363636,0.06479426745231232,0.08545454545454545,-0.018181818181818077,1,"{""rec_date"": ""20260320"", ""strategy_type"": ""unknown""}",,NEUTRAL
pre_market_recommendation,buy,3,002730.SZ,电光科技,pre_market_selection,2026-03-20 09:00:00,20260320,97.5,,,20260323,20260325,22.0,25.86,0.17545454545454553,0.1712284030760014,0.17545454545454553,-0.018181818181818077,1,"{""rec_date"": ""20260320"", ""strategy_type"": ""unknown""}",,NEUTRAL
pre_market_recommendation,buy,5,002730.SZ,电光科技,pre_market_selection,2026-03-20 09:00:00,20260320,97.5,,,20260323,20260327,22.0,24.42,0.1100000000000001,0.10600918805552806,0.17545454545454553,-0.018181818181818077,1,"{""rec_date"": ""20260320"", ""strategy_type"": ""unknown""}",,NEUTRAL
pre_market_recommendation,buy,2,600396.SH,华电辽能,pre_market_selection,2026-03-20 09:00:00,20260320,97.5,,,20260323,20260324,6.65,7.58,0.13984962406015033,0.1357514929839332,0.13984962406015033,-0.007518796992481258,1,"{""rec_date"": ""20260320"", ""strategy_type"": ""unknown""}",,NEUTRAL
pre_market_recommendation,buy,3,600396.SH,华电辽能,pre_market_selection,2026-03-20 09:00:00,20260320,97.5,,,20260323,20260325,6.65,8.34,0.25413533834586466,0.24962631286095016,0.25413533834586466,-0.007518796992481258,1,"{""rec_date"": ""20260320"", ""strategy_type"": ""unknown""}",,NEUTRAL
pre_market_recommendation,buy,5,600396.SH,华电辽能,pre_market_selection,2026-03-20 09:00:00,20260320,97.5,,,20260323,20260327,6.65,8.99,0.35187969924812035,0.34701925091366226,0.42706766917293226,-0.007518796992481258,1,"{""rec_date"": ""20260320"", ""strategy_type"": ""unknown""}",,NEUTRAL
pre_market_recommendation,buy,2,603175.SH,超颖电子,pre_market_selection,2026-03-20 09:00:00,20260320,96.46658988689717,,,20260323,20260324,85.09,80.27,-0.056645904336584896,-0.06003756991572007,0.00951933247150083,-0.10353743095545898,0,"{""rec_date"": ""20260320"", ""strategy_type"": ""secondary_launch_walkforward""}",,NEUTRAL
pre_market_recommendation,buy,3,603175.SH,超颖电子,pre_market_selection,2026-03-20 09:00:00,20260320,96.46658988689717,,,20260323,20260325,85.09,88.3,0.03772476201668806,0.03399380311999378,0.03772476201668806,-0.10353743095545898,1,"{""rec_date"": ""20260320"", ""strategy_type"": ""secondary_launch_walkforward""}",,NEUTRAL
pre_market_recommendation,buy,5,603175.SH,超颖电子,pre_market_selection,2026-03-20 09:00:00,20260320,96.46658988689717,,,20260323,20260327,85.09,87.53,0.028675520037607205,0.024977096116569397,0.05923140204489363,-0.10353743095545898,1,"{""rec_date"": ""20260320"", ""strategy_type"": ""secondary_launch_walkforward""}",,NEUTRAL
pre_market_recommendation,buy,2,000601.SZ,韶能股份,pre_market_selection,2026-03-20 09:00:00,20260320,95.0,,,20260323,20260324,8.12,8.06,-0.007389162561576179,-0.010957922188838953,0.046798029556650356,-0.09729064039408852,0,"{""rec_date"": ""20260320"", ""strategy_type"": ""unknown""}",,NEUTRAL
pre_market_recommendation,buy,3,000601.SZ,韶能股份,pre_market_selection,2026-03-20 09:00:00,20260320,95.0,,,20260323,20260325,8.12,8.87,0.0923645320197044,0.0884371253331262,0.0923645320197044,-0.09729064039408852,1,"{""rec_date"": ""20260320"", ""strategy_type"": ""unknown""}",,NEUTRAL
pre_market_recommendation,buy,5,000601.SZ,韶能股份,pre_market_selection,2026-03-20 09:00:00,20260320,95.0,,,20260323,20260327,8.12,7.8,-0.039408866995073843,-0.04286250534403779,0.0923645320197044,-0.09729064039408852,0,"{""rec_date"": ""20260320"", ""strategy_type"": ""unknown""}",,NEUTRAL
pre_market_recommendation,buy,2,600726.SH,华电能源,pre_market_selection,2026-03-20 09:00:00,20260320,95.0,,,20260323,20260324,5.31,5.59,0.052730696798493515,0.048945786673181946,0.07344632768361592,-0.09792843691148767,1,"{""rec_date"": ""20260320"", ""strategy_type"": ""unknown""}",,NEUTRAL
pre_market_recommendation,buy,3,600726.SH,华电能源,pre_market_selection,2026-03-20 09:00:00,20260320,95.0,,,20260323,20260325,5.31,6.15,0.15819209039548032,0.15402801217174766,0.15819209039548032,-0.09792843691148767,1,"{""rec_date"": ""20260320"", ""strategy_type"": ""unknown""}",,NEUTRAL
pre_market_recommendation,buy,5,600726.SH,华电能源,pre_market_selection,2026-03-20 09:00:00,20260320,95.0,,,20260323,20260327,5.31,6.68,0.2580037664783428,0.2534808327328899,0.34839924670433153,-0.09792843691148767,1,"{""rec_date"": ""20260320"", ""strategy_type"": ""unknown""}",,NEUTRAL
pre_market_recommendation,buy,2,603738.SH,泰晶科技,pre_market_selection,2026-03-20 09:00:00,20260320,92.74095642986316,,,20260323,20260324,22.44,25.65,0.14304812834224578,0.13893849760017862,0.1657754010695187,-0.01648841354723707,1,"{""rec_date"": ""20260320"", ""strategy_type"": ""secondary_launch_walkforward""}",,NEUTRAL
pre_market_recommendation,buy,3,603738.SH,泰晶科技,pre_market_selection,2026-03-20 09:00:00,20260320,92.74095642986316,,,20260323,20260325,22.44,25.38,0.13101604278074852,0.1269496713096505,0.18092691622103385,-0.01648841354723707,1,"{""rec_date"": ""20260320"", ""strategy_type"": ""secondary_launch_walkforward""}",,NEUTRAL
pre_market_recommendation,buy,5,603738.SH,泰晶科技,pre_market_selection,2026-03-20 09:00:00,20260320,92.74095642986316,,,20260323,20260327,22.44,26.19,0.16711229946524053,0.16291615018123506,0.18092691622103385,-0.01648841354723707,1,"{""rec_date"": ""20260320"", ""strategy_type"": ""secondary_launch_walkforward""}",,NEUTRAL
pre_market_recommendation,buy,2,603105.SH,芯能科技,pre_market_selection,2026-03-23 09:00:00,20260323,98.0,,,20260324,20260325,12.62,13.89,0.10063391442155312,0.09667677660879237,0.1426307448494455,-0.06656101426307448,1,"{""rec_date"": ""20260323"", ""strategy_type"": ""unknown""}",,WEAK_BEAR
pre_market_recommendation,buy,4,603105.SH,芯能科技,pre_market_selection,2026-03-23 09:00:00,20260323,98.0,,,20260324,20260327,12.62,12.48,-0.011093502377178988,-0.014648943694907879,0.1426307448494455,-0.06656101426307448,0,"{""rec_date"": ""20260323"", ""strategy_type"": ""unknown""}",,WEAK_BEAR
pre_market_recommendation,buy,2,600396.SH,华电辽能,pre_market_selection,2026-03-23 09:00:00,20260323,97.5,,,20260324,20260325,6.9,8.34,0.20869565217391295,0.2043499971775824,0.20869565217391295,-0.0014492753623189802,1,"{""rec_date"": ""20260323"", ""strategy_type"": ""unknown""}",,WEAK_BEAR
pre_market_recommendation,buy,4,600396.SH,华电辽能,pre_market_selection,2026-03-23 09:00:00,20260323,97.5,,,20260324,20260327,6.9,8.99,0.30289855072463756,0.29821420559070333,0.3753623188405797,-0.0014492753623189802,1,"{""rec_date"": ""20260323"", ""strategy_type"": ""unknown""}",,WEAK_BEAR
pre_market_recommendation,buy,2,603687.SH,大胜达,pre_market_selection,2026-03-23 09:00:00,20260323,97.5,,,20260324,20260325,15.0,15.0,0.0,-0.003595326076100802,0.028666666666666618,-0.09599999999999997,0,"{""rec_date"": ""20260323"", ""strategy_type"": ""unknown""}",,WEAK_BEAR
pre_market_recommendation,buy,4,603687.SH,大胜达,pre_market_selection,2026-03-23 09:00:00,20260323,97.5,,,20260324,20260327,15.0,15.63,0.04200000000000004,0.038253670228703074,0.09799999999999986,-0.09599999999999997,1,"{""rec_date"": ""20260323"", ""strategy_type"": ""unknown""}",,WEAK_BEAR
pre_market_recommendation,buy,2,600310.SH,广西能源,pre_market_selection,2026-03-23 09:00:00,20260323,96.7,,,20260324,20260325,4.92,5.45,0.1077235772357723,0.10374094977342474,0.14837398373983746,-0.03455284552845528,1,"{""rec_date"": ""20260323"", ""strategy_type"": ""unknown""}",,WEAK_BEAR
pre_market_recommendation,buy,4,600310.SH,广西能源,pre_market_selection,2026-03-23 09:00:00,20260323,96.7,,,20260324,20260327,4.92,6.6,0.3414634146341462,0.33664041623937657,0.3414634146341462,-0.03455284552845528,1,"{""rec_date"": ""20260323"", ""strategy_type"": ""unknown""}",,WEAK_BEAR
pre_market_recommendation,buy,2,600032.SH,浙江新能,pre_market_selection,2026-03-23 09:00:00,20260323,95.5,,,20260324,20260325,10.84,13.02,0.20110701107011075,0.19678863971302274,0.20110701107011075,-0.07195571955719549,1,"{""rec_date"": ""20260323"", ""strategy_type"": ""unknown""}",,WEAK_BEAR
pre_market_recommendation,buy,4,600032.SH,浙江新能,pre_market_selection,2026-03-23 09:00:00,20260323,95.5,,,20260324,20260327,10.84,11.71,0.08025830258302591,0.0763744217388247,0.20110701107011075,-0.07195571955719549,1,"{""rec_date"": ""20260323"", ""strategy_type"": ""unknown""}",,WEAK_BEAR
pre_market_recommendation,buy,2,000890.SZ,法尔胜,pre_market_selection,2026-03-23 09:00:00,20260323,87.03952656620974,,,20260324,20260325,13.17,13.61,0.03340926347760065,0.029693820205335397,0.06150341685649208,-0.06985573272589218,1,"{""rec_date"": ""20260323"", ""strategy_type"": ""secondary_launch_walkforward""}",,WEAK_BEAR
pre_market_recommendation,buy,4,000890.SZ,法尔胜,pre_market_selection,2026-03-23 09:00:00,20260323,87.03952656620974,,,20260324,20260327,13.17,13.48,0.023538344722854987,0.019858390622183864,0.06150341685649208,-0.06985573272589218,1,"{""rec_date"": ""20260323"", ""strategy_type"": ""secondary_launch_walkforward""}",,WEAK_BEAR
pre_market_recommendation,buy,2,600791.SH,京能置业,pre_market_selection,2026-03-23 09:00:00,20260323,86.32083407160114,,,20260324,20260325,8.25,8.91,0.08000000000000007,0.07611704783781104,0.08484848484848473,-0.038787878787878816,1,"{""rec_date"": ""20260323"", ""strategy_type"": ""secondary_launch_walkforward""}",,WEAK_BEAR
pre_market_recommendation,buy,4,600791.SH,京能置业,pre_market_selection,2026-03-23 09:00:00,20260323,86.32083407160114,,,20260324,20260327,8.25,9.78,0.18545454545454532,0.1811924498152402,0.2024242424242424,-0.038787878787878816,1,"{""rec_date"": ""20260323"", ""strategy_type"": ""secondary_launch_walkforward""}",,WEAK_BEAR
pre_market_recommendation,buy,3,600982.SH,宁波能源,pre_market_selection,2026-03-24 09:00:00,20260324,98.0,,,20260325,20260327,6.3,7.35,0.16666666666666674,0.1624721195778822,0.16666666666666674,-0.0031746031746030523,1,"{""rec_date"": ""20260324"", ""strategy_type"": ""unknown""}",,WEAK_BEAR
pre_market_recommendation,buy,5,600982.SH,宁波能源,pre_market_selection,2026-03-24 09:00:00,20260324,98.0,,,20260325,20260331,6.3,5.96,-0.053968253968254,-0.057369546573581065,0.16666666666666674,-0.053968253968254,0,"{""rec_date"": ""20260324"", ""strategy_type"": ""unknown""}",,WEAK_BEAR
pre_market_recommendation,buy,3,600396.SH,华电辽能,pre_market_selection,2026-03-24 09:00:00,20260324,97.5,,,20260325,20260327,8.01,8.99,0.12234706616729096,0.1183118624938646,0.18476903870162298,0.0,1,"{""rec_date"": ""20260324"", ""strategy_type"": ""unknown""}",,WEAK_BEAR
pre_market_recommendation,buy,5,600396.SH,华电辽能,pre_market_selection,2026-03-24 09:00:00,20260324,97.5,,,20260325,20260331,8.01,8.35,0.0424469413233457,0.0386990046522544,0.18476903870162298,-0.08739076154806491,1,"{""rec_date"": ""20260324"", ""strategy_type"": ""unknown""}",,WEAK_BEAR
pre_market_recommendation,buy,3,000862.SZ,银星能源,pre_market_selection,2026-03-24 09:00:00,20260324,97.2,,,20260325,20260327,8.78,7.93,-0.09681093394077445,-0.10005819314162634,0.0751708428246014,-0.11389521640091105,0,"{""rec_date"": ""20260324"", ""strategy_type"": ""unknown""}",,WEAK_BEAR
pre_market_recommendation,buy,5,000862.SZ,银星能源,pre_market_selection,2026-03-24 09:00:00,20260324,97.2,,,20260325,20260331,8.78,6.8,-0.2255125284738041,-0.2282970634757956,0.0751708428246014,-0.2255125284738041,0,"{""rec_date"": ""20260324"", ""strategy_type"": ""unknown""}",,WEAK_BEAR
pre_market_recommendation,buy,3,600310.SH,广西能源,pre_market_selection,2026-03-24 09:00:00,20260324,97.2,,,20260325,20260327,5.02,6.6,0.31474103585657365,0.31001411312703864,0.31474103585657365,-0.005976095617529764,1,"{""rec_date"": ""20260324"", ""strategy_type"": ""unknown""}",,WEAK_BEAR
pre_market_recommendation,buy,5,600310.SH,广西能源,pre_market_selection,2026-03-24 09:00:00,20260324,97.2,,,20260325,20260331,5.02,6.34,0.26294820717131473,0.25840749654930684,0.32071713147410374,-0.005976095617529764,1,"{""rec_date"": ""20260324"", ""strategy_type"": ""unknown""}",,WEAK_BEAR
pre_market_recommendation,buy,3,603105.SH,芯能科技,pre_market_selection,2026-03-24 09:00:00,20260324,96.9,,,20260325,20260327,12.85,12.48,-0.028793774319066046,-0.03228557738752824,0.12217898832684826,-0.04902723735408554,0,"{""rec_date"": ""20260324"", ""strategy_type"": ""unknown""}",,WEAK_BEAR
pre_market_recommendation,buy,5,603105.SH,芯能科技,pre_market_selection,2026-03-24 09:00:00,20260324,96.9,,,20260325,20260331,12.85,11.28,-0.12217898832684826,-0.12533504110026594,0.12217898832684826,-0.12607003891050583,0,"{""rec_date"": ""20260324"", ""strategy_type"": ""unknown""}",,WEAK_BEAR
pre_market_recommendation,buy,3,601016.SH,节能风电,pre_market_selection,2026-03-24 09:00:00,20260324,85.57426240575118,,,20260325,20260327,4.98,4.93,-0.010040160642570406,-0.013599389067304735,0.0843373493975903,-0.02409638554216864,0,"{""rec_date"": ""20260324"", ""strategy_type"": ""secondary_launch_walkforward""}",,WEAK_BEAR
pre_market_recommendation,buy,5,601016.SH,节能风电,pre_market_selection,2026-03-24 09:00:00,20260324,85.57426240575118,,,20260325,20260331,4.98,4.28,-0.1405622489959839,-0.1436522079529542,0.0843373493975903,-0.1425702811244981,0,"{""rec_date"": ""20260324"", ""strategy_type"": ""secondary_launch_walkforward""}",,WEAK_BEAR
pre_market_recommendation,buy,3,600643.SH,爱建集团,pre_market_selection,2026-03-24 09:00:00,20260324,81.74172904725256,,,20260325,20260327,5.18,5.12,-0.01158301158301156,-0.01513669295552822,0.009652509652509744,-0.05212355212355202,0,"{""rec_date"": ""20260324"", ""strategy_type"": ""secondary_launch_walkforward""}",,WEAK_BEAR
pre_market_recommendation,buy,5,600643.SH,爱建集团,pre_market_selection,2026-03-24 09:00:00,20260324,81.74172904725256,,,20260325,20260331,5.18,4.68,-0.09652509652509655,-0.09977338340466257,0.009652509652509744,-0.1003861003861003,0,"{""rec_date"": ""20260324"", ""strategy_type"": ""secondary_launch_walkforward""}",,WEAK_BEAR
pre_market_recommendation,buy,3,002432.SZ,九安医疗,pre_market_selection,2026-03-26 09:00:00,20260326,81.56395153473686,,,20260327,20260331,61.72,73.58,0.19215813350615685,0.18787193628192633,0.3271224886584576,-0.010045366169799008,1,"{""rec_date"": ""20260326"", ""strategy_type"": ""secondary_launch_walkforward""}",,WEAK_BEAR
pre_market_recommendation,buy,4,002432.SZ,九安医疗,pre_market_selection,2026-03-26 09:00:00,20260326,81.56395153473686,,,20260327,20260401,61.72,80.94,0.3114063512637719,0.3066914178127089,0.3271224886584576,-0.010045366169799008,1,"{""rec_date"": ""20260326"", ""strategy_type"": ""secondary_launch_walkforward""}",,WEAK_BEAR
pre_market_recommendation,buy,5,002432.SZ,九安医疗,pre_market_selection,2026-03-26 09:00:00,20260326,81.56395153473686,,,20260327,20260402,61.72,81.15,0.314808813998704,0.31008164758464707,0.37621516526247567,-0.010045366169799008,1,"{""rec_date"": ""20260326"", ""strategy_type"": ""secondary_launch_walkforward""}",,WEAK_BEAR
pre_market_recommendation,buy,3,000968.SZ,蓝焰控股,pre_market_selection,2026-03-26 09:00:00,20260326,80.11001700057793,,,20260327,20260331,11.2,10.28,-0.08214285714285718,-0.08544285286270681,0.05892857142857144,-0.08303571428571421,0,"{""rec_date"": ""20260326"", ""strategy_type"": ""secondary_launch_walkforward""}",,WEAK_BEAR
pre_market_recommendation,buy,4,000968.SZ,蓝焰控股,pre_market_selection,2026-03-26 09:00:00,20260326,80.11001700057793,,,20260327,20260401,11.2,9.92,-0.11428571428571421,-0.11747014595311778,0.05892857142857144,-0.11428571428571421,0,"{""rec_date"": ""20260326"", ""strategy_type"": ""secondary_launch_walkforward""}",,WEAK_BEAR
pre_market_recommendation,buy,5,000968.SZ,蓝焰控股,pre_market_selection,2026-03-26 09:00:00,20260326,80.11001700057793,,,20260327,20260402,11.2,10.91,-0.02589285714285705,-0.029395089954487474,0.05892857142857144,-0.11428571428571421,0,"{""rec_date"": ""20260326"", ""strategy_type"": ""secondary_launch_walkforward""}",,WEAK_BEAR
intraday_signal,sell,1,002809.SZ,红墙股份,闪崩预警,2026-03-23 09:30:01,20260323,,盘中跌幅-8.94%，超过阈值-5.0%，疑似闪崩,建议立即关注，考虑止损或减仓,20260323,20260324,10.7,11.16,-0.04299065420560755,-0.0446657696249354,0.016822429906542036,-0.058878504672897236,0,"{""forward_return"": 0.04299065420560755}",1.0,WEAK_BEAR
intraday_signal,sell,2,002809.SZ,红墙股份,闪崩预警,2026-03-23 09:30:01,20260323,,盘中跌幅-8.94%，超过阈值-5.0%，疑似闪崩,建议立即关注，考虑止损或减仓,20260323,20260325,10.7,11.33,-0.058878504672897236,-0.05899999903038666,0.016822429906542036,-0.06542056074766367,0,"{""forward_return"": 0.058878504672897236}",1.0,WEAK_BEAR
intraday_signal,sell,1,002809.SZ,红墙股份,闪崩预警,2026-03-23 09:35:01,20260323,,盘中跌幅-8.36%，超过阈值-5.0%，疑似闪崩,建议立即关注，考虑止损或减仓,20260323,20260324,10.7,11.16,-0.04299065420560755,-0.0446657696249354,0.016822429906542036,-0.058878504672897236,0,"{""forward_return"": 0.04299065420560755}",2.0,WEAK_BEAR
intraday_signal,sell,2,002809.SZ,红墙股份,闪崩预警,2026-03-23 09:35:01,20260323,,盘中跌幅-8.36%，超过阈值-5.0%，疑似闪崩,建议立即关注，考虑止损或减仓,20260323,20260325,10.7,11.33,-0.058878504672897236,-0.05899999903038666,0.016822429906542036,-0.06542056074766367,0,"{""forward_return"": 0.058878504672897236}",2.0,WEAK_BEAR
intraday_signal,sell,1,002809.SZ,红墙股份,闪崩预警,2026-03-23 09:40:02,20260323,,盘中跌幅-6.87%，超过阈值-5.0%，疑似闪崩,建议立即关注，考虑止损或减仓,20260323,20260324,10.7,11.16,-0.04299065420560755,-0.0446657696249354,0.016822429906542036,-0.058878504672897236,0,"{""forward_return"": 0.04299065420560755}",3.0,WEAK_BEAR
intraday_signal,sell,2,002809.SZ,红墙股份,闪崩预警,2026-03-23 09:40:02,20260323,,盘中跌幅-6.87%，超过阈值-5.0%，疑似闪崩,建议立即关注，考虑止损或减仓,20260323,20260325,10.7,11.33,-0.058878504672897236,-0.05899999903038666,0.016822429906542036,-0.06542056074766367,0,"{""forward_return"": 0.058878504672897236}",3.0,WEAK_BEAR
intraday_signal,sell,1,002809.SZ,红墙股份,闪崩预警,2026-03-23 09:45:02,20260323,,盘中跌幅-8.94%，超过阈值-5.0%，疑似闪崩,建议立即关注，考虑止损或减仓,20260323,20260324,10.7,11.16,-0.04299065420560755,-0.0446657696249354,0.016822429906542036,-0.058878504672897236,0,"{""forward_return"": 0.04299065420560755}",4.0,WEAK_BEAR
intraday_signal,sell,2,002809.SZ,红墙股份,闪崩预警,2026-03-23 09:45:02,20260323,,盘中跌幅-8.94%，超过阈值-5.0%，疑似闪崩,建议立即关注，考虑止损或减仓,20260323,20260325,10.7,11.33,-0.058878504672897236,-0.05899999903038666,0.016822429906542036,-0.06542056074766367,0,"{""forward_return"": 0.058878504672897236}",4.0,WEAK_BEAR
intraday_signal,sell,1,002809.SZ,红墙股份,闪崩预警,2026-03-23 09:50:03,20260323,,盘中跌幅-8.11%，超过阈值-5.0%，疑似闪崩,建议立即关注，考虑止损或减仓,20260323,20260324,10.7,11.16,-0.04299065420560755,-0.0446657696249354,0.016822429906542036,-0.058878504672897236,0,"{""forward_return"": 0.04299065420560755}",5.0,WEAK_BEAR
intraday_signal,sell,2,002809.SZ,红墙股份,闪崩预警,2026-03-23 09:50:03,20260323,,盘中跌幅-8.11%，超过阈值-5.0%，疑似闪崩,建议立即关注，考虑止损或减仓,20260323,20260325,10.7,11.33,-0.058878504672897236,-0.05899999903038666,0.016822429906542036,-0.06542056074766367,0,"{""forward_return"": 0.058878504672897236}",5.0,WEAK_BEAR
intraday_signal,sell,1,002809.SZ,红墙股份,闪崩预警,2026-03-23 09:55:03,20260323,,盘中跌幅-8.36%，超过阈值-5.0%，疑似闪崩,建议立即关注，考虑止损或减仓,20260323,20260324,10.7,11.16,-0.04299065420560755,-0.0446657696249354,0.016822429906542036,-0.058878504672897236,0,"{""forward_return"": 0.04299065420560755}",6.0,WEAK_BEAR
intraday_signal,sell,2,002809.SZ,红墙股份,闪崩预警,2026-03-23 09:55:03,20260323,,盘中跌幅-8.36%，超过阈值-5.0%，疑似闪崩,建议立即关注，考虑止损或减仓,20260323,20260325,10.7,11.33,-0.058878504672897236,-0.05899999903038666,0.016822429906542036,-0.06542056074766367,0,"{""forward_return"": 0.058878504672897236}",6.0,WEAK_BEAR
intraday_signal,sell,1,002809.SZ,红墙股份,闪崩预警,2026-03-23 10:00:04,20260323,,盘中跌幅-6.62%，超过阈值-5.0%，疑似闪崩,建议立即关注，考虑止损或减仓,20260323,20260324,10.7,11.16,-0.04299065420560755,-0.0446657696249354,0.016822429906542036,-0.058878504672897236,0,"{""forward_return"": 0.04299065420560755}",7.0,WEAK_BEAR
intraday_signal,sell,2,002809.SZ,红墙股份,闪崩预警,2026-03-23 10:00:04,20260323,,盘中跌幅-6.62%，超过阈值-5.0%，疑似闪崩,建议立即关注，考虑止损或减仓,20260323,20260325,10.7,11.33,-0.058878504672897236,-0.05899999903038666,0.016822429906542036,-0.06542056074766367,0,"{""forward_return"": 0.058878504672897236}",7.0,WEAK_BEAR
intraday_signal,sell,1,002809.SZ,红墙股份,闪崩预警,2026-03-23 10:05:04,20260323,,盘中跌幅-6.87%，超过阈值-5.0%，疑似闪崩,建议立即关注，考虑止损或减仓,20260323,20260324,10.7,11.16,-0.04299065420560755,-0.0446657696249354,0.016822429906542036,-0.058878504672897236,0,"{""forward_return"": 0.04299065420560755}",8.0,WEAK_BEAR
intraday_signal,sell,2,002809.SZ,红墙股份,闪崩预警,2026-03-23 10:05:04,20260323,,盘中跌幅-6.87%，超过阈值-5.0%，疑似闪崩,建议立即关注，考虑止损或减仓,20260323,20260325,10.7,11.33,-0.058878504672897236,-0.05899999903038666,0.016822429906542036,-0.06542056074766367,0,"{""forward_return"": 0.058878504672897236}",8.0,WEAK_BEAR
intraday_signal,sell,1,002809.SZ,红墙股份,闪崩预警,2026-03-23 10:10:05,20260323,,盘中跌幅-6.62%，超过阈值-5.0%，疑似闪崩,建议立即关注，考虑止损或减仓,20260323,20260324,10.7,11.16,-0.04299065420560755,-0.0446657696249354,0.016822429906542036,-0.058878504672897236,0,"{""forward_return"": 0.04299065420560755}",9.0,WEAK_BEAR
intraday_signal,sell,2,002809.SZ,红墙股份,闪崩预警,2026-03-23 10:10:05,20260323,,盘中跌幅-6.62%，超过阈值-5.0%，疑似闪崩,建议立即关注，考虑止损或减仓,20260323,20260325,10.7,11.33,-0.058878504672897236,-0.05899999903038666,0.016822429906542036,-0.06542056074766367,0,"{""forward_return"": 0.058878504672897236}",9.0,WEAK_BEAR
intraday_signal,sell,1,002809.SZ,红墙股份,闪崩预警,2026-03-23 10:15:05,20260323,,盘中跌幅-6.54%，超过阈值-5.0%，疑似闪崩,建议立即关注，考虑止损或减仓,20260323,20260324,10.7,11.16,-0.04299065420560755,-0.0446657696249354,0.016822429906542036,-0.058878504672897236,0,"{""forward_return"": 0.04299065420560755}",10.0,WEAK_BEAR
intraday_signal,sell,2,002809.SZ,红墙股份,闪崩预警,2026-03-23 10:15:05,20260323,,盘中跌幅-6.54%，超过阈值-5.0%，疑似闪崩,建议立即关注，考虑止损或减仓,20260323,20260325,10.7,11.33,-0.058878504672897236,-0.05899999903038666,0.016822429906542036,-0.06542056074766367,0,"{""forward_return"": 0.058878504672897236}",10.0,WEAK_BEAR
intraday_signal,sell,1,002809.SZ,红墙股份,闪崩预警,2026-03-23 10:20:05,20260323,,盘中跌幅-6.95%，超过阈值-5.0%，疑似闪崩,建议立即关注，考虑止损或减仓,20260323,20260324,10.7,11.16,-0.04299065420560755,-0.0446657696249354,0.016822429906542036,-0.058878504672897236,0,"{""forward_return"": 0.04299065420560755}",11.0,WEAK_BEAR
intraday_signal,sell,2,002809.SZ,红墙股份,闪崩预警,2026-03-23 10:20:05,20260323,,盘中跌幅-6.95%，超过阈值-5.0%，疑似闪崩,建议立即关注，考虑止损或减仓,20260323,20260325,10.7,11.33,-0.058878504672897236,-0.05899999903038666,0.016822429906542036,-0.06542056074766367,0,"{""forward_return"": 0.058878504672897236}",11.0,WEAK_BEAR
intraday_signal,sell,1,002809.SZ,红墙股份,闪崩预警,2026-03-23 10:25:06,20260323,,盘中跌幅-7.45%，超过阈值-5.0%，疑似闪崩,建议立即关注，考虑止损或减仓,20260323,20260324,10.7,11.16,-0.04299065420560755,-0.0446657696249354,0.016822429906542036,-0.058878504672897236,0,"{""forward_return"": 0.04299065420560755}",12.0,WEAK_BEAR
intraday_signal,sell,2,002809.SZ,红墙股份,闪崩预警,2026-03-23 10:25:06,20260323,,盘中跌幅-7.45%，超过阈值-5.0%，疑似闪崩,建议立即关注，考虑止损或减仓,20260323,20260325,10.7,11.33,-0.058878504672897236,-0.05899999903038666,0.016822429906542036,-0.06542056074766367,0,"{""forward_return"": 0.058878504672897236}",12.0,WEAK_BEAR
intraday_signal,sell,1,002809.SZ,红墙股份,闪崩预警,2026-03-23 10:30:07,20260323,,盘中跌幅-7.95%，超过阈值-5.0%，疑似闪崩,建议立即关注，考虑止损或减仓,20260323,20260324,10.7,11.16,-0.04299065420560755,-0.0446657696249354,0.016822429906542036,-0.058878504672897236,0,"{""forward_return"": 0.04299065420560755}",13.0,WEAK_BEAR
intraday_signal,sell,2,002809.SZ,红墙股份,闪崩预警,2026-03-23 10:30:07,20260323,,盘中跌幅-7.95%，超过阈值-5.0%，疑似闪崩,建议立即关注，考虑止损或减仓,20260323,20260325,10.7,11.33,-0.058878504672897236,-0.05899999903038666,0.016822429906542036,-0.06542056074766367,0,"{""forward_return"": 0.058878504672897236}",13.0,WEAK_BEAR
intraday_signal,sell,1,002809.SZ,红墙股份,闪崩预警,2026-03-23 10:35:07,20260323,,盘中跌幅-7.95%，超过阈值-5.0%，疑似闪崩,建议立即关注，考虑止损或减仓,20260323,20260324,10.7,11.16,-0.04299065420560755,-0.0446657696249354,0.016822429906542036,-0.058878504672897236,0,"{""forward_return"": 0.04299065420560755}",14.0,WEAK_BEAR
intraday_signal,sell,2,002809.SZ,红墙股份,闪崩预警,2026-03-23 10:35:07,20260323,,盘中跌幅-7.95%，超过阈值-5.0%，疑似闪崩,建议立即关注，考虑止损或减仓,20260323,20260325,10.7,11.33,-0.058878504672897236,-0.05899999903038666,0.016822429906542036,-0.06542056074766367,0,"{""forward_return"": 0.058878504672897236}",14.0,WEAK_BEAR
intraday_signal,sell,1,002809.SZ,红墙股份,闪崩预警,2026-03-23 10:40:08,20260323,,盘中跌幅-7.95%，超过阈值-5.0%，疑似闪崩,建议立即关注，考虑止损或减仓,20260323,20260324,10.7,11.16,-0.04299065420560755,-0.0446657696249354,0.016822429906542036,-0.058878504672897236,0,"{""forward_return"": 0.04299065420560755}",15.0,WEAK_BEAR
intraday_signal,sell,2,002809.SZ,红墙股份,闪崩预警,2026-03-23 10:40:08,20260323,,盘中跌幅-7.95%，超过阈值-5.0%，疑似闪崩,建议立即关注，考虑止损或减仓,20260323,20260325,10.7,11.33,-0.058878504672897236,-0.05899999903038666,0.016822429906542036,-0.06542056074766367,0,"{""forward_return"": 0.058878504672897236}",15.0,WEAK_BEAR
intraday_signal,sell,1,002809.SZ,红墙股份,闪崩预警,2026-03-23 10:45:08,20260323,,盘中跌幅-7.95%，超过阈值-5.0%，疑似闪崩,建议立即关注，考虑止损或减仓,20260323,20260324,10.7,11.16,-0.04299065420560755,-0.0446657696249354,0.016822429906542036,-0.058878504672897236,0,"{""forward_return"": 0.04299065420560755}",16.0,WEAK_BEAR
intraday_signal,sell,2,002809.SZ,红墙股份,闪崩预警,2026-03-23 10:45:08,20260323,,盘中跌幅-7.95%，超过阈值-5.0%，疑似闪崩,建议立即关注，考虑止损或减仓,20260323,20260325,10.7,11.33,-0.058878504672897236,-0.05899999903038666,0.016822429906542036,-0.06542056074766367,0,"{""forward_return"": 0.058878504672897236}",16.0,WEAK_BEAR
intraday_signal,sell,1,002809.SZ,红墙股份,闪崩预警,2026-03-23 10:50:08,20260323,,盘中跌幅-8.36%，超过阈值-5.0%，疑似闪崩,建议立即关注，考虑止损或减仓,20260323,20260324,10.7,11.16,-0.04299065420560755,-0.0446657696249354,0.016822429906542036,-0.058878504672897236,0,"{""forward_return"": 0.04299065420560755}",17.0,WEAK_BEAR
intraday_signal,sell,2,002809.SZ,红墙股份,闪崩预警,2026-03-23 10:50:08,20260323,,盘中跌幅-8.36%，超过阈值-5.0%，疑似闪崩,建议立即关注，考虑止损或减仓,20260323,20260325,10.7,11.33,-0.058878504672897236,-0.05899999903038666,0.016822429906542036,-0.06542056074766367,0,"{""forward_return"": 0.058878504672897236}",17.0,WEAK_BEAR
intraday_signal,sell,1,002809.SZ,红墙股份,闪崩预警,2026-03-23 10:55:09,20260323,,盘中跌幅-8.69%，超过阈值-5.0%，疑似闪崩,建议立即关注，考虑止损或减仓,20260323,20260324,10.7,11.16,-0.04299065420560755,-0.0446657696249354,0.016822429906542036,-0.058878504672897236,0,"{""forward_return"": 0.04299065420560755}",18.0,WEAK_BEAR
intraday_signal,sell,2,002809.SZ,红墙股份,闪崩预警,2026-03-23 10:55:09,20260323,,盘中跌幅-8.69%，超过阈值-5.0%，疑似闪崩,建议立即关注，考虑止损或减仓,20260323,20260325,10.7,11.33,-0.058878504672897236,-0.05899999903038666,0.016822429906542036,-0.06542056074766367,0,"{""forward_return"": 0.058878504672897236}",18.0,WEAK_BEAR
intraday_signal,sell,1,002809.SZ,红墙股份,闪崩预警,2026-03-23 11:00:09,20260323,,盘中跌幅-8.11%，超过阈值-5.0%，疑似闪崩,建议立即关注，考虑止损或减仓,20260323,20260324,10.7,11.16,-0.04299065420560755,-0.0446657696249354,0.016822429906542036,-0.058878504672897236,0,"{""forward_return"": 0.04299065420560755}",19.0,WEAK_BEAR
intraday_signal,sell,2,002809.SZ,红墙股份,闪崩预警,2026-03-23 11:00:09,20260323,,盘中跌幅-8.11%，超过阈值-5.0%，疑似闪崩,建议立即关注，考虑止损或减仓,20260323,20260325,10.7,11.33,-0.058878504672897236,-0.05899999903038666,0.016822429906542036,-0.06542056074766367,0,"{""forward_return"": 0.058878504672897236}",19.0,WEAK_BEAR
intraday_signal,sell,1,002809.SZ,红墙股份,闪崩预警,2026-03-23 11:05:10,20260323,,盘中跌幅-7.95%，超过阈值-5.0%，疑似闪崩,建议立即关注，考虑止损或减仓,20260323,20260324,10.7,11.16,-0.04299065420560755,-0.0446657696249354,0.016822429906542036,-0.058878504672897236,0,"{""forward_return"": 0.04299065420560755}",20.0,WEAK_BEAR
intraday_signal,sell,2,002809.SZ,红墙股份,闪崩预警,2026-03-23 11:05:10,20260323,,盘中跌幅-7.95%，超过阈值-5.0%，疑似闪崩,建议立即关注，考虑止损或减仓,20260323,20260325,10.7,11.33,-0.058878504672897236,-0.05899999903038666,0.016822429906542036,-0.06542056074766367,0,"{""forward_return"": 0.058878504672897236}",20.0,WEAK_BEAR
intraday_signal,sell,1,002809.SZ,红墙股份,闪崩预警,2026-03-23 11:10:10,20260323,,盘中跌幅-8.36%，超过阈值-5.0%，疑似闪崩,建议立即关注，考虑止损或减仓,20260323,20260324,10.7,11.16,-0.04299065420560755,-0.0446657696249354,0.016822429906542036,-0.058878504672897236,0,"{""forward_return"": 0.04299065420560755}",21.0,WEAK_BEAR
intraday_signal,sell,2,002809.SZ,红墙股份,闪崩预警,2026-03-23 11:10:10,20260323,,盘中跌幅-8.36%，超过阈值-5.0%，疑似闪崩,建议立即关注，考虑止损或减仓,20260323,20260325,10.7,11.33,-0.058878504672897236,-0.05899999903038666,0.016822429906542036,-0.06542056074766367,0,"{""forward_return"": 0.058878504672897236}",21.0,WEAK_BEAR
intraday_signal,sell,1,002809.SZ,红墙股份,闪崩预警,2026-03-23 11:15:11,20260323,,盘中跌幅-8.53%，超过阈值-5.0%，疑似闪崩,建议立即关注，考虑止损或减仓,20260323,20260324,10.7,11.16,-0.04299065420560755,-0.0446657696249354,0.016822429906542036,-0.058878504672897236,0,"{""forward_return"": 0.04299065420560755}",22.0,WEAK_BEAR
intraday_signal,sell,2,002809.SZ,红墙股份,闪崩预警,2026-03-23 11:15:11,20260323,,盘中跌幅-8.53%，超过阈值-5.0%，疑似闪崩,建议立即关注，考虑止损或减仓,20260323,20260325,10.7,11.33,-0.058878504672897236,-0.05899999903038666,0.016822429906542036,-0.06542056074766367,0,"{""forward_return"": 0.058878504672897236}",22.0,WEAK_BEAR
intraday_signal,sell,1,002809.SZ,红墙股份,闪崩预警,2026-03-23 11:20:11,20260323,,盘中跌幅-8.53%，超过阈值-5.0%，疑似闪崩,建议立即关注，考虑止损或减仓,20260323,20260324,10.7,11.16,-0.04299065420560755,-0.0446657696249354,0.016822429906542036,-0.058878504672897236,0,"{""forward_return"": 0.04299065420560755}",23.0,WEAK_BEAR
intraday_signal,sell,2,002809.SZ,红墙股份,闪崩预警,2026-03-23 11:20:11,20260323,,盘中跌幅-8.53%，超过阈值-5.0%，疑似闪崩,建议立即关注，考虑止损或减仓,20260323,20260325,10.7,11.33,-0.058878504672897236,-0.05899999903038666,0.016822429906542036,-0.06542056074766367,0,"{""forward_return"": 0.058878504672897236}",23.0,WEAK_BEAR
intraday_signal,sell,1,002809.SZ,红墙股份,闪崩预警,2026-03-23 11:25:11,20260323,,盘中跌幅-8.53%，超过阈值-5.0%，疑似闪崩,建议立即关注，考虑止损或减仓,20260323,20260324,10.7,11.16,-0.04299065420560755,-0.0446657696249354,0.016822429906542036,-0.058878504672897236,0,"{""forward_return"": 0.04299065420560755}",24.0,WEAK_BEAR
intraday_signal,sell,2,002809.SZ,红墙股份,闪崩预警,2026-03-23 11:25:11,20260323,,盘中跌幅-8.53%，超过阈值-5.0%，疑似闪崩,建议立即关注，考虑止损或减仓,20260323,20260325,10.7,11.33,-0.058878504672897236,-0.05899999903038666,0.016822429906542036,-0.06542056074766367,0,"{""forward_return"": 0.058878504672897236}",24.0,WEAK_BEAR
intraday_signal,sell,1,002809.SZ,红墙股份,闪崩预警,2026-03-23 13:05:01,20260323,,盘中跌幅-8.03%，超过阈值-5.0%，疑似闪崩,建议立即关注，考虑止损或减仓,20260323,20260324,10.7,11.16,-0.04299065420560755,-0.0446657696249354,0.016822429906542036,-0.058878504672897236,0,"{""forward_return"": 0.04299065420560755}",25.0,WEAK_BEAR
intraday_signal,sell,2,002809.SZ,红墙股份,闪崩预警,2026-03-23 13:05:01,20260323,,盘中跌幅-8.03%，超过阈值-5.0%，疑似闪崩,建议立即关注，考虑止损或减仓,20260323,20260325,10.7,11.33,-0.058878504672897236,-0.05899999903038666,0.016822429906542036,-0.06542056074766367,0,"{""forward_return"": 0.058878504672897236}",25.0,WEAK_BEAR
intraday_signal,sell,1,002809.SZ,红墙股份,闪崩预警,2026-03-23 13:10:01,20260323,,盘中跌幅-8.94%，超过阈值-5.0%，疑似闪崩,建议立即关注，考虑止损或减仓,20260323,20260324,10.7,11.16,-0.04299065420560755,-0.0446657696249354,0.016822429906542036,-0.058878504672897236,0,"{""forward_return"": 0.04299065420560755}",26.0,WEAK_BEAR
intraday_signal,sell,2,002809.SZ,红墙股份,闪崩预警,2026-03-23 13:10:01,20260323,,盘中跌幅-8.94%，超过阈值-5.0%，疑似闪崩,建议立即关注，考虑止损或减仓,20260323,20260325,10.7,11.33,-0.058878504672897236,-0.05899999903038666,0.016822429906542036,-0.06542056074766367,0,"{""forward_return"": 0.058878504672897236}",26.0,WEAK_BEAR
intraday_signal,sell,1,002809.SZ,红墙股份,闪崩预警,2026-03-23 13:15:01,20260323,,盘中跌幅-8.94%，超过阈值-5.0%，疑似闪崩,建议立即关注，考虑止损或减仓,20260323,20260324,10.7,11.16,-0.04299065420560755,-0.0446657696249354,0.016822429906542036,-0.058878504672897236,0,"{""forward_return"": 0.04299065420560755}",27.0,WEAK_BEAR
intraday_signal,sell,2,002809.SZ,红墙股份,闪崩预警,2026-03-23 13:15:01,20260323,,盘中跌幅-8.94%，超过阈值-5.0%，疑似闪崩,建议立即关注，考虑止损或减仓,20260323,20260325,10.7,11.33,-0.058878504672897236,-0.05899999903038666,0.016822429906542036,-0.06542056074766367,0,"{""forward_return"": 0.058878504672897236}",27.0,WEAK_BEAR
intraday_signal,sell,1,002809.SZ,红墙股份,闪崩预警,2026-03-23 13:20:02,20260323,,盘中跌幅-9.6%，超过阈值-5.0%，疑似闪崩,建议立即关注，考虑止损或减仓,20260323,20260324,10.7,11.16,-0.04299065420560755,-0.0446657696249354,0.016822429906542036,-0.058878504672897236,0,"{""forward_return"": 0.04299065420560755}",28.0,WEAK_BEAR
intraday_signal,sell,2,002809.SZ,红墙股份,闪崩预警,2026-03-23 13:20:02,20260323,,盘中跌幅-9.6%，超过阈值-5.0%，疑似闪崩,建议立即关注，考虑止损或减仓,20260323,20260325,10.7,11.33,-0.058878504672897236,-0.05899999903038666,0.016822429906542036,-0.06542056074766367,0,"{""forward_return"": 0.058878504672897236}",28.0,WEAK_BEAR
intraday_signal,sell,1,002809.SZ,红墙股份,闪崩预警,2026-03-23 13:25:02,20260323,,盘中跌幅-9.93%，超过阈值-5.0%，疑似闪崩,建议立即关注，考虑止损或减仓,20260323,20260324,10.7,11.16,-0.04299065420560755,-0.0446657696249354,0.016822429906542036,-0.058878504672897236,0,"{""forward_return"": 0.04299065420560755}",29.0,WEAK_BEAR
intraday_signal,sell,2,002809.SZ,红墙股份,闪崩预警,2026-03-23 13:25:02,20260323,,盘中跌幅-9.93%，超过阈值-5.0%，疑似闪崩,建议立即关注，考虑止损或减仓,20260323,20260325,10.7,11.33,-0.058878504672897236,-0.05899999903038666,0.016822429906542036,-0.06542056074766367,0,"{""forward_return"": 0.058878504672897236}",29.0,WEAK_BEAR
intraday_signal,sell,1,002809.SZ,红墙股份,闪崩预警,2026-03-23 13:30:03,20260323,,盘中跌幅-10.18%，超过阈值-5.0%，疑似闪崩,建议立即关注，考虑止损或减仓,20260323,20260324,10.7,11.16,-0.04299065420560755,-0.0446657696249354,0.016822429906542036,-0.058878504672897236,0,"{""forward_return"": 0.04299065420560755}",30.0,WEAK_BEAR
intraday_signal,sell,2,002809.SZ,红墙股份,闪崩预警,2026-03-23 13:30:03,20260323,,盘中跌幅-10.18%，超过阈值-5.0%，疑似闪崩,建议立即关注，考虑止损或减仓,20260323,20260325,10.7,11.33,-0.058878504672897236,-0.05899999903038666,0.016822429906542036,-0.06542056074766367,0,"{""forward_return"": 0.058878504672897236}",30.0,WEAK_BEAR
intraday_signal,sell,1,002809.SZ,红墙股份,闪崩预警,2026-03-23 13:35:03,20260323,,盘中跌幅-10.26%，超过阈值-5.0%，疑似闪崩,建议立即关注，考虑止损或减仓,20260323,20260324,10.7,11.16,-0.04299065420560755,-0.0446657696249354,0.016822429906542036,-0.058878504672897236,0,"{""forward_return"": 0.04299065420560755}",31.0,WEAK_BEAR
intraday_signal,sell,2,002809.SZ,红墙股份,闪崩预警,2026-03-23 13:35:03,20260323,,盘中跌幅-10.26%，超过阈值-5.0%，疑似闪崩,建议立即关注，考虑止损或减仓,20260323,20260325,10.7,11.33,-0.058878504672897236,-0.05899999903038666,0.016822429906542036,-0.06542056074766367,0,"{""forward_return"": 0.058878504672897236}",31.0,WEAK_BEAR
intraday_signal,sell,1,002809.SZ,红墙股份,闪崩预警,2026-03-23 13:40:04,20260323,,盘中跌幅-9.69%，超过阈值-5.0%，疑似闪崩,建议立即关注，考虑止损或减仓,20260323,20260324,10.7,11.16,-0.04299065420560755,-0.0446657696249354,0.016822429906542036,-0.058878504672897236,0,"{""forward_return"": 0.04299065420560755}",32.0,WEAK_BEAR
intraday_signal,sell,2,002809.SZ,红墙股份,闪崩预警,2026-03-23 13:40:04,20260323,,盘中跌幅-9.69%，超过阈值-5.0%，疑似闪崩,建议立即关注，考虑止损或减仓,20260323,20260325,10.7,11.33,-0.058878504672897236,-0.05899999903038666,0.016822429906542036,-0.06542056074766367,0,"{""forward_return"": 0.058878504672897236}",32.0,WEAK_BEAR
intraday_signal,sell,1,002809.SZ,红墙股份,闪崩预警,2026-03-23 13:45:04,20260323,,盘中跌幅-10.26%，超过阈值-5.0%，疑似闪崩,建议立即关注，考虑止损或减仓,20260323,20260324,10.7,11.16,-0.04299065420560755,-0.0446657696249354,0.016822429906542036,-0.058878504672897236,0,"{""forward_return"": 0.04299065420560755}",33.0,WEAK_BEAR
intraday_signal,sell,2,002809.SZ,红墙股份,闪崩预警,2026-03-23 13:45:04,20260323,,盘中跌幅-10.26%，超过阈值-5.0%，疑似闪崩,建议立即关注，考虑止损或减仓,20260323,20260325,10.7,11.33,-0.058878504672897236,-0.05899999903038666,0.016822429906542036,-0.06542056074766367,0,"{""forward_return"": 0.058878504672897236}",33.0,WEAK_BEAR
intraday_signal,sell,1,002809.SZ,红墙股份,闪崩预警,2026-03-23 13:50:06,20260323,,盘中跌幅-10.35%，超过阈值-5.0%，疑似闪崩,建议立即关注，考虑止损或减仓,20260323,20260324,10.7,11.16,-0.04299065420560755,-0.0446657696249354,0.016822429906542036,-0.058878504672897236,0,"{""forward_return"": 0.04299065420560755}",34.0,WEAK_BEAR
intraday_signal,sell,2,002809.SZ,红墙股份,闪崩预警,2026-03-23 13:50:06,20260323,,盘中跌幅-10.35%，超过阈值-5.0%，疑似闪崩,建议立即关注，考虑止损或减仓,20260323,20260325,10.7,11.33,-0.058878504672897236,-0.05899999903038666,0.016822429906542036,-0.06542056074766367,0,"{""forward_return"": 0.058878504672897236}",34.0,WEAK_BEAR
intraday_signal,sell,1,002809.SZ,红墙股份,极差市场清仓,2026-03-23 16:13:53,20260323,,市场评分39.2分 < 48.0分，个股盈利-18.3% <= 5.0%,立即清仓,20260323,20260324,10.7,11.16,-0.04299065420560755,-0.0446657696249354,0.016822429906542036,-0.058878504672897236,0,"{""forward_return"": 0.04299065420560755}",35.0,WEAK_BEAR
intraday_signal,sell,2,002809.SZ,红墙股份,极差市场清仓,2026-03-23 16:13:53,20260323,,市场评分39.2分 < 48.0分，个股盈利-18.3% <= 5.0%,立即清仓,20260323,20260325,10.7,11.33,-0.058878504672897236,-0.05899999903038666,0.016822429906542036,-0.06542056074766367,0,"{""forward_return"": 0.058878504672897236}",35.0,WEAK_BEAR
intraday_signal,sell,1,603667.SH,五洲新春,极差市场清仓,2026-03-23 16:13:53,20260323,,市场评分39.2分 < 48.0分，个股盈利-18.54% <= 5.0%,立即清仓,20260323,20260324,63.53,64.02,-0.007712891547300371,-0.0112216661295641,0.022509050842121847,-0.06548087517708168,0,"{""forward_return"": 0.007712891547300371}",36.0,WEAK_BEAR
intraday_signal,sell,2,603667.SH,五洲新春,极差市场清仓,2026-03-23 16:13:53,20260323,,市场评分39.2分 < 48.0分，个股盈利-18.54% <= 5.0%,立即清仓,20260323,20260325,63.53,67.0,-0.054619864630883086,-0.05520016515842818,0.022509050842121847,-0.07272154887454763,0,"{""forward_return"": 0.054619864630883086}",36.0,WEAK_BEAR
intraday_signal,sell,1,002809.SZ,红墙股份,极差市场清仓,2026-03-24 09:35:00,20260324,,市场评分0分 < 48.0分，个股盈利-18.3% <= 5.0%,立即清仓,20260324,20260325,11.16,11.33,-0.015232974910394326,-0.01854579338122564,0.057347670250896154,-0.021505376344086002,0,"{""forward_return"": 0.015232974910394326}",37.0,WEAK_BEAR
intraday_signal,sell,3,002809.SZ,红墙股份,极差市场清仓,2026-03-24 09:35:00,20260324,,市场评分0分 < 48.0分，个股盈利-18.3% <= 5.0%,立即清仓,20260324,20260327,11.16,11.35,-0.017025089605734678,-0.02027522810654503,0.057347670250896154,-0.021505376344086002,0,"{""forward_return"": 0.017025089605734678}",37.0,WEAK_BEAR
intraday_signal,sell,1,603667.SH,五洲新春,极差市场清仓,2026-03-24 09:35:00,20260324,,市场评分0分 < 48.0分，个股盈利-18.54% <= 5.0%,立即清仓,20260324,20260325,64.02,67.0,-0.046547953764448646,-0.0479130264983878,0.029990627928772162,-0.06451109028428625,0,"{""forward_return"": 0.046547953764448646}",38.0,WEAK_BEAR
intraday_signal,sell,3,603667.SH,五洲新春,极差市场清仓,2026-03-24 09:35:00,20260324,,市场评分0分 < 48.0分，个股盈利-18.54% <= 5.0%,立即清仓,20260324,20260327,64.02,66.71,-0.04201811933770694,-0.04377413844089306,0.029990627928772162,-0.06451109028428625,0,"{""forward_return"": 0.04201811933770694}",38.0,WEAK_BEAR
intraday_signal,sell,1,002809.SZ,红墙股份,闪崩预警,2026-03-24 09:50:03,20260324,,盘中跌幅-5.78%，超过阈值-5.0%，疑似闪崩,建议立即关注，考虑止损或减仓,20260324,20260325,11.16,11.33,-0.015232974910394326,-0.01854579338122564,0.057347670250896154,-0.021505376344086002,0,"{""forward_return"": 0.015232974910394326}",39.0,WEAK_BEAR
intraday_signal,sell,3,002809.SZ,红墙股份,闪崩预警,2026-03-24 09:50:03,20260324,,盘中跌幅-5.78%，超过阈值-5.0%，疑似闪崩,建议立即关注，考虑止损或减仓,20260324,20260327,11.16,11.35,-0.017025089605734678,-0.02027522810654503,0.057347670250896154,-0.021505376344086002,0,"{""forward_return"": 0.017025089605734678}",39.0,WEAK_BEAR
intraday_signal,sell,1,002809.SZ,红墙股份,极差市场清仓,2026-03-24 10:00:00,20260324,,市场评分0分 < 48.0分，个股盈利-18.3% <= 5.0%,立即清仓,20260324,20260325,11.16,11.33,-0.015232974910394326,-0.01854579338122564,0.057347670250896154,-0.021505376344086002,0,"{""forward_return"": 0.015232974910394326}",40.0,WEAK_BEAR
intraday_signal,sell,3,002809.SZ,红墙股份,极差市场清仓,2026-03-24 10:00:00,20260324,,市场评分0分 < 48.0分，个股盈利-18.3% <= 5.0%,立即清仓,20260324,20260327,11.16,11.35,-0.017025089605734678,-0.02027522810654503,0.057347670250896154,-0.021505376344086002,0,"{""forward_return"": 0.017025089605734678}",40.0,WEAK_BEAR
intraday_signal,sell,1,603667.SH,五洲新春,极差市场清仓,2026-03-24 10:00:00,20260324,,市场评分0分 < 48.0分，个股盈利-18.54% <= 5.0%,立即清仓,20260324,20260325,64.02,67.0,-0.046547953764448646,-0.0479130264983878,0.029990627928772162,-0.06451109028428625,0,"{""forward_return"": 0.046547953764448646}",41.0,WEAK_BEAR
intraday_signal,sell,3,603667.SH,五洲新春,极差市场清仓,2026-03-24 10:00:00,20260324,,市场评分0分 < 48.0分，个股盈利-18.54% <= 5.0%,立即清仓,20260324,20260327,64.02,66.71,-0.04201811933770694,-0.04377413844089306,0.029990627928772162,-0.06451109028428625,0,"{""forward_return"": 0.04201811933770694}",41.0,WEAK_BEAR
intraday_signal,sell,1,002809.SZ,红墙股份,闪崩预警,2026-03-24 10:20:07,20260324,,盘中跌幅-5.16%，超过阈值-5.0%，疑似闪崩,建议立即关注，考虑止损或减仓,20260324,20260325,11.16,11.33,-0.015232974910394326,-0.01854579338122564,0.057347670250896154,-0.021505376344086002,0,"{""forward_return"": 0.015232974910394326}",42.0,WEAK_BEAR
intraday_signal,sell,3,002809.SZ,红墙股份,闪崩预警,2026-03-24 10:20:07,20260324,,盘中跌幅-5.16%，超过阈值-5.0%，疑似闪崩,建议立即关注，考虑止损或减仓,20260324,20260327,11.16,11.35,-0.017025089605734678,-0.02027522810654503,0.057347670250896154,-0.021505376344086002,0,"{""forward_return"": 0.017025089605734678}",42.0,WEAK_BEAR
intraday_signal,sell,1,002809.SZ,红墙股份,极差市场清仓,2026-03-24 10:30:00,20260324,,市场评分0分 < 48.0分，个股盈利-18.3% <= 5.0%,立即清仓,20260324,20260325,11.16,11.33,-0.015232974910394326,-0.01854579338122564,0.057347670250896154,-0.021505376344086002,0,"{""forward_return"": 0.015232974910394326}",43.0,WEAK_BEAR
intraday_signal,sell,3,002809.SZ,红墙股份,极差市场清仓,2026-03-24 10:30:00,20260324,,市场评分0分 < 48.0分，个股盈利-18.3% <= 5.0%,立即清仓,20260324,20260327,11.16,11.35,-0.017025089605734678,-0.02027522810654503,0.057347670250896154,-0.021505376344086002,0,"{""forward_return"": 0.017025089605734678}",43.0,WEAK_BEAR
intraday_signal,sell,1,603667.SH,五洲新春,极差市场清仓,2026-03-24 10:30:00,20260324,,市场评分0分 < 48.0分，个股盈利-18.54% <= 5.0%,立即清仓,20260324,20260325,64.02,67.0,-0.046547953764448646,-0.0479130264983878,0.029990627928772162,-0.06451109028428625,0,"{""forward_return"": 0.046547953764448646}",44.0,WEAK_BEAR
intraday_signal,sell,3,603667.SH,五洲新春,极差市场清仓,2026-03-24 10:30:00,20260324,,市场评分0分 < 48.0分，个股盈利-18.54% <= 5.0%,立即清仓,20260324,20260327,64.02,66.71,-0.04201811933770694,-0.04377413844089306,0.029990627928772162,-0.06451109028428625,0,"{""forward_return"": 0.04201811933770694}",44.0,WEAK_BEAR
intraday_signal,sell,1,002809.SZ,红墙股份,极差市场清仓,2026-03-24 11:00:00,20260324,,市场评分0分 < 48.0分，个股盈利-18.3% <= 5.0%,立即清仓,20260324,20260325,11.16,11.33,-0.015232974910394326,-0.01854579338122564,0.057347670250896154,-0.021505376344086002,0,"{""forward_return"": 0.015232974910394326}",45.0,WEAK_BEAR
intraday_signal,sell,3,002809.SZ,红墙股份,极差市场清仓,2026-03-24 11:00:00,20260324,,市场评分0分 < 48.0分，个股盈利-18.3% <= 5.0%,立即清仓,20260324,20260327,11.16,11.35,-0.017025089605734678,-0.02027522810654503,0.057347670250896154,-0.021505376344086002,0,"{""forward_return"": 0.017025089605734678}",45.0,WEAK_BEAR
intraday_signal,sell,1,603667.SH,五洲新春,极差市场清仓,2026-03-24 11:00:00,20260324,,市场评分0分 < 48.0分，个股盈利-18.54% <= 5.0%,立即清仓,20260324,20260325,64.02,67.0,-0.046547953764448646,-0.0479130264983878,0.029990627928772162,-0.06451109028428625,0,"{""forward_return"": 0.046547953764448646}",46.0,WEAK_BEAR
intraday_signal,sell,3,603667.SH,五洲新春,极差市场清仓,2026-03-24 11:00:00,20260324,,市场评分0分 < 48.0分，个股盈利-18.54% <= 5.0%,立即清仓,20260324,20260327,64.02,66.71,-0.04201811933770694,-0.04377413844089306,0.029990627928772162,-0.06451109028428625,0,"{""forward_return"": 0.04201811933770694}",46.0,WEAK_BEAR
intraday_signal,sell,1,002809.SZ,红墙股份,极差市场清仓,2026-03-24 13:30:00,20260324,,市场评分0分 < 48.0分，个股盈利-18.3% <= 5.0%,立即清仓,20260324,20260325,11.16,11.33,-0.015232974910394326,-0.01854579338122564,0.057347670250896154,-0.021505376344086002,0,"{""forward_return"": 0.015232974910394326}",47.0,WEAK_BEAR
intraday_signal,sell,3,002809.SZ,红墙股份,极差市场清仓,2026-03-24 13:30:00,20260324,,市场评分0分 < 48.0分，个股盈利-18.3% <= 5.0%,立即清仓,20260324,20260327,11.16,11.35,-0.017025089605734678,-0.02027522810654503,0.057347670250896154,-0.021505376344086002,0,"{""forward_return"": 0.017025089605734678}",47.0,WEAK_BEAR
intraday_signal,sell,1,603667.SH,五洲新春,极差市场清仓,2026-03-24 13:30:00,20260324,,市场评分0分 < 48.0分，个股盈利-18.54% <= 5.0%,立即清仓,20260324,20260325,64.02,67.0,-0.046547953764448646,-0.0479130264983878,0.029990627928772162,-0.06451109028428625,0,"{""forward_return"": 0.046547953764448646}",48.0,WEAK_BEAR
intraday_signal,sell,3,603667.SH,五洲新春,极差市场清仓,2026-03-24 13:30:00,20260324,,市场评分0分 < 48.0分，个股盈利-18.54% <= 5.0%,立即清仓,20260324,20260327,64.02,66.71,-0.04201811933770694,-0.04377413844089306,0.029990627928772162,-0.06451109028428625,0,"{""forward_return"": 0.04201811933770694}",48.0,WEAK_BEAR
intraday_signal,sell,1,603667.SH,五洲新春,闪崩预警,2026-03-24 13:30:05,20260324,,盘中跌幅-5.12%，超过阈值-5.0%，疑似闪崩,建议立即关注，考虑止损或减仓,20260324,20260325,64.02,67.0,-0.046547953764448646,-0.0479130264983878,0.029990627928772162,-0.06451109028428625,0,"{""forward_return"": 0.046547953764448646}",49.0,WEAK_BEAR
intraday_signal,sell,3,603667.SH,五洲新春,闪崩预警,2026-03-24 13:30:05,20260324,,盘中跌幅-5.12%，超过阈值-5.0%，疑似闪崩,建议立即关注，考虑止损或减仓,20260324,20260327,64.02,66.71,-0.04201811933770694,-0.04377413844089306,0.029990627928772162,-0.06451109028428625,0,"{""forward_return"": 0.04201811933770694}",49.0,WEAK_BEAR
intraday_signal,sell,1,002809.SZ,红墙股份,极差市场清仓,2026-03-24 14:00:00,20260324,,市场评分0分 < 48.0分，个股盈利-18.3% <= 5.0%,立即清仓,20260324,20260325,11.16,11.33,-0.015232974910394326,-0.01854579338122564,0.057347670250896154,-0.021505376344086002,0,"{""forward_return"": 0.015232974910394326}",50.0,WEAK_BEAR
intraday_signal,sell,3,002809.SZ,红墙股份,极差市场清仓,2026-03-24 14:00:00,20260324,,市场评分0分 < 48.0分，个股盈利-18.3% <= 5.0%,立即清仓,20260324,20260327,11.16,11.35,-0.017025089605734678,-0.02027522810654503,0.057347670250896154,-0.021505376344086002,0,"{""forward_return"": 0.017025089605734678}",50.0,WEAK_BEAR
intraday_signal,sell,1,603667.SH,五洲新春,极差市场清仓,2026-03-24 14:00:00,20260324,,市场评分0分 < 48.0分，个股盈利-18.54% <= 5.0%,立即清仓,20260324,20260325,64.02,67.0,-0.046547953764448646,-0.0479130264983878,0.029990627928772162,-0.06451109028428625,0,"{""forward_return"": 0.046547953764448646}",51.0,WEAK_BEAR
intraday_signal,sell,3,603667.SH,五洲新春,极差市场清仓,2026-03-24 14:00:00,20260324,,市场评分0分 < 48.0分，个股盈利-18.54% <= 5.0%,立即清仓,20260324,20260327,64.02,66.71,-0.04201811933770694,-0.04377413844089306,0.029990627928772162,-0.06451109028428625,0,"{""forward_return"": 0.04201811933770694}",51.0,WEAK_BEAR
intraday_signal,sell,2,002809.SZ,红墙股份,极差市场清仓,2026-03-25 01:27:06,20260325,,市场评分10.0分 < 48.0分，个股盈利-14.79% <= 5.0%,立即清仓,20260325,20260327,11.33,11.35,-0.001765225066195919,-0.005351105237200393,0.0467784642541923,-0.0061782877316858276,0,"{""forward_return"": 0.001765225066195919}",52.0,WEAK_BEAR
intraday_signal,sell,2,603667.SH,五洲新春,极差市场清仓,2026-03-25 01:27:06,20260325,,市场评分10.0分 < 48.0分，个股盈利-17.91% <= 5.0%,立即清仓,20260325,20260327,67.0,66.71,0.004328358208955274,0.000736218751330231,0.044477611940298534,-0.01716417910447765,1,"{""forward_return"": -0.004328358208955274}",53.0,WEAK_BEAR
intraday_signal,sell,2,002809.SZ,红墙股份,极差市场清仓,2026-03-25 10:00:00,20260325,,市场评分10.0分 < 48.0分，个股盈利-14.79% <= 5.0%,立即清仓,20260325,20260327,11.33,11.35,-0.001765225066195919,-0.005351105237200393,0.0467784642541923,-0.0061782877316858276,0,"{""forward_return"": 0.001765225066195919}",54.0,WEAK_BEAR
intraday_signal,sell,2,603667.SH,五洲新春,极差市场清仓,2026-03-25 10:00:00,20260325,,市场评分10.0分 < 48.0分，个股盈利-17.91% <= 5.0%,立即清仓,20260325,20260327,67.0,66.71,0.004328358208955274,0.000736218751330231,0.044477611940298534,-0.01716417910447765,1,"{""forward_return"": -0.004328358208955274}",55.0,WEAK_BEAR
intraday_signal,sell,2,002809.SZ,红墙股份,极差市场清仓,2026-03-25 14:50:00,20260325,,市场评分10.0分 < 48.0分，个股盈利-14.79% <= 5.0%,立即清仓,20260325,20260327,11.33,11.35,-0.001765225066195919,-0.005351105237200393,0.0467784642541923,-0.0061782877316858276,0,"{""forward_return"": 0.001765225066195919}",56.0,WEAK_BEAR
intraday_signal,sell,2,603667.SH,五洲新春,极差市场清仓,2026-03-25 14:50:00,20260325,,市场评分10.0分 < 48.0分，个股盈利-17.91% <= 5.0%,立即清仓,20260325,20260327,67.0,66.71,0.004328358208955274,0.000736218751330231,0.044477611940298534,-0.01716417910447765,1,"{""forward_return"": -0.004328358208955274}",57.0,WEAK_BEAR
