ts_code,event_interval_days
000001.SZ,12
000001.SZ,9
000001.SZ,20
000001.SZ,7
000001.SZ,8
000001.SZ,52
000001.SZ,50
000001.SZ,9
000001.SZ,19
000001.SZ,8
000001.SZ,47
000001.SZ,71
000001.SZ,14
000002.SZ,8
000002.SZ,19
000002.SZ,27
000002.SZ,17
000002.SZ,19
000002.SZ,100
000002.SZ,20
000002.SZ,27
000006.SZ,10
000006.SZ,18
000006.SZ,62
000006.SZ,19
000006.SZ,17
000006.SZ,27
000006.SZ,19
000006.SZ,59
000006.SZ,49
000006.SZ,31
000006.SZ,17
000007.SZ,26
000007.SZ,21
000007.SZ,57
000007.SZ,23
000008.SZ,24
000008.SZ,33
000008.SZ,22
000008.SZ,22
000008.SZ,26
000008.SZ,27
000008.SZ,18
000008.SZ,10
000008.SZ,18
000008.SZ,39
000008.SZ,17
000008.SZ,49
000008.SZ,20
000009.SZ,24
000009.SZ,17
000009.SZ,18
000009.SZ,18
000009.SZ,14
000009.SZ,7
000009.SZ,19
000009.SZ,37
000009.SZ,55
000009.SZ,21
000009.SZ,8
000009.SZ,49
000010.SZ,17
000010.SZ,22
000010.SZ,66
000010.SZ,101
000010.SZ,19
000011.SZ,17
000012.SZ,89
000012.SZ,21
000014.SZ,35
000014.SZ,21
000014.SZ,17
000014.SZ,27
000014.SZ,110
000014.SZ,30
000016.SZ,46
000016.SZ,17
000016.SZ,31
000016.SZ,17
000016.SZ,54
000016.SZ,17
000016.SZ,33
000016.SZ,42
000016.SZ,70
000017.SZ,20
000017.SZ,71
000017.SZ,20
000017.SZ,34
000017.SZ,37
000017.SZ,20
000017.SZ,17
000017.SZ,28
000019.SZ,24
000019.SZ,74
000019.SZ,45
000019.SZ,23
000020.SZ,25
000020.SZ,22
000020.SZ,112
000021.SZ,46
000021.SZ,17
000021.SZ,19
000021.SZ,13
000021.SZ,7
000021.SZ,23
000021.SZ,19
000021.SZ,27
000021.SZ,42
000021.SZ,16
000021.SZ,7
000021.SZ,21
000021.SZ,23
000021.SZ,27
000025.SZ,20
000025.SZ,63
000025.SZ,17
000025.SZ,11
000025.SZ,45
000025.SZ,19
000025.SZ,15
000025.SZ,44
000025.SZ,10
000025.SZ,7
000026.SZ,19
000026.SZ,23
000026.SZ,19
000026.SZ,56
000026.SZ,94
000027.SZ,27
000027.SZ,7
000027.SZ,25
000027.SZ,7
000027.SZ,39
000027.SZ,16
000027.SZ,14
000027.SZ,19
000027.SZ,59
000027.SZ,19
000027.SZ,28
000027.SZ,14
000027.SZ,14
000028.SZ,28
000028.SZ,130
000028.SZ,51
000028.SZ,15
000029.SZ,56
000029.SZ,17
000029.SZ,27
000029.SZ,127
000029.SZ,27
000031.SZ,95
000031.SZ,20
000032.SZ,28
000032.SZ,19
000032.SZ,16
000032.SZ,13
000032.SZ,19
000032.SZ,17
000032.SZ,73
000032.SZ,43
000032.SZ,21
000032.SZ,45
000032.SZ,31
000034.SZ,47
000034.SZ,19
000034.SZ,11
000034.SZ,19
000034.SZ,19
000034.SZ,17
000034.SZ,41
000034.SZ,19
000034.SZ,42
000034.SZ,11
000034.SZ,48
000035.SZ,17
000035.SZ,32
000035.SZ,21
000035.SZ,24
000035.SZ,40
000035.SZ,20
000035.SZ,22
000035.SZ,19
000036.SZ,73
000036.SZ,19
000036.SZ,17
000036.SZ,21
000036.SZ,47
000036.SZ,30
000037.SZ,25
000037.SZ,122
000037.SZ,74
000037.SZ,34
000037.SZ,20
000039.SZ,32
000039.SZ,19
000039.SZ,19
000039.SZ,9
000039.SZ,26
000039.SZ,18
000039.SZ,18
000039.SZ,27
000039.SZ,17
000039.SZ,19
000039.SZ,17
000039.SZ,11
000039.SZ,23
000039.SZ,12
000039.SZ,27
000039.SZ,37
000045.SZ,55
000045.SZ,36
000045.SZ,27
000045.SZ,99
000045.SZ,34
000045.SZ,22
000048.SZ,63
000048.SZ,21
000048.SZ,14
000048.SZ,17
000048.SZ,27
000048.SZ,29
000048.SZ,47
000048.SZ,26
000048.SZ,17
000048.SZ,32
000048.SZ,17
000049.SZ,34
000049.SZ,7
000049.SZ,17
000049.SZ,19
000049.SZ,28
000049.SZ,17
000049.SZ,24
000049.SZ,37
000049.SZ,36
000049.SZ,28
000050.SZ,15
000050.SZ,15
000050.SZ,12
000050.SZ,9
000050.SZ,8
000050.SZ,22
000050.SZ,42
000050.SZ,35
000050.SZ,26
000050.SZ,21
000050.SZ,43
000056.SZ,22
000056.SZ,71
000056.SZ,153
000058.SZ,28
000058.SZ,32
000058.SZ,76
000058.SZ,22
000059.SZ,35
000059.SZ,21
000059.SZ,30
000059.SZ,78
000059.SZ,53
000059.SZ,22
000059.SZ,19
000059.SZ,21
000060.SZ,21
000060.SZ,19
000060.SZ,11
000060.SZ,10
000060.SZ,17
000060.SZ,13
000060.SZ,12
000060.SZ,11
000060.SZ,18
000060.SZ,27
000060.SZ,17
000060.SZ,22
000060.SZ,19
000060.SZ,21
000060.SZ,42
000061.SZ,19
000061.SZ,36
000061.SZ,21
000061.SZ,17
000061.SZ,19
000061.SZ,21
000062.SZ,47
000062.SZ,19
000062.SZ,24
000062.SZ,11
000062.SZ,22
000062.SZ,69
000062.SZ,42
000062.SZ,14
000062.SZ,9
000062.SZ,37
000062.SZ,12
000062.SZ,19
000063.SZ,21
000063.SZ,19
000063.SZ,7
000063.SZ,10
000063.SZ,13
000063.SZ,19
000063.SZ,17
000063.SZ,19
000063.SZ,27
000063.SZ,43
000063.SZ,41
000063.SZ,17
000063.SZ,34
000065.SZ,43
000065.SZ,17
000065.SZ,27
000065.SZ,19
000065.SZ,45
000065.SZ,11
000065.SZ,17
000065.SZ,14
000065.SZ,19
000065.SZ,21
000065.SZ,22
000065.SZ,36
000065.SZ,19
000065.SZ,21
000066.SZ,31
000066.SZ,19
000066.SZ,9
000066.SZ,18
000066.SZ,17
000066.SZ,24
000066.SZ,38
000066.SZ,57
000066.SZ,11
000066.SZ,17
000066.SZ,45
000069.SZ,46
000069.SZ,17
000069.SZ,19
000069.SZ,41
000069.SZ,18
000069.SZ,21
000069.SZ,21
000069.SZ,19
000070.SZ,27
000070.SZ,7
000070.SZ,19
000070.SZ,20
000070.SZ,39
000070.SZ,28
000070.SZ,19
000070.SZ,33
000070.SZ,22
000070.SZ,27
000070.SZ,29
000078.SZ,20
000078.SZ,112
000078.SZ,19
000078.SZ,29
000078.SZ,76
000088.SZ,50
000088.SZ,9
000088.SZ,19
000088.SZ,70
000088.SZ,8
000088.SZ,27
000088.SZ,17
000088.SZ,26
000089.SZ,28
000089.SZ,50
000089.SZ,88
000090.SZ,18
000090.SZ,31
000090.SZ,17
000090.SZ,13
000090.SZ,71
000090.SZ,13
000096.SZ,87
000096.SZ,161
000099.SZ,54
000099.SZ,15
000099.SZ,18
000099.SZ,14
000099.SZ,7
000099.SZ,46
000099.SZ,73
000099.SZ,14
000099.SZ,7
000099.SZ,45
000099.SZ,8
000100.SZ,19
000100.SZ,20
000100.SZ,15
000100.SZ,9
000100.SZ,10
000100.SZ,28
000100.SZ,52
000100.SZ,21
000100.SZ,11
000100.SZ,23
000100.SZ,14
000100.SZ,20
000100.SZ,17
000100.SZ,35
000151.SZ,128
000153.SZ,19
000155.SZ,15
000155.SZ,20
000155.SZ,25
000155.SZ,7
000155.SZ,27
000155.SZ,14
000155.SZ,19
000155.SZ,41
000155.SZ,15
000155.SZ,17
000155.SZ,32
000155.SZ,17
000155.SZ,19
000156.SZ,35
000156.SZ,17
000156.SZ,73
000156.SZ,67
000156.SZ,19
000156.SZ,13
000157.SZ,42
000157.SZ,8
000157.SZ,19
000157.SZ,35
000157.SZ,23
000157.SZ,7
000157.SZ,27
000157.SZ,16
000157.SZ,28
000157.SZ,19
000157.SZ,13
000157.SZ,17
000157.SZ,12
000157.SZ,27
000157.SZ,37
000158.SZ,47
000158.SZ,20
000158.SZ,20
000158.SZ,14
000158.SZ,59
000158.SZ,19
000158.SZ,17
000158.SZ,38
000158.SZ,14
000158.SZ,46
000158.SZ,10
000159.SZ,39
000159.SZ,35
000159.SZ,27
000159.SZ,52
000159.SZ,19
000159.SZ,29
000166.SZ,20
000166.SZ,20
000166.SZ,17
000166.SZ,13
000166.SZ,19
000166.SZ,7
000166.SZ,7
000166.SZ,123
000166.SZ,11
000166.SZ,70
000301.SZ,31
000301.SZ,19
000301.SZ,59
000301.SZ,38
000301.SZ,7
000301.SZ,21
000301.SZ,11
000301.SZ,19
000301.SZ,20
000333.SZ,19
000333.SZ,44
000333.SZ,34
000333.SZ,11
000333.SZ,108
000333.SZ,27
000333.SZ,22
000333.SZ,27
000333.SZ,34
000338.SZ,28
000338.SZ,15
000338.SZ,22
000338.SZ,29
000338.SZ,109
000338.SZ,17
000338.SZ,21
000338.SZ,19
000338.SZ,17
000400.SZ,18
000400.SZ,10
000400.SZ,14
000400.SZ,17
000400.SZ,19
000400.SZ,17
000400.SZ,12
000400.SZ,27
000400.SZ,17
000400.SZ,35
000400.SZ,24
000400.SZ,8
000400.SZ,17
000400.SZ,27
000402.SZ,49
000402.SZ,42
000402.SZ,27
000403.SZ,51
000403.SZ,11
000403.SZ,35
000403.SZ,123
000403.SZ,48
000403.SZ,20
000404.SZ,244
000407.SZ,35
000407.SZ,17
000407.SZ,19
000407.SZ,21
000407.SZ,26
000407.SZ,28
000408.SZ,17
000408.SZ,16
000408.SZ,19
000408.SZ,17
000408.SZ,19
000408.SZ,17
000408.SZ,7
000408.SZ,19
000408.SZ,13
000408.SZ,27
000408.SZ,17
000408.SZ,19
000408.SZ,17
000408.SZ,21
000408.SZ,20
000408.SZ,28
000408.SZ,33
000409.SZ,19
000409.SZ,9
000409.SZ,39
000409.SZ,17
000409.SZ,19
000409.SZ,90
000409.SZ,51
000409.SZ,19
000410.SZ,17
000410.SZ,19
000410.SZ,35
000410.SZ,19
000410.SZ,57
000410.SZ,17
000410.SZ,47
000411.SZ,21
000415.SZ,19
000415.SZ,28
000415.SZ,13
000415.SZ,16
000415.SZ,21
000415.SZ,26
000415.SZ,8
000415.SZ,34
000415.SZ,9
000415.SZ,13
000415.SZ,20
000415.SZ,17
000415.SZ,21
000415.SZ,13
000415.SZ,19
000415.SZ,57
000417.SZ,17
000417.SZ,19
000417.SZ,26
000417.SZ,31
000417.SZ,19
000417.SZ,17
000417.SZ,21
000417.SZ,27
000419.SZ,128
000419.SZ,32
000420.SZ,21
000420.SZ,27
000420.SZ,13
000420.SZ,23
000420.SZ,12
000420.SZ,32
000420.SZ,46
000420.SZ,41
000420.SZ,11
000420.SZ,21
000420.SZ,54
000420.SZ,21
000421.SZ,102
000421.SZ,20
000421.SZ,17
000421.SZ,60
000421.SZ,43
000422.SZ,45
000422.SZ,20
000422.SZ,19
000422.SZ,20
000422.SZ,14
000422.SZ,21
000422.SZ,30
000422.SZ,20
000422.SZ,38
000422.SZ,11
000422.SZ,9
000422.SZ,27
000422.SZ,27
000423.SZ,8
000423.SZ,22
000423.SZ,62
000423.SZ,16
000423.SZ,7
000423.SZ,27
000423.SZ,11
000423.SZ,14
000423.SZ,17
000423.SZ,7
000423.SZ,7
000423.SZ,43
000423.SZ,10
000425.SZ,19
000425.SZ,17
000425.SZ,19
000425.SZ,17
000425.SZ,17
000425.SZ,25
000425.SZ,33
000425.SZ,9
000425.SZ,21
000425.SZ,11
000425.SZ,28
000425.SZ,27
000425.SZ,37
000426.SZ,19
000426.SZ,9
000426.SZ,19
000426.SZ,19
000426.SZ,21
000426.SZ,17
000426.SZ,19
000426.SZ,17
000426.SZ,48
000426.SZ,19
000426.SZ,17
000426.SZ,21
000426.SZ,19
000426.SZ,30
000426.SZ,40
000428.SZ,20
000428.SZ,130
000429.SZ,136
000429.SZ,7
000429.SZ,11
000429.SZ,27
000429.SZ,105
000498.SZ,142
000501.SZ,17
000501.SZ,19
000501.SZ,56
000501.SZ,17
000501.SZ,25
000501.SZ,17
000501.SZ,21
000501.SZ,20
000503.SZ,19
000503.SZ,17
000503.SZ,19
000503.SZ,29
000503.SZ,61
000503.SZ,52
000505.SZ,99
000505.SZ,27
000505.SZ,21
000505.SZ,19
000505.SZ,32
000505.SZ,38
000506.SZ,25
000506.SZ,19
000506.SZ,19
000506.SZ,24
000506.SZ,25
000506.SZ,24
000506.SZ,27
000506.SZ,40
000506.SZ,17
000506.SZ,21
000506.SZ,19
000506.SZ,34
000506.SZ,37
000507.SZ,25
000507.SZ,31
000507.SZ,45
000507.SZ,190
000507.SZ,17
000509.SZ,25
000509.SZ,100
000509.SZ,19
000510.SZ,17
000510.SZ,69
000510.SZ,19
000510.SZ,30
000510.SZ,32
000510.SZ,17
000510.SZ,19
000510.SZ,17
000510.SZ,21
000510.SZ,19
000510.SZ,27
000513.SZ,7
000513.SZ,13
000513.SZ,36
000513.SZ,19
000513.SZ,23
000513.SZ,11
000513.SZ,67
000513.SZ,59
000513.SZ,17
000513.SZ,54
000513.SZ,17
000514.SZ,39
000514.SZ,35
000514.SZ,24
000514.SZ,40
000514.SZ,16
000514.SZ,74
000516.SZ,24
000516.SZ,13
000516.SZ,19
000516.SZ,147
000516.SZ,17
000516.SZ,42
000516.SZ,20
000519.SZ,35
000519.SZ,19
000519.SZ,19
000519.SZ,17
000519.SZ,64
000519.SZ,19
000519.SZ,19
000519.SZ,7
000519.SZ,32
000519.SZ,11
000519.SZ,17
000519.SZ,32
000520.SZ,20
000520.SZ,53
000520.SZ,80
000520.SZ,24
000520.SZ,21
000520.SZ,68
000521.SZ,41
000521.SZ,29
000523.SZ,18
000523.SZ,21
000523.SZ,19
000524.SZ,22
000524.SZ,22
000524.SZ,19
000524.SZ,9
000524.SZ,14
000524.SZ,19
000524.SZ,17
000524.SZ,40
000524.SZ,52
000524.SZ,26
000524.SZ,21
000524.SZ,33
000524.SZ,7
000525.SZ,19
000525.SZ,21
000525.SZ,36
000525.SZ,21
000525.SZ,25
000525.SZ,32
000525.SZ,102
000525.SZ,20
000525.SZ,25
000526.SZ,30
000526.SZ,150
000528.SZ,13
000528.SZ,13
000528.SZ,17
000528.SZ,39
000528.SZ,25
000528.SZ,19
000528.SZ,28
000528.SZ,19
000528.SZ,59
000528.SZ,55
000530.SZ,22
000530.SZ,20
000530.SZ,19
000530.SZ,28
000530.SZ,70
000530.SZ,17
000530.SZ,25
000530.SZ,17
000530.SZ,25
000531.SZ,20
000531.SZ,117
000531.SZ,18
000532.SZ,21
000532.SZ,20
000532.SZ,22
000532.SZ,26
000532.SZ,7
000532.SZ,113
000532.SZ,19
000533.SZ,19
000533.SZ,20
000533.SZ,34
000533.SZ,14
000533.SZ,17
000533.SZ,50
000533.SZ,24
000533.SZ,17
000533.SZ,22
000533.SZ,25
000533.SZ,17
000533.SZ,19
000533.SZ,27
000534.SZ,30
000534.SZ,19
000534.SZ,70
000534.SZ,17
000534.SZ,22
000534.SZ,19
000534.SZ,26
000534.SZ,17
000534.SZ,27
000534.SZ,21
000536.SZ,46
000536.SZ,14
000536.SZ,16
000536.SZ,11
000536.SZ,17
000536.SZ,67
000536.SZ,8
000536.SZ,17
000536.SZ,19
000536.SZ,33
000536.SZ,52
000536.SZ,7
000537.SZ,23
000537.SZ,23
000537.SZ,25
000537.SZ,115
000537.SZ,20
000537.SZ,15
000537.SZ,7
000537.SZ,19
000538.SZ,7
000538.SZ,12
000538.SZ,19
000538.SZ,7
000538.SZ,7
000538.SZ,70
000538.SZ,38
000538.SZ,18
000538.SZ,31
000538.SZ,33
000538.SZ,23
000539.SZ,30
000539.SZ,19
000539.SZ,57
000539.SZ,32
000539.SZ,18
000539.SZ,74
000539.SZ,23
000539.SZ,15
000539.SZ,7
000539.SZ,19
000541.SZ,49
000541.SZ,19
000541.SZ,30
000543.SZ,23
000543.SZ,24
000543.SZ,17
000543.SZ,28
000543.SZ,19
000543.SZ,30
000543.SZ,19
000543.SZ,41
000543.SZ,14
000543.SZ,21
000543.SZ,45
000543.SZ,14
000545.SZ,41
000545.SZ,28
000545.SZ,20
000545.SZ,65
000545.SZ,24
000545.SZ,37
000545.SZ,20
000545.SZ,30
000545.SZ,19
000546.SZ,10
000546.SZ,25
000546.SZ,91
000546.SZ,20
000546.SZ,20
000546.SZ,21
000546.SZ,49
000546.SZ,30
000547.SZ,25
000547.SZ,17
000547.SZ,20
000547.SZ,7
000547.SZ,19
000547.SZ,58
000547.SZ,19
000547.SZ,17
000547.SZ,19
000547.SZ,21
000547.SZ,28
000547.SZ,27
000550.SZ,36
000550.SZ,28
000550.SZ,27
000550.SZ,163
000551.SZ,122
000551.SZ,25
000551.SZ,17
000551.SZ,75
000552.SZ,64
000552.SZ,28
000552.SZ,8
000552.SZ,19
000552.SZ,76
000552.SZ,17
000552.SZ,15
000552.SZ,19
000554.SZ,21
000554.SZ,21
000554.SZ,61
000554.SZ,64
000554.SZ,17
000554.SZ,27
000555.SZ,20
000555.SZ,20
000555.SZ,20
000555.SZ,37
000555.SZ,7
000555.SZ,63
000555.SZ,19
000555.SZ,45
000555.SZ,13
000555.SZ,32
000555.SZ,25
000558.SZ,20
000558.SZ,17
000558.SZ,19
000558.SZ,29
000558.SZ,19
000558.SZ,49
000558.SZ,20
000558.SZ,46
000558.SZ,20
000558.SZ,7
000559.SZ,56
000559.SZ,33
000559.SZ,13
000559.SZ,27
000559.SZ,25
000559.SZ,19
000559.SZ,19
000559.SZ,37
000559.SZ,21
000559.SZ,27
000560.SZ,27
000560.SZ,17
000560.SZ,26
000560.SZ,21
000560.SZ,62
000560.SZ,17
000560.SZ,39
000560.SZ,15
000560.SZ,17
000560.SZ,38
000561.SZ,19
000561.SZ,17
000561.SZ,21
000561.SZ,11
000561.SZ,17
000561.SZ,45
000561.SZ,21
000561.SZ,32
000561.SZ,19
000561.SZ,21
000561.SZ,47
000563.SZ,21
000563.SZ,20
000563.SZ,17
000563.SZ,33
000563.SZ,12
000563.SZ,22
000563.SZ,29
000563.SZ,14
000563.SZ,51
000563.SZ,18
000563.SZ,17
000563.SZ,19
000563.SZ,29
000564.SZ,19
000564.SZ,8
000564.SZ,26
000564.SZ,14
000564.SZ,17
000564.SZ,42
000564.SZ,40
000565.SZ,33
000565.SZ,20
000565.SZ,30
000565.SZ,23
000565.SZ,130
000565.SZ,17
000566.SZ,20
000566.SZ,27
000566.SZ,17
000566.SZ,62
000566.SZ,41
000566.SZ,19
000566.SZ,17
000566.SZ,19
000566.SZ,97
000567.SZ,26
000567.SZ,36
000567.SZ,29
000567.SZ,19
000567.SZ,22
000567.SZ,27
000568.SZ,57
000568.SZ,8
000568.SZ,19
000568.SZ,14
000568.SZ,19
000568.SZ,53
000568.SZ,10
000568.SZ,80
000568.SZ,60
000571.SZ,41
000571.SZ,22
000571.SZ,23
000571.SZ,25
000571.SZ,28
000571.SZ,21
000571.SZ,25
000572.SZ,20
000572.SZ,27
000572.SZ,31
000572.SZ,18
000572.SZ,8
000572.SZ,19
000572.SZ,25
000572.SZ,19
000572.SZ,27
000572.SZ,105
000573.SZ,104
000573.SZ,22
000573.SZ,48
000576.SZ,19
000576.SZ,17
000576.SZ,22
000576.SZ,24
000576.SZ,136
000576.SZ,11
000576.SZ,36
000581.SZ,59
000581.SZ,11
000581.SZ,16
000581.SZ,15
000581.SZ,7
000581.SZ,20
000581.SZ,9
000581.SZ,41
000581.SZ,43
000581.SZ,18
000581.SZ,10
000581.SZ,13
000581.SZ,27
000582.SZ,20
000582.SZ,41
000582.SZ,23
000582.SZ,12
000582.SZ,8
000582.SZ,7
000582.SZ,34
000582.SZ,10
000582.SZ,19
000582.SZ,21
000582.SZ,20
000582.SZ,21
000582.SZ,18
000582.SZ,12
000582.SZ,27
000586.SZ,28
000586.SZ,33
000586.SZ,64
000586.SZ,22
000586.SZ,27
000586.SZ,29
000589.SZ,44
000589.SZ,19
000589.SZ,17
000589.SZ,21
000589.SZ,24
000589.SZ,21
000589.SZ,21
000590.SZ,26
000590.SZ,72
000591.SZ,19
000591.SZ,31
000591.SZ,7
000591.SZ,20
000591.SZ,27
000591.SZ,17
000591.SZ,55
000591.SZ,18
000591.SZ,17
000591.SZ,27
000591.SZ,8
000591.SZ,19
000592.SZ,23
000592.SZ,7
000592.SZ,19
000592.SZ,22
000592.SZ,25
000592.SZ,17
000592.SZ,22
000592.SZ,24
000592.SZ,18
000592.SZ,24
000592.SZ,17
000592.SZ,22
000592.SZ,27
000592.SZ,27
000592.SZ,26
000593.SZ,19
000593.SZ,45
000593.SZ,19
000593.SZ,29
000593.SZ,27
000596.SZ,63
000596.SZ,7
000596.SZ,19
000596.SZ,8
000596.SZ,17
000596.SZ,56
000596.SZ,10
000596.SZ,17
000596.SZ,46
000596.SZ,17
000596.SZ,63
000597.SZ,42
000597.SZ,254
000598.SZ,21
000598.SZ,31
000598.SZ,10
000598.SZ,88
000598.SZ,19
000598.SZ,35
000598.SZ,22
000598.SZ,26
000598.SZ,37
000599.SZ,76
000599.SZ,25
000599.SZ,30
000599.SZ,19
000599.SZ,31
000599.SZ,28
000599.SZ,25
000599.SZ,25
000600.SZ,19
000600.SZ,20
000600.SZ,17
000600.SZ,45
000600.SZ,14
000600.SZ,7
000600.SZ,31
000600.SZ,19
000600.SZ,45
000600.SZ,11
000600.SZ,21
000600.SZ,30
000600.SZ,15
000600.SZ,19
000601.SZ,53
000601.SZ,20
000601.SZ,30
000601.SZ,78
000601.SZ,75
000601.SZ,35
000601.SZ,17
000603.SZ,17
000603.SZ,21
000603.SZ,24
000603.SZ,17
000603.SZ,19
000603.SZ,17
000603.SZ,48
000603.SZ,19
000603.SZ,17
000603.SZ,21
000603.SZ,19
000603.SZ,33
000603.SZ,37
000607.SZ,46
000607.SZ,84
000607.SZ,63
000610.SZ,50
000610.SZ,21
000610.SZ,19
000610.SZ,10
000610.SZ,70
000610.SZ,25
000610.SZ,23
000612.SZ,18
000612.SZ,20
000612.SZ,15
000612.SZ,19
000612.SZ,19
000612.SZ,25
000612.SZ,27
000612.SZ,19
000612.SZ,17
000612.SZ,21
000612.SZ,19
000612.SZ,21
000612.SZ,20
000612.SZ,27
000617.SZ,20
000617.SZ,19
000617.SZ,17
000617.SZ,19
000617.SZ,27
000617.SZ,17
000617.SZ,35
000617.SZ,19
000617.SZ,40
000617.SZ,17
000617.SZ,18
000617.SZ,44
000617.SZ,19
000617.SZ,17
000620.SZ,51
000620.SZ,46
000620.SZ,18
000620.SZ,32
000620.SZ,23
000620.SZ,19
000620.SZ,42
000620.SZ,17
000620.SZ,52
000623.SZ,21
000623.SZ,21
000623.SZ,15
000623.SZ,13
000623.SZ,19
000623.SZ,11
000623.SZ,38
000623.SZ,25
000623.SZ,19
000623.SZ,41
000623.SZ,13
000623.SZ,17
000623.SZ,76
000625.SZ,7
000625.SZ,13
000625.SZ,21
000625.SZ,20
000625.SZ,12
000625.SZ,21
000625.SZ,53
000625.SZ,19
000625.SZ,48
000625.SZ,21
000626.SZ,23
000626.SZ,118
000628.SZ,62
000628.SZ,12
000628.SZ,17
000628.SZ,19
000628.SZ,26
000628.SZ,84
000628.SZ,11
000628.SZ,21
000628.SZ,27
000628.SZ,27
000628.SZ,28
000629.SZ,49
000629.SZ,8
000629.SZ,11
000629.SZ,21
000629.SZ,14
000629.SZ,14
000629.SZ,7
000629.SZ,14
000629.SZ,28
000629.SZ,9
000629.SZ,44
000629.SZ,7
000629.SZ,11
000629.SZ,17
000629.SZ,32
000630.SZ,21
000630.SZ,7
000630.SZ,16
000630.SZ,19
000630.SZ,19
000630.SZ,17
000630.SZ,19
000630.SZ,17
000630.SZ,27
000630.SZ,39
000630.SZ,17
000630.SZ,21
000630.SZ,19
000630.SZ,28
000632.SZ,141
000632.SZ,21
000632.SZ,20
000633.SZ,63
000633.SZ,62
000633.SZ,43
000633.SZ,19
000633.SZ,34
000633.SZ,13
000635.SZ,44
000636.SZ,33
000636.SZ,9
000636.SZ,11
000636.SZ,16
000636.SZ,7
000636.SZ,19
000636.SZ,9
000636.SZ,28
000636.SZ,9
000636.SZ,25
000636.SZ,24
000636.SZ,19
000636.SZ,9
000636.SZ,19
000636.SZ,27
000637.SZ,65
000637.SZ,120
000639.SZ,18
000639.SZ,45
000639.SZ,30
000639.SZ,20
000639.SZ,55
000639.SZ,25
000639.SZ,24
000639.SZ,84
000650.SZ,8
000650.SZ,21
000650.SZ,19
000650.SZ,64
000650.SZ,56
000650.SZ,20
000651.SZ,48
000651.SZ,9
000651.SZ,28
000651.SZ,17
000651.SZ,63
000651.SZ,16
000651.SZ,19
000651.SZ,16
000651.SZ,34
000651.SZ,52
000651.SZ,19
000652.SZ,114
000652.SZ,53
000655.SZ,50
000655.SZ,19
000655.SZ,17
000655.SZ,66
000655.SZ,38
000657.SZ,19
000657.SZ,20
000657.SZ,17
000657.SZ,12
000657.SZ,19
000657.SZ,22
000657.SZ,17
000657.SZ,42
000657.SZ,19
000657.SZ,23
000657.SZ,19
000657.SZ,21
000657.SZ,19
000657.SZ,25
000659.SZ,66
000659.SZ,26
000659.SZ,27
000659.SZ,17
000659.SZ,19
000659.SZ,42
000661.SZ,19
000661.SZ,15
000661.SZ,21
000661.SZ,19
000661.SZ,17
000661.SZ,24
000661.SZ,17
000661.SZ,110
000661.SZ,17
000661.SZ,33
000661.SZ,19
000663.SZ,17
000663.SZ,19
000663.SZ,44
000665.SZ,17
000665.SZ,48
000665.SZ,9
000665.SZ,7
000665.SZ,19
000665.SZ,35
000665.SZ,28
000665.SZ,19
000665.SZ,50
000665.SZ,42
000670.SZ,17
000670.SZ,27
000670.SZ,19
000670.SZ,24
000670.SZ,19
000670.SZ,44
000670.SZ,32
000670.SZ,56
000670.SZ,35
000670.SZ,37
000672.SZ,27
000672.SZ,50
000672.SZ,27
000672.SZ,41
000672.SZ,22
000672.SZ,21
000672.SZ,17
000672.SZ,27
000676.SZ,20
000676.SZ,8
000676.SZ,19
000676.SZ,17
000676.SZ,33
000676.SZ,19
000676.SZ,63
000676.SZ,18
000676.SZ,39
000676.SZ,10
000676.SZ,20
000677.SZ,17
000677.SZ,32
000677.SZ,17
000677.SZ,28
000677.SZ,204
000677.SZ,19
000678.SZ,19
000678.SZ,21
000678.SZ,27
000678.SZ,21
000678.SZ,21
000678.SZ,70
000678.SZ,25
000678.SZ,19
000678.SZ,21
000678.SZ,84
000679.SZ,25
000679.SZ,70
000680.SZ,30
000680.SZ,23
000680.SZ,10
000680.SZ,7
000680.SZ,17
000680.SZ,33
000680.SZ,10
000680.SZ,24
000680.SZ,17
000680.SZ,36
000680.SZ,12
000680.SZ,9
000680.SZ,21
000680.SZ,19
000680.SZ,63
000681.SZ,32
000681.SZ,30
000681.SZ,9
000681.SZ,13
000681.SZ,19
000681.SZ,7
000681.SZ,44
000681.SZ,25
000681.SZ,17
000681.SZ,40
000681.SZ,21
000681.SZ,21
000682.SZ,19
000682.SZ,13
000682.SZ,8
000682.SZ,22
000682.SZ,7
000682.SZ,28
000682.SZ,27
000682.SZ,20
000682.SZ,36
000682.SZ,17
000682.SZ,12
000682.SZ,9
000682.SZ,19
000682.SZ,28
000683.SZ,27
000683.SZ,11
000683.SZ,17
000683.SZ,19
000683.SZ,17
000683.SZ,46
000683.SZ,10
000683.SZ,20
000683.SZ,25
000683.SZ,8
000683.SZ,21
000683.SZ,17
000683.SZ,27
000683.SZ,34
000685.SZ,21
000685.SZ,28
000685.SZ,25
000685.SZ,39
000685.SZ,15
000685.SZ,28
000685.SZ,12
000686.SZ,30
000686.SZ,12
000686.SZ,15
000686.SZ,14
000686.SZ,19
000686.SZ,10
000686.SZ,38
000686.SZ,28
000686.SZ,17
000686.SZ,25
000686.SZ,17
000688.SZ,20
000688.SZ,19
000688.SZ,10
000688.SZ,25
000688.SZ,29
000688.SZ,19
000688.SZ,30
000688.SZ,21
000688.SZ,19
000688.SZ,17
000688.SZ,27
000688.SZ,20
000690.SZ,29
000690.SZ,8
000690.SZ,12
000690.SZ,17
000690.SZ,29
000690.SZ,20
000690.SZ,28
000690.SZ,19
000690.SZ,76
000690.SZ,17
000690.SZ,27
000690.SZ,9
000690.SZ,19
000695.SZ,22
000695.SZ,21
000695.SZ,43
000695.SZ,12
000695.SZ,18
000700.SZ,42
000700.SZ,20
000700.SZ,13
000700.SZ,14
000700.SZ,110
000700.SZ,22
000700.SZ,21
000700.SZ,20
000701.SZ,42
000701.SZ,136
000701.SZ,42
000702.SZ,33
000703.SZ,17
000703.SZ,21
000703.SZ,19
000703.SZ,17
000703.SZ,28
000703.SZ,19
000705.SZ,123
000708.SZ,16
000708.SZ,7
000708.SZ,17
000708.SZ,35
000708.SZ,98
000708.SZ,17
000708.SZ,21
000708.SZ,21
000708.SZ,27
000709.SZ,49
000709.SZ,19
000709.SZ,35
000709.SZ,116
000709.SZ,18
000709.SZ,16
000709.SZ,7
000709.SZ,27
000710.SZ,17
000710.SZ,35
000710.SZ,20
000710.SZ,19
000710.SZ,154
000712.SZ,23
000712.SZ,19
000712.SZ,17
000712.SZ,13
000712.SZ,19
000712.SZ,17
000712.SZ,130
000712.SZ,28
000712.SZ,9
000713.SZ,31
000713.SZ,28
000713.SZ,17
000713.SZ,191
000715.SZ,18
000715.SZ,35
000716.SZ,73
000716.SZ,26
000716.SZ,112
000716.SZ,29
000717.SZ,211
000717.SZ,16
000719.SZ,84
000719.SZ,167
000719.SZ,35
000720.SZ,27
000720.SZ,42
000721.SZ,65
000721.SZ,110
000721.SZ,17
000721.SZ,26
000722.SZ,18
000722.SZ,25
000722.SZ,17
000722.SZ,31
000722.SZ,154
000722.SZ,17
000722.SZ,28
000722.SZ,19
000723.SZ,26
000723.SZ,20
000723.SZ,9
000723.SZ,19
000723.SZ,22
000723.SZ,9
000723.SZ,131
000723.SZ,17
000723.SZ,19
000723.SZ,27
000725.SZ,23
000725.SZ,19
000725.SZ,10
000725.SZ,7
000725.SZ,11
000725.SZ,31
000725.SZ,106
000725.SZ,24
000725.SZ,16
000725.SZ,44
000727.SZ,40
000727.SZ,16
000727.SZ,7
000727.SZ,25
000727.SZ,7
000727.SZ,108
000727.SZ,33
000727.SZ,17
000727.SZ,35
000727.SZ,11
000727.SZ,29
000728.SZ,17
000728.SZ,20
000728.SZ,7
000728.SZ,16
000728.SZ,10
000728.SZ,17
000728.SZ,8
000728.SZ,7
000728.SZ,126
000728.SZ,11
000728.SZ,20
000728.SZ,72
000729.SZ,11
000729.SZ,42
000729.SZ,31
000729.SZ,151
000729.SZ,14
000729.SZ,9
000729.SZ,7
000729.SZ,22
000729.SZ,19
000729.SZ,16
000733.SZ,7
000733.SZ,29
000733.SZ,8
000733.SZ,16
000733.SZ,118
000733.SZ,8
000733.SZ,21
000733.SZ,41
000735.SZ,24
000735.SZ,17
000735.SZ,39
000735.SZ,98
000735.SZ,17
000735.SZ,43
000735.SZ,41
000737.SZ,25
000737.SZ,19
000737.SZ,19
000737.SZ,30
000737.SZ,12
000737.SZ,108
000737.SZ,19
000737.SZ,22
000737.SZ,35
000738.SZ,21
000738.SZ,27
000738.SZ,19
000738.SZ,10
000738.SZ,19
000738.SZ,128
000738.SZ,21
000738.SZ,19
000738.SZ,17
000739.SZ,11
000739.SZ,7
000739.SZ,23
000739.SZ,15
000739.SZ,19
000739.SZ,19
000739.SZ,141
000739.SZ,17
000739.SZ,40
000750.SZ,28
000750.SZ,14
000750.SZ,19
000750.SZ,28
000750.SZ,7
000750.SZ,7
000750.SZ,123
000750.SZ,11
000750.SZ,17
000751.SZ,103
000751.SZ,17
000751.SZ,21
000751.SZ,19
000751.SZ,28
000753.SZ,42
000753.SZ,21
000753.SZ,26
000753.SZ,109
000753.SZ,19
000753.SZ,43
000753.SZ,53
000756.SZ,35
000756.SZ,19
000756.SZ,131
000756.SZ,36
000756.SZ,7
000756.SZ,13
000758.SZ,14
000758.SZ,19
000758.SZ,20
000758.SZ,7
000758.SZ,120
000758.SZ,21
000758.SZ,17
000758.SZ,27
000758.SZ,41
000759.SZ,29
000759.SZ,21
000759.SZ,27
000759.SZ,14
000759.SZ,111
000759.SZ,27
000762.SZ,9
000762.SZ,19
000762.SZ,17
000762.SZ,116
000762.SZ,17
000762.SZ,21
000762.SZ,19
000762.SZ,29
000762.SZ,19
000762.SZ,17
000766.SZ,17
000766.SZ,20
000766.SZ,63
000766.SZ,117
000766.SZ,28
000766.SZ,86
000767.SZ,17
000767.SZ,185
000767.SZ,14
000767.SZ,25
000767.SZ,19
000768.SZ,19
000768.SZ,20
000768.SZ,8
000768.SZ,19
000768.SZ,15
000768.SZ,23
000768.SZ,125
000768.SZ,12
000768.SZ,17
000768.SZ,19
000776.SZ,17
000776.SZ,25
000776.SZ,17
000776.SZ,7
000776.SZ,19
000776.SZ,19
000776.SZ,112
000776.SZ,21
000776.SZ,17
000777.SZ,17
000777.SZ,18
000777.SZ,19
000777.SZ,20
000777.SZ,34
000777.SZ,109
000777.SZ,13
000777.SZ,21
000777.SZ,42
000777.SZ,15
000778.SZ,15
000778.SZ,11
000778.SZ,18
000778.SZ,20
000778.SZ,99
000778.SZ,19
000778.SZ,14
000778.SZ,7
000778.SZ,19
000778.SZ,25
000779.SZ,64
000779.SZ,205
000782.SZ,31
000783.SZ,26
000783.SZ,20
000783.SZ,17
000783.SZ,13
000783.SZ,19
000783.SZ,10
000783.SZ,126
000783.SZ,11
000783.SZ,17
000785.SZ,14
000785.SZ,36
000785.SZ,113
000785.SZ,25
000785.SZ,17
000786.SZ,14
000786.SZ,21
000786.SZ,13
000786.SZ,128
000786.SZ,20
000786.SZ,17
000788.SZ,11
000788.SZ,17
000788.SZ,116
000788.SZ,43
000788.SZ,78
000791.SZ,19
000791.SZ,131
000791.SZ,46
000791.SZ,19
000791.SZ,22
000791.SZ,19
000792.SZ,7
000792.SZ,14
000792.SZ,7
000792.SZ,15
000792.SZ,19
000792.SZ,19
000792.SZ,109
000792.SZ,19
000792.SZ,21
000792.SZ,21
000792.SZ,27
000792.SZ,17
000795.SZ,26
000795.SZ,21
000795.SZ,17
000795.SZ,11
000795.SZ,18
000795.SZ,157
000795.SZ,9
000795.SZ,28
000796.SZ,21
000796.SZ,11
000796.SZ,17
000796.SZ,24
000796.SZ,108
000796.SZ,19
000796.SZ,43
000796.SZ,54
000797.SZ,17
000798.SZ,19
000798.SZ,21
000798.SZ,20
000798.SZ,27
000799.SZ,42
000799.SZ,19
000799.SZ,24
000799.SZ,11
000799.SZ,129
000799.SZ,35
000800.SZ,168
000800.SZ,63
000801.SZ,21
000801.SZ,31
000801.SZ,17
000801.SZ,12
000801.SZ,17
000801.SZ,119
000801.SZ,19
000801.SZ,12
000801.SZ,30
000802.SZ,60
000803.SZ,23
000803.SZ,123
000803.SZ,30
000803.SZ,44
000807.SZ,29
000807.SZ,16
000807.SZ,21
000807.SZ,21
000807.SZ,7
000807.SZ,110
000807.SZ,19
000807.SZ,21
000807.SZ,17
000807.SZ,32
000807.SZ,32
000810.SZ,22
000810.SZ,24
000810.SZ,21
000810.SZ,17
000810.SZ,11
000810.SZ,140
000810.SZ,17
000810.SZ,19
000810.SZ,57
000811.SZ,44
000811.SZ,19
000811.SZ,19
000811.SZ,17
000811.SZ,111
000811.SZ,19
000811.SZ,36
000811.SZ,27
000811.SZ,37
000812.SZ,105
000812.SZ,17
000813.SZ,20
000813.SZ,32
000813.SZ,19
000813.SZ,160
000813.SZ,17
000815.SZ,28
000815.SZ,19
000815.SZ,20
000815.SZ,21
000815.SZ,8
000815.SZ,154
000815.SZ,19
000815.SZ,25
000815.SZ,21
000816.SZ,51
000816.SZ,12
000816.SZ,30
000816.SZ,103
000816.SZ,21
000816.SZ,28
000816.SZ,42
000818.SZ,60
000818.SZ,17
000818.SZ,19
000818.SZ,9
000818.SZ,136
000818.SZ,17
000818.SZ,19
000818.SZ,27
000819.SZ,131
000819.SZ,52
000819.SZ,33
000822.SZ,31
000822.SZ,28
000822.SZ,22
000822.SZ,169
000822.SZ,30
000823.SZ,28
000823.SZ,19
000823.SZ,17
000823.SZ,11
000823.SZ,17
000823.SZ,132
000823.SZ,12
000823.SZ,22
000823.SZ,15
000823.SZ,19
000825.SZ,19
000825.SZ,27
000825.SZ,99
000825.SZ,17
000825.SZ,21
000825.SZ,19
000825.SZ,30
000826.SZ,47
000826.SZ,122
000826.SZ,61
000829.SZ,42
000829.SZ,19
000829.SZ,17
000829.SZ,18
000829.SZ,8
000829.SZ,98
000829.SZ,17
000829.SZ,21
000829.SZ,32
000829.SZ,29
000829.SZ,28
000830.SZ,30
000830.SZ,11
000830.SZ,17
000830.SZ,14
000830.SZ,110
000830.SZ,17
000830.SZ,21
000830.SZ,45
000831.SZ,20
000831.SZ,27
000831.SZ,11
000831.SZ,19
000831.SZ,19
000831.SZ,109
000831.SZ,21
000831.SZ,11
000831.SZ,17
000831.SZ,21
000831.SZ,54
000833.SZ,32
000833.SZ,17
000833.SZ,21
000833.SZ,31
000833.SZ,7
000833.SZ,98
000833.SZ,17
000833.SZ,21
000833.SZ,19
000833.SZ,17
000833.SZ,27
000837.SZ,46
000837.SZ,17
000837.SZ,10
000837.SZ,16
000837.SZ,19
000837.SZ,122
000837.SZ,11
000837.SZ,17
000837.SZ,48
000839.SZ,10
000839.SZ,146
000839.SZ,19
000839.SZ,27
000848.SZ,18
000848.SZ,82
000848.SZ,169
000850.SZ,159
000850.SZ,21
000850.SZ,19
000852.SZ,14
000852.SZ,19
000852.SZ,20
000852.SZ,30
000852.SZ,116
000852.SZ,24
000852.SZ,19
000852.SZ,28
000852.SZ,7
000856.SZ,21
000856.SZ,20
000856.SZ,219
000858.SZ,60
000858.SZ,11
000858.SZ,27
000858.SZ,7
000858.SZ,157
000858.SZ,46
000858.SZ,17
000859.SZ,19
000859.SZ,33
000859.SZ,38
000859.SZ,19
000859.SZ,108
000859.SZ,26
000859.SZ,34
000860.SZ,10
000860.SZ,12
000860.SZ,27
000860.SZ,7
000860.SZ,157
000862.SZ,158
000862.SZ,27
000862.SZ,11
000862.SZ,18
000862.SZ,21
000862.SZ,19
000863.SZ,195
000863.SZ,17
000863.SZ,21
000863.SZ,19
000863.SZ,63
000868.SZ,49
000868.SZ,36
000875.SZ,44
000875.SZ,19
000875.SZ,26
000875.SZ,108
000875.SZ,19
000875.SZ,17
000875.SZ,19
000875.SZ,27
000875.SZ,17
000876.SZ,27
000876.SZ,14
000876.SZ,28
000876.SZ,7
000876.SZ,125
000876.SZ,32
000876.SZ,33
000877.SZ,21
000877.SZ,189
000878.SZ,31
000878.SZ,15
000878.SZ,19
000878.SZ,21
000878.SZ,19
000878.SZ,109
000878.SZ,19
000878.SZ,21
000878.SZ,35
000880.SZ,19
000880.SZ,20
000880.SZ,17
000880.SZ,144
000880.SZ,17
000880.SZ,19
000881.SZ,20
000881.SZ,56
000881.SZ,109
000881.SZ,19
000881.SZ,22
000882.SZ,17
000882.SZ,25
000882.SZ,104
000882.SZ,9
000882.SZ,9
000883.SZ,35
000883.SZ,13
000883.SZ,15
000886.SZ,19
000886.SZ,17
000886.SZ,130
000886.SZ,21
000886.SZ,21
000886.SZ,21
000887.SZ,47
000887.SZ,19
000887.SZ,7
000887.SZ,16
000887.SZ,7
000887.SZ,110
000887.SZ,23
000887.SZ,21
000887.SZ,44
000888.SZ,23
000888.SZ,29
000888.SZ,32
000888.SZ,98
000888.SZ,17
000888.SZ,21
000888.SZ,10
000888.SZ,10
000888.SZ,7
000888.SZ,36
000889.SZ,34
000889.SZ,20
000890.SZ,124
000890.SZ,48
000890.SZ,28
000890.SZ,17
000892.SZ,19
000892.SZ,34
000892.SZ,112
000892.SZ,28
000892.SZ,17
000892.SZ,20
000892.SZ,56
000893.SZ,19
000893.SZ,8
000893.SZ,11
000893.SZ,17
000893.SZ,7
000893.SZ,19
000893.SZ,23
000893.SZ,8
000893.SZ,110
000893.SZ,19
000893.SZ,17
000893.SZ,21
000893.SZ,27
000895.SZ,20
000895.SZ,9
000895.SZ,10
000895.SZ,18
000895.SZ,13
000895.SZ,110
000895.SZ,51
000895.SZ,27
000895.SZ,9
000895.SZ,7
000895.SZ,19
000897.SZ,78
000898.SZ,19
000898.SZ,164
000898.SZ,7
000898.SZ,27
000899.SZ,46
000899.SZ,7
000899.SZ,132
000899.SZ,8
000899.SZ,7
000899.SZ,22
000899.SZ,27
000899.SZ,17
000901.SZ,20
000901.SZ,22
000901.SZ,19
000901.SZ,14
000901.SZ,8
000901.SZ,17
000901.SZ,110
000901.SZ,19
000901.SZ,21
000901.SZ,42
000902.SZ,28
000902.SZ,19
000902.SZ,13
000902.SZ,9
000902.SZ,29
000902.SZ,111
000902.SZ,27
000902.SZ,13
000902.SZ,7
000902.SZ,29
000902.SZ,17
000905.SZ,21
000905.SZ,22
000905.SZ,26
000905.SZ,23
000905.SZ,8
000905.SZ,110
000905.SZ,22
000905.SZ,29
000905.SZ,26
000905.SZ,28
000912.SZ,17
000913.SZ,12
000913.SZ,21
000913.SZ,7
000913.SZ,17
000913.SZ,194
000915.SZ,19
000915.SZ,22
000915.SZ,19
000915.SZ,17
000915.SZ,19
000917.SZ,22
000917.SZ,17
000917.SZ,21
000917.SZ,10
000917.SZ,21
000917.SZ,8
000917.SZ,108
000917.SZ,19
000917.SZ,21
000917.SZ,20
000917.SZ,57
000919.SZ,21
000919.SZ,90
000920.SZ,28
000920.SZ,40
000920.SZ,9
000920.SZ,189
000921.SZ,66
000921.SZ,42
000921.SZ,108
000922.SZ,26
000922.SZ,21
000922.SZ,22
000922.SZ,111
000922.SZ,11
000922.SZ,19
000922.SZ,21
000922.SZ,22
000922.SZ,27
000923.SZ,8
000923.SZ,19
000923.SZ,22
000923.SZ,17
000923.SZ,110
000923.SZ,21
000923.SZ,19
000923.SZ,35
000925.SZ,22
000925.SZ,27
000925.SZ,106
000925.SZ,17
000925.SZ,21
000926.SZ,19
000927.SZ,28
000927.SZ,19
000927.SZ,132
000927.SZ,16
000927.SZ,19
000927.SZ,28
000927.SZ,17
000928.SZ,11
000928.SZ,20
000928.SZ,17
000928.SZ,123
000928.SZ,22
000928.SZ,15
000928.SZ,23
000928.SZ,34
000930.SZ,35
000930.SZ,146
000930.SZ,19
000930.SZ,21
000930.SZ,17
000932.SZ,48
000932.SZ,19
000932.SZ,17
000932.SZ,22
000932.SZ,119
000932.SZ,24
000932.SZ,17
000932.SZ,27
000933.SZ,28
000933.SZ,17
000933.SZ,21
000933.SZ,19
000933.SZ,19
000933.SZ,98
000933.SZ,17
000933.SZ,18
000933.SZ,17
000933.SZ,39
000933.SZ,37
000935.SZ,24
000935.SZ,10
000935.SZ,26
000935.SZ,20
000935.SZ,112
000935.SZ,21
000935.SZ,17
000935.SZ,19
000935.SZ,27
000936.SZ,40
000936.SZ,12
000936.SZ,8
000936.SZ,106
000936.SZ,19
000936.SZ,21
000937.SZ,7
000937.SZ,41
000937.SZ,190
000937.SZ,27
000937.SZ,7
000937.SZ,21
000938.SZ,33
000938.SZ,7
000938.SZ,14
000938.SZ,15
000938.SZ,7
000938.SZ,138
000938.SZ,7
000938.SZ,45
000938.SZ,14
000938.SZ,22
000948.SZ,20
000948.SZ,13
000948.SZ,19
000948.SZ,17
000948.SZ,27
000948.SZ,152
000949.SZ,82
000949.SZ,14
000949.SZ,103
000949.SZ,18
000949.SZ,21
000949.SZ,19
000949.SZ,27
000949.SZ,17
000949.SZ,26
000950.SZ,20
000950.SZ,106
000950.SZ,20
000950.SZ,22
000950.SZ,77
000951.SZ,34
000951.SZ,20
000951.SZ,35
000951.SZ,139
000951.SZ,15
000951.SZ,7
000951.SZ,27
000951.SZ,17
000951.SZ,19
000952.SZ,21
000953.SZ,19
000953.SZ,35
000953.SZ,19
000953.SZ,9
000953.SZ,132
000955.SZ,20
000957.SZ,50
000957.SZ,7
000957.SZ,41
000957.SZ,112
000957.SZ,21
000957.SZ,20
000957.SZ,17
000957.SZ,53
000958.SZ,21
000958.SZ,34
000958.SZ,17
000958.SZ,25
000958.SZ,108
000958.SZ,25
000958.SZ,16
000958.SZ,44
000958.SZ,7
000959.SZ,17
000959.SZ,19
000959.SZ,19
000959.SZ,99
000959.SZ,20
000959.SZ,21
000959.SZ,17
000959.SZ,27
000960.SZ,21
000960.SZ,7
000960.SZ,15
000960.SZ,7
000960.SZ,19
000960.SZ,17
000960.SZ,12
000960.SZ,110
000960.SZ,17
000960.SZ,21
000960.SZ,41
000962.SZ,20
000962.SZ,26
000962.SZ,10
000962.SZ,7
000962.SZ,20
000962.SZ,20
000962.SZ,110
000962.SZ,21
000962.SZ,17
000962.SZ,21
000962.SZ,27
000963.SZ,7
000963.SZ,20
000963.SZ,36
000963.SZ,17
000963.SZ,18
000963.SZ,147
000963.SZ,63
000963.SZ,15
000965.SZ,26
000965.SZ,34
000965.SZ,17
000965.SZ,19
000965.SZ,110
000965.SZ,57
000965.SZ,29
000966.SZ,47
000966.SZ,20
000966.SZ,31
000966.SZ,162
000966.SZ,13
000966.SZ,15
000966.SZ,10
000966.SZ,17
000967.SZ,19
000967.SZ,30
000967.SZ,25
000967.SZ,17
000967.SZ,19
000967.SZ,121
000967.SZ,26
000967.SZ,21
000967.SZ,15
000967.SZ,19
000967.SZ,17
000968.SZ,152
000968.SZ,17
000968.SZ,27
000968.SZ,19
000969.SZ,20
000969.SZ,28
000969.SZ,16
000969.SZ,20
000969.SZ,19
000969.SZ,108
000969.SZ,19
000969.SZ,23
000969.SZ,34
000969.SZ,42
000970.SZ,28
000970.SZ,20
000970.SZ,19
000970.SZ,10
000970.SZ,19
000970.SZ,17
000970.SZ,118
000970.SZ,12
000970.SZ,17
000970.SZ,21
000973.SZ,36
000973.SZ,19
000973.SZ,30
000973.SZ,110
000973.SZ,17
000973.SZ,21
000973.SZ,29
000973.SZ,27
000973.SZ,19
000975.SZ,22
000975.SZ,40
000975.SZ,17
000975.SZ,18
000975.SZ,108
000975.SZ,19
000975.SZ,13
000975.SZ,17
000975.SZ,31
000975.SZ,32
000977.SZ,27
000977.SZ,20
000977.SZ,16
000977.SZ,19
000977.SZ,14
000977.SZ,110
000977.SZ,21
000977.SZ,21
000977.SZ,31
000977.SZ,28
000977.SZ,27
000978.SZ,76
000980.SZ,31
000980.SZ,45
000980.SZ,12
000980.SZ,17
000980.SZ,110
000980.SZ,47
000980.SZ,30
000981.SZ,19
000981.SZ,20
000981.SZ,63
000981.SZ,8
000981.SZ,111
000981.SZ,21
000981.SZ,17
000981.SZ,54
000983.SZ,19
000983.SZ,16
000983.SZ,12
000983.SZ,17
000983.SZ,152
000983.SZ,17
000983.SZ,20
000983.SZ,27
000987.SZ,21
000987.SZ,15
000987.SZ,19
000987.SZ,18
000987.SZ,10
000987.SZ,120
000987.SZ,21
000987.SZ,17
000987.SZ,41
000988.SZ,20
000988.SZ,11
000988.SZ,15
000988.SZ,15
000988.SZ,8
000988.SZ,19
000988.SZ,8
000988.SZ,110
000988.SZ,17
000988.SZ,21
000988.SZ,47
000988.SZ,17
000989.SZ,18
000989.SZ,27
000989.SZ,19
000989.SZ,23
000989.SZ,228
000990.SZ,26
000990.SZ,122
000990.SZ,25
000990.SZ,9
000990.SZ,20
000990.SZ,27
000990.SZ,17
000993.SZ,53
000993.SZ,20
000993.SZ,23
000993.SZ,110
000993.SZ,18
000993.SZ,24
000993.SZ,45
000993.SZ,20
000995.SZ,20
000995.SZ,36
000995.SZ,163
000995.SZ,27
000995.SZ,19
000997.SZ,19
000997.SZ,21
000997.SZ,8
000997.SZ,19
000997.SZ,38
000997.SZ,126
000997.SZ,18
000998.SZ,41
000998.SZ,9
000998.SZ,26
000998.SZ,135
000998.SZ,19
000998.SZ,29
000998.SZ,8
000999.SZ,42
000999.SZ,19
000999.SZ,159
000999.SZ,21
000999.SZ,14
000999.SZ,25
001203.SZ,17
001203.SZ,20
001203.SZ,103
001203.SZ,17
001203.SZ,25
001203.SZ,29
001203.SZ,27
001203.SZ,17
001206.SZ,18
001206.SZ,31
001206.SZ,23
001206.SZ,22
001206.SZ,102
001206.SZ,36
001207.SZ,34
001207.SZ,17
001207.SZ,154
001207.SZ,20
001207.SZ,34
001207.SZ,19
001208.SZ,21
001208.SZ,17
001208.SZ,120
001208.SZ,20
001208.SZ,22
001208.SZ,24
001208.SZ,28
001209.SZ,44
001212.SZ,19
001212.SZ,55
001212.SZ,17
001212.SZ,19
001212.SZ,119
001212.SZ,22
001212.SZ,27
001212.SZ,27
001212.SZ,29
001215.SZ,34
001216.SZ,17
001216.SZ,22
001216.SZ,19
001216.SZ,37
001217.SZ,37
001217.SZ,169
001217.SZ,32
001222.SZ,25
001222.SZ,56
001225.SZ,35
001226.SZ,58
001227.SZ,13
001227.SZ,17
001227.SZ,19
001227.SZ,43
001227.SZ,162
001227.SZ,7
001227.SZ,34
001229.SZ,78
001230.SZ,185
001234.SZ,60
001234.SZ,129
001236.SZ,25
001236.SZ,17
001236.SZ,19
001236.SZ,26
001236.SZ,154
001236.SZ,53
001255.SZ,174
001255.SZ,22
001255.SZ,31
001258.SZ,19
001258.SZ,20
001258.SZ,190
001258.SZ,35
001258.SZ,17
001266.SZ,34
001266.SZ,27
001267.SZ,21
001267.SZ,25
001267.SZ,21
001267.SZ,108
001267.SZ,19
001267.SZ,23
001267.SZ,19
001267.SZ,27
001267.SZ,30
001268.SZ,37
001268.SZ,113
001268.SZ,46
001269.SZ,30
001277.SZ,26
001278.SZ,40
001282.SZ,214
001282.SZ,70
001283.SZ,41
001283.SZ,17
001283.SZ,19
001283.SZ,19
001283.SZ,135
001283.SZ,21
001283.SZ,58
001286.SZ,34
001286.SZ,8
001286.SZ,22
001286.SZ,112
001286.SZ,29
001286.SZ,19
001286.SZ,27
001286.SZ,17
001287.SZ,49
001287.SZ,18
001287.SZ,22
001287.SZ,12
001287.SZ,108
001287.SZ,20
001287.SZ,21
001287.SZ,63
001288.SZ,125
001288.SZ,35
001288.SZ,19
001289.SZ,218
001289.SZ,19
001296.SZ,49
001296.SZ,110
001296.SZ,24
001296.SZ,19
001298.SZ,44
001298.SZ,19
001298.SZ,24
001298.SZ,19
001298.SZ,132
001298.SZ,11
001298.SZ,56
001301.SZ,13
001301.SZ,9
001301.SZ,13
001301.SZ,21
001301.SZ,19
001301.SZ,112
001301.SZ,21
001301.SZ,51
001301.SZ,14
001306.SZ,64
001306.SZ,22
001306.SZ,19
001306.SZ,154
001309.SZ,23
001309.SZ,19
001309.SZ,45
001309.SZ,19
001309.SZ,110
001309.SZ,22
001309.SZ,17
001309.SZ,40
001309.SZ,19
001311.SZ,17
001311.SZ,21
001311.SZ,19
001314.SZ,21
001314.SZ,7
001314.SZ,37
001314.SZ,12
001314.SZ,7
001314.SZ,163
001314.SZ,42
001316.SZ,23
001316.SZ,21
001316.SZ,36
001316.SZ,117
001316.SZ,41
001316.SZ,18
001317.SZ,20
001317.SZ,24
001317.SZ,19
001317.SZ,21
001317.SZ,16
001317.SZ,119
001317.SZ,21
001317.SZ,28
001317.SZ,49
001318.SZ,61
001318.SZ,23
001318.SZ,110
001318.SZ,44
001319.SZ,96
001319.SZ,148
001319.SZ,34
001328.SZ,21
001330.SZ,33
001330.SZ,24
001330.SZ,110
001330.SZ,35
001330.SZ,17
001330.SZ,68
001331.SZ,140
001331.SZ,21
001331.SZ,27
001331.SZ,24
001332.SZ,57
001337.SZ,22
001337.SZ,19
001337.SZ,21
001337.SZ,34
001337.SZ,98
001337.SZ,17
001337.SZ,21
001337.SZ,19
001337.SZ,34
001337.SZ,37
001338.SZ,77
001338.SZ,124
001338.SZ,38
001338.SZ,43
001338.SZ,19
001339.SZ,52
001339.SZ,8
001339.SZ,7
001339.SZ,17
001339.SZ,17
001339.SZ,135
001339.SZ,21
001339.SZ,22
001339.SZ,15
001339.SZ,19
001359.SZ,17
001359.SZ,24
001359.SZ,115
001359.SZ,21
001359.SZ,19
001359.SZ,31
001360.SZ,23
001360.SZ,20
001360.SZ,27
001367.SZ,21
001367.SZ,231
001368.SZ,176
001376.SZ,21
001376.SZ,22
001376.SZ,29
001379.SZ,115
001379.SZ,21
001379.SZ,15
001380.SZ,155
001389.SZ,25
001389.SZ,19
001389.SZ,19
001389.SZ,17
001389.SZ,110
001389.SZ,17
001389.SZ,21
001389.SZ,7
001389.SZ,19
001389.SZ,34
001389.SZ,17
001391.SZ,7
001391.SZ,165
001400.SZ,21
001400.SZ,27
001400.SZ,17
001696.SZ,48
001696.SZ,8
001696.SZ,19
001696.SZ,17
001696.SZ,10
001696.SZ,129
001696.SZ,11
001696.SZ,7
001696.SZ,45
001872.SZ,173
001896.SZ,45
001896.SZ,17
001896.SZ,28
001896.SZ,144
001896.SZ,17
001896.SZ,32
001896.SZ,17
001914.SZ,37
001914.SZ,39
001914.SZ,154
001914.SZ,20
001965.SZ,195
001965.SZ,35
001965.SZ,10
001979.SZ,17
001979.SZ,7
001979.SZ,15
001979.SZ,21
001979.SZ,110
001979.SZ,33
001979.SZ,10
001979.SZ,19
002001.SZ,20
002001.SZ,17
002001.SZ,27
002001.SZ,19
002004.SZ,50
002004.SZ,20
002006.SZ,21
002006.SZ,52
002007.SZ,18
002007.SZ,65
002008.SZ,21
002008.SZ,17
002008.SZ,32
002008.SZ,30
002009.SZ,21
002009.SZ,19
002009.SZ,63
002010.SZ,19
002010.SZ,27
002011.SZ,13
002011.SZ,37
002011.SZ,19
002012.SZ,28
002015.SZ,14
002015.SZ,23
002015.SZ,27
002015.SZ,17
002017.SZ,22
002017.SZ,38
002019.SZ,31
002019.SZ,19
002020.SZ,70
002020.SZ,17
002021.SZ,39
002023.SZ,10
002023.SZ,19
002025.SZ,21
002025.SZ,42
002025.SZ,8
002025.SZ,17
002026.SZ,19
002027.SZ,9
002028.SZ,18
002028.SZ,17
002028.SZ,27
002029.SZ,22
002029.SZ,70
002031.SZ,21
002033.SZ,11
002033.SZ,61
002036.SZ,17
002036.SZ,39
002038.SZ,18
002038.SZ,63
002039.SZ,17
002040.SZ,33
002041.SZ,25
002042.SZ,17
002042.SZ,10
002042.SZ,21
002043.SZ,17
002044.SZ,18
002045.SZ,9
002046.SZ,21
002046.SZ,39
002046.SZ,40
002048.SZ,21
002048.SZ,18
002048.SZ,61
002050.SZ,21
002051.SZ,33
002051.SZ,12
002051.SZ,22
002052.SZ,21
002052.SZ,36
002052.SZ,20
002053.SZ,7
002053.SZ,17
002054.SZ,25
002056.SZ,17
002056.SZ,8
002056.SZ,20
002056.SZ,27
002057.SZ,7
002057.SZ,29
002060.SZ,8
002061.SZ,14
002062.SZ,13
002062.SZ,19
002063.SZ,7
002063.SZ,17
002063.SZ,36
002063.SZ,19
002064.SZ,21
002064.SZ,39
002064.SZ,43
002065.SZ,17
002067.SZ,21
002067.SZ,22
002067.SZ,27
002068.SZ,30
002073.SZ,15
002073.SZ,69
002074.SZ,21
002074.SZ,49
002074.SZ,18
002075.SZ,13
002075.SZ,10
002075.SZ,33
002077.SZ,7
002077.SZ,18
002077.SZ,47
002078.SZ,22
002078.SZ,8
002078.SZ,27
002079.SZ,19
002080.SZ,17
002080.SZ,19
002080.SZ,28
002080.SZ,29
002082.SZ,19
002082.SZ,40
002082.SZ,17
002083.SZ,21
002083.SZ,59
002083.SZ,17
002085.SZ,7
002085.SZ,30
002085.SZ,27
002090.SZ,19
002090.SZ,38
002091.SZ,21
002091.SZ,37
002091.SZ,14
002091.SZ,19
002092.SZ,21
002092.SZ,17
002092.SZ,27
002094.SZ,17
002097.SZ,9
002099.SZ,25
002099.SZ,33
002100.SZ,19
002100.SZ,34
002100.SZ,7
002100.SZ,23
002102.SZ,20
002102.SZ,29
002103.SZ,19
002104.SZ,44
002104.SZ,29
002106.SZ,27
002106.SZ,19
002108.SZ,14
002108.SZ,20
002108.SZ,27
002108.SZ,19
002108.SZ,23
002110.SZ,34
002112.SZ,17
002112.SZ,32
002114.SZ,19
002114.SZ,29
002115.SZ,23
002115.SZ,35
002115.SZ,40
002119.SZ,17
002119.SZ,55
002119.SZ,21
002120.SZ,17
002120.SZ,19
002120.SZ,16
002121.SZ,9
002121.SZ,41
002121.SZ,17
002123.SZ,21
002125.SZ,21
002125.SZ,40
002125.SZ,19
002126.SZ,21
002126.SZ,17
002126.SZ,27
002128.SZ,21
002128.SZ,38
002129.SZ,13
002129.SZ,15
002129.SZ,19
002130.SZ,9
002130.SZ,61
002131.SZ,26
002131.SZ,17
002131.SZ,55
002132.SZ,39
002132.SZ,20
002134.SZ,21
002135.SZ,27
002135.SZ,29
002136.SZ,17
002136.SZ,32
002136.SZ,17
002137.SZ,13
002137.SZ,17
002138.SZ,9
002138.SZ,19
002138.SZ,27
002139.SZ,13
002139.SZ,8
002139.SZ,51
002140.SZ,33
002140.SZ,7
002142.SZ,16
002142.SZ,19
002145.SZ,16
002145.SZ,20
002145.SZ,28
002146.SZ,25
002146.SZ,33
002149.SZ,29
002149.SZ,17
002149.SZ,41
002150.SZ,17
002150.SZ,27
002150.SZ,19
002151.SZ,21
002151.SZ,45
002151.SZ,17
002152.SZ,21
002152.SZ,39
002153.SZ,23
002155.SZ,11
002155.SZ,34
002155.SZ,55
002156.SZ,21
002156.SZ,37
002156.SZ,41
002157.SZ,39
002158.SZ,17
002158.SZ,20
002160.SZ,21
002160.SZ,42
002160.SZ,32
002161.SZ,27
002162.SZ,25
002162.SZ,27
002163.SZ,41
002164.SZ,57
002165.SZ,14
002165.SZ,17
002165.SZ,39
002166.SZ,43
002167.SZ,17
002167.SZ,34
002169.SZ,21
002169.SZ,23
002169.SZ,27
002170.SZ,14
002170.SZ,7
002170.SZ,17
002170.SZ,27
002171.SZ,21
002173.SZ,21
002173.SZ,37
002173.SZ,19
002174.SZ,25
002174.SZ,75
002176.SZ,17
002176.SZ,33
002176.SZ,19
002176.SZ,17
002177.SZ,36
002177.SZ,28
002179.SZ,21
002179.SZ,38
002179.SZ,13
002179.SZ,28
002180.SZ,21
002180.SZ,17
002181.SZ,9
002181.SZ,19
002181.SZ,47
002181.SZ,23
002182.SZ,21
002182.SZ,24
002182.SZ,27
002183.SZ,21
002183.SZ,56
002183.SZ,17
002185.SZ,7
002185.SZ,17
002185.SZ,27
002187.SZ,21
002190.SZ,10
002190.SZ,50
002192.SZ,21
002192.SZ,37
002192.SZ,19
002192.SZ,17
002194.SZ,17
002194.SZ,47
002195.SZ,21
002195.SZ,36
002195.SZ,17
002196.SZ,21
002196.SZ,22
002196.SZ,57
002197.SZ,28
002197.SZ,27
002198.SZ,23
002201.SZ,19
002201.SZ,64
002202.SZ,21
002202.SZ,38
002202.SZ,19
002203.SZ,21
002203.SZ,53
002203.SZ,19
002204.SZ,24
002204.SZ,50
002204.SZ,26
002206.SZ,19
002207.SZ,17
002207.SZ,28
002208.SZ,21
002208.SZ,19
002208.SZ,25
002212.SZ,10
002212.SZ,61
002213.SZ,17
002213.SZ,35
002213.SZ,19
002213.SZ,21
002215.SZ,17
002215.SZ,12
002216.SZ,21
002216.SZ,27
002218.SZ,9
002218.SZ,19
002218.SZ,17
002218.SZ,39
002219.SZ,40
002219.SZ,17
002219.SZ,19
002221.SZ,19
002221.SZ,17
002222.SZ,19
002222.SZ,17
002222.SZ,41
002223.SZ,10
002223.SZ,19
002225.SZ,16
002225.SZ,21
002226.SZ,7
002226.SZ,17
002226.SZ,25
002229.SZ,19
002229.SZ,17
002229.SZ,27
002229.SZ,28
002230.SZ,11
002230.SZ,20
002233.SZ,9
002235.SZ,26
002235.SZ,27
002235.SZ,30
002236.SZ,7
002236.SZ,9
002236.SZ,77
002237.SZ,21
002237.SZ,17
002237.SZ,62
002238.SZ,24
002239.SZ,7
002239.SZ,7
002239.SZ,17
002239.SZ,29
002240.SZ,21
002240.SZ,21
002240.SZ,27
002240.SZ,17
002241.SZ,7
002243.SZ,21
002243.SZ,41
002244.SZ,20
002244.SZ,17
002245.SZ,21
002245.SZ,37
002245.SZ,14
002245.SZ,19
002246.SZ,21
002246.SZ,40
002246.SZ,17
002248.SZ,19
002248.SZ,16
002248.SZ,27
002249.SZ,21
002250.SZ,21
002250.SZ,18
002250.SZ,53
002252.SZ,49
002254.SZ,19
002254.SZ,29
002255.SZ,21
002255.SZ,38
002255.SZ,15
002256.SZ,17
002256.SZ,42
002256.SZ,19
002258.SZ,17
002258.SZ,19
002258.SZ,28
002259.SZ,28
002261.SZ,21
002261.SZ,24
002261.SZ,15
002261.SZ,19
002262.SZ,78
002263.SZ,10
002263.SZ,37
002263.SZ,14
002263.SZ,19
002264.SZ,19
002265.SZ,10
002265.SZ,52
002265.SZ,23
002266.SZ,9
002266.SZ,15
002266.SZ,19
002266.SZ,28
002268.SZ,45
002268.SZ,27
002269.SZ,44
002269.SZ,35
002270.SZ,9
002270.SZ,19
002270.SZ,17
002270.SZ,27
002271.SZ,11
002271.SZ,14
002271.SZ,17
002271.SZ,61
002272.SZ,21
002272.SZ,21
002272.SZ,25
002272.SZ,33
002273.SZ,21
002273.SZ,17
002273.SZ,27
002273.SZ,28
002276.SZ,21
002276.SZ,23
002277.SZ,19
002278.SZ,24
002278.SZ,19
002279.SZ,21
002279.SZ,19
002279.SZ,58
002281.SZ,21
002281.SZ,36
002281.SZ,17
002281.SZ,19
002283.SZ,27
002283.SZ,29
002284.SZ,19
002285.SZ,23
002286.SZ,27
002290.SZ,21
002290.SZ,17
002290.SZ,27
002290.SZ,28
002291.SZ,17
002291.SZ,19
002291.SZ,57
002292.SZ,29
002294.SZ,27
002294.SZ,17
002295.SZ,29
002296.SZ,17
002297.SZ,21
002297.SZ,17
002297.SZ,33
002297.SZ,29
002298.SZ,17
002298.SZ,36
002298.SZ,10
002298.SZ,17
002299.SZ,19
002299.SZ,11
002299.SZ,27
002299.SZ,28
002300.SZ,36
002301.SZ,17
002304.SZ,7
002304.SZ,7
002304.SZ,69
002307.SZ,19
002307.SZ,27
002307.SZ,23
002309.SZ,27
002309.SZ,17
002310.SZ,25
002310.SZ,19
002311.SZ,36
002311.SZ,27
002311.SZ,9
002312.SZ,15
002312.SZ,35
002312.SZ,17
002314.SZ,9
002315.SZ,21
002315.SZ,78
002316.SZ,53
002317.SZ,17
002317.SZ,64
002318.SZ,21
002318.SZ,17
002318.SZ,28
002319.SZ,35
002323.SZ,25
002323.SZ,19
002326.SZ,21
002326.SZ,21
002326.SZ,49
002328.SZ,11
002328.SZ,34
002328.SZ,29
002334.SZ,11
002334.SZ,16
002334.SZ,29
002335.SZ,21
002335.SZ,23
002335.SZ,27
002337.SZ,35
002338.SZ,66
002338.SZ,37
002339.SZ,19
002339.SZ,17
002340.SZ,21
002340.SZ,23
002342.SZ,21
002342.SZ,19
002342.SZ,55
002343.SZ,22
002344.SZ,28
002345.SZ,19
002345.SZ,63
002346.SZ,42
002348.SZ,32
002348.SZ,19
002349.SZ,66
002350.SZ,17
002350.SZ,27
002350.SZ,19
002352.SZ,14
002352.SZ,8
002352.SZ,52
002352.SZ,18
002353.SZ,21
002353.SZ,17
002353.SZ,27
002353.SZ,29
002354.SZ,21
002354.SZ,77
002355.SZ,21
002355.SZ,29
002356.SZ,45
002357.SZ,19
002357.SZ,27
002358.SZ,19
002358.SZ,17
002358.SZ,27
002361.SZ,38
002361.SZ,50
002364.SZ,21
002364.SZ,24
002364.SZ,27
002366.SZ,17
002366.SZ,39
002366.SZ,7
002368.SZ,17
002368.SZ,63
002370.SZ,17
002370.SZ,66
002371.SZ,21
002371.SZ,59
002372.SZ,8
002372.SZ,19
002373.SZ,21
002374.SZ,35
002378.SZ,21
002378.SZ,17
002378.SZ,27
002379.SZ,21
002379.SZ,21
002379.SZ,25
002379.SZ,33
002380.SZ,27
002382.SZ,19
002383.SZ,63
002384.SZ,45
002384.SZ,27
002384.SZ,21
002385.SZ,10
002385.SZ,17
002385.SZ,36
002386.SZ,7
002386.SZ,19
002386.SZ,15
002386.SZ,19
002386.SZ,17
002387.SZ,11
002387.SZ,21
002389.SZ,10
002389.SZ,53
002390.SZ,69
002394.SZ,64
002396.SZ,45
002396.SZ,27
002398.SZ,19
002400.SZ,21
002400.SZ,21
002402.SZ,86
002405.SZ,21
002405.SZ,17
002405.SZ,28
002406.SZ,35
002407.SZ,47
002407.SZ,28
002407.SZ,19
002408.SZ,27
002408.SZ,29
002409.SZ,21
002409.SZ,36
002410.SZ,9
002410.SZ,19
002413.SZ,23
002413.SZ,33
002414.SZ,17
002415.SZ,7
002415.SZ,9
002415.SZ,19
002415.SZ,37
002416.SZ,10
002416.SZ,19
002416.SZ,28
002416.SZ,43
002418.SZ,24
002418.SZ,20
002418.SZ,27
002418.SZ,21
002419.SZ,31
002419.SZ,46
002420.SZ,35
002422.SZ,19
002422.SZ,39
002422.SZ,19
002423.SZ,17
002423.SZ,52
002426.SZ,21
002426.SZ,19
002426.SZ,29
002427.SZ,19
002427.SZ,34
002428.SZ,21
002428.SZ,36
002428.SZ,17
002428.SZ,21
002429.SZ,21
002429.SZ,19
002429.SZ,30
002429.SZ,33
002430.SZ,21
002430.SZ,36
002430.SZ,17
002431.SZ,42
002432.SZ,19
002432.SZ,28
002432.SZ,17
002432.SZ,19
002434.SZ,20
002436.SZ,21
002436.SZ,36
002437.SZ,19
002437.SZ,46
002438.SZ,21
002438.SZ,9
002438.SZ,7
002438.SZ,29
002439.SZ,7
002439.SZ,32
002439.SZ,27
002440.SZ,27
002441.SZ,27
002443.SZ,36
002443.SZ,17
002444.SZ,17
002445.SZ,9
002445.SZ,18
002445.SZ,45
002446.SZ,24
002446.SZ,46
002448.SZ,21
002448.SZ,19
002448.SZ,25
002448.SZ,33
002451.SZ,56
002452.SZ,19
002452.SZ,17
002452.SZ,27
002453.SZ,62
002455.SZ,16
002455.SZ,27
002455.SZ,17
002455.SZ,19
002456.SZ,58
002457.SZ,27
002458.SZ,34
002459.SZ,17
002459.SZ,19
002459.SZ,27
002460.SZ,21
002460.SZ,39
002460.SZ,17
002460.SZ,20
002462.SZ,19
002463.SZ,21
002463.SZ,37
002463.SZ,19
002463.SZ,23
002465.SZ,21
002465.SZ,42
002466.SZ,21
002466.SZ,41
002466.SZ,27
002467.SZ,9
002467.SZ,19
002467.SZ,27
002467.SZ,21
002468.SZ,37
002468.SZ,19
002468.SZ,17
002469.SZ,36
002470.SZ,9
002470.SZ,27
002470.SZ,20
002471.SZ,21
002471.SZ,17
002471.SZ,32
002471.SZ,18
002472.SZ,21
002475.SZ,65
002475.SZ,19
002476.SZ,49
002478.SZ,21
002478.SZ,17
002478.SZ,27
002483.SZ,35
002484.SZ,21
002484.SZ,37
002484.SZ,42
002487.SZ,19
002487.SZ,27
002487.SZ,18
002488.SZ,21
002488.SZ,17
002488.SZ,28
002490.SZ,21
002490.SZ,35
002490.SZ,20
002491.SZ,16
002491.SZ,27
002491.SZ,17
002491.SZ,20
002492.SZ,34
002493.SZ,21
002493.SZ,17
002493.SZ,28
002497.SZ,26
002497.SZ,19
002497.SZ,46
002498.SZ,8
002498.SZ,20
002498.SZ,28
002498.SZ,20
002500.SZ,17
002501.SZ,17
002501.SZ,66
002506.SZ,21
002506.SZ,19
002506.SZ,27
002506.SZ,17
002507.SZ,19
002507.SZ,9
002507.SZ,41
002508.SZ,9
002508.SZ,28
002510.SZ,10
002510.SZ,35
002510.SZ,27
002511.SZ,28
002511.SZ,17
002511.SZ,20
002513.SZ,25
002515.SZ,57
002516.SZ,19
002517.SZ,17
002517.SZ,20
002517.SZ,56
002518.SZ,19
002518.SZ,17
002518.SZ,27
002519.SZ,23
002519.SZ,19
002519.SZ,48
002520.SZ,35
002520.SZ,27
002522.SZ,19
002522.SZ,29
002522.SZ,17
002522.SZ,26
002523.SZ,21
002523.SZ,38
002526.SZ,19
002526.SZ,17
002526.SZ,29
002527.SZ,21
002530.SZ,21
002531.SZ,19
002531.SZ,28
002531.SZ,17
002531.SZ,19
002532.SZ,21
002532.SZ,42
002532.SZ,29
002533.SZ,17
002533.SZ,19
002533.SZ,27
002534.SZ,20
002534.SZ,28
002534.SZ,36
002536.SZ,30
002536.SZ,27
002536.SZ,17
002537.SZ,22
002537.SZ,19
002537.SZ,25
002539.SZ,21
002539.SZ,17
002539.SZ,28
002540.SZ,7
002540.SZ,38
002541.SZ,30
002545.SZ,21
002545.SZ,17
002545.SZ,27
002546.SZ,9
002546.SZ,19
002546.SZ,27
002548.SZ,21
002548.SZ,19
002548.SZ,30
002549.SZ,17
002549.SZ,40
002549.SZ,36
002552.SZ,19
002553.SZ,14
002553.SZ,7
002553.SZ,36
002553.SZ,37
002554.SZ,19
002555.SZ,21
002555.SZ,72
002556.SZ,29
002557.SZ,17
002558.SZ,17
002558.SZ,69
002559.SZ,9
002559.SZ,48
002559.SZ,34
002560.SZ,21
002560.SZ,24
002560.SZ,27
002560.SZ,20
002562.SZ,17
002562.SZ,8
002562.SZ,27
002563.SZ,7
002563.SZ,53
002564.SZ,19
002565.SZ,36
002565.SZ,42
002565.SZ,21
002568.SZ,9
002568.SZ,27
002570.SZ,46
002571.SZ,50
002572.SZ,8
002572.SZ,28
002575.SZ,17
002575.SZ,17
002575.SZ,27
002575.SZ,19
002578.SZ,31
002578.SZ,30
002578.SZ,34
002579.SZ,21
002579.SZ,36
002579.SZ,15
002579.SZ,21
002580.SZ,27
002580.SZ,17
002582.SZ,17
002582.SZ,64
002583.SZ,11
002583.SZ,52
002583.SZ,37
002584.SZ,14
002585.SZ,21
002585.SZ,24
002585.SZ,27
002587.SZ,22
002587.SZ,33
002587.SZ,20
002588.SZ,31
002588.SZ,7
002589.SZ,79
002594.SZ,66
002594.SZ,7
002594.SZ,17
002595.SZ,23
002595.SZ,7
002595.SZ,27
002597.SZ,8
002597.SZ,27
002597.SZ,37
002600.SZ,14
002600.SZ,58
002601.SZ,21
002601.SZ,21
002602.SZ,21
002602.SZ,18
002602.SZ,54
002603.SZ,15
002603.SZ,17
002603.SZ,52
002606.SZ,27
002607.SZ,26
002607.SZ,32
002608.SZ,20
002608.SZ,15
002608.SZ,14
002608.SZ,17
002611.SZ,21
002611.SZ,63
002611.SZ,7
002612.SZ,12
002612.SZ,28
002617.SZ,14
002617.SZ,23
002617.SZ,35
002624.SZ,21
002624.SZ,18
002624.SZ,33
002624.SZ,21
002625.SZ,52
002626.SZ,37
002627.SZ,20
002627.SZ,45
002628.SZ,19
002629.SZ,29
002629.SZ,19
002629.SZ,21
002631.SZ,21
002632.SZ,39
002632.SZ,17
002634.SZ,48
002635.SZ,36
002635.SZ,34
002636.SZ,21
002636.SZ,19
002636.SZ,27
002636.SZ,17
002637.SZ,29
002638.SZ,39
002638.SZ,20
002639.SZ,24
002639.SZ,39
002639.SZ,31
002640.SZ,14
002640.SZ,86
002642.SZ,27
002643.SZ,21
002643.SZ,24
002643.SZ,55
002645.SZ,16
002645.SZ,20
002645.SZ,30
002645.SZ,20
002648.SZ,21
002648.SZ,17
002648.SZ,27
002648.SZ,19
002649.SZ,46
002652.SZ,20
002653.SZ,62
002653.SZ,21
002654.SZ,17
002654.SZ,32
002654.SZ,20
002655.SZ,32
002655.SZ,27
002655.SZ,17
002657.SZ,21
002658.SZ,19
002658.SZ,27
002659.SZ,17
002664.SZ,21
002664.SZ,18
002667.SZ,17
002667.SZ,20
002667.SZ,27
002669.SZ,17
002669.SZ,33
002670.SZ,30
002673.SZ,7
002673.SZ,17
002675.SZ,57
002675.SZ,19
002676.SZ,19
002678.SZ,52
002681.SZ,8
002681.SZ,44
002682.SZ,59
002683.SZ,21
002683.SZ,46
002685.SZ,29
002685.SZ,27
002685.SZ,21
002692.SZ,22
002698.SZ,14
002701.SZ,21
002703.SZ,18
002703.SZ,21
002703.SZ,32
002706.SZ,21
002706.SZ,24
002706.SZ,27
002707.SZ,17
002708.SZ,19
002708.SZ,31
002709.SZ,21
002709.SZ,28
002709.SZ,27
002709.SZ,19
002712.SZ,19
002714.SZ,60
002714.SZ,7
002716.SZ,21
002716.SZ,37
002718.SZ,64
002721.SZ,17
002723.SZ,32
002725.SZ,47
002725.SZ,17
002727.SZ,17
002728.SZ,13
002728.SZ,17
002728.SZ,43
002729.SZ,19
002729.SZ,41
002729.SZ,17
002730.SZ,19
002733.SZ,9
002733.SZ,41
002733.SZ,19
002733.SZ,23
002734.SZ,14
002734.SZ,17
002734.SZ,27
002735.SZ,22
002735.SZ,34
002736.SZ,71
002738.SZ,21
002738.SZ,37
002738.SZ,42
002739.SZ,24
002739.SZ,14
002739.SZ,61
002741.SZ,14
002741.SZ,36
002745.SZ,13
002745.SZ,65
002747.SZ,21
002748.SZ,50
002755.SZ,72
002756.SZ,26
002756.SZ,34
002756.SZ,17
002757.SZ,64
002758.SZ,31
002759.SZ,45
002759.SZ,35
002759.SZ,17
002765.SZ,21
002767.SZ,17
002767.SZ,21
002768.SZ,18
002768.SZ,27
002769.SZ,23
002769.SZ,40
002772.SZ,17
002772.SZ,19
002772.SZ,27
002773.SZ,81
002779.SZ,77
002780.SZ,36
002782.SZ,7
002782.SZ,17
002782.SZ,27
002782.SZ,20
002783.SZ,21
002783.SZ,29
002783.SZ,27
002785.SZ,21
002785.SZ,17
002787.SZ,21
002787.SZ,38
002788.SZ,91
002791.SZ,7
002791.SZ,27
002792.SZ,24
002792.SZ,66
002795.SZ,17
002795.SZ,32
002795.SZ,20
002795.SZ,17
002796.SZ,21
002796.SZ,24
002796.SZ,27
002797.SZ,7
002797.SZ,43
002797.SZ,17
002797.SZ,26
002800.SZ,26
002800.SZ,27
002800.SZ,21
002803.SZ,17
002803.SZ,46
002805.SZ,25
002805.SZ,39
002805.SZ,21
002806.SZ,19
002806.SZ,29
002807.SZ,7
002807.SZ,35
002807.SZ,27
002810.SZ,19
002810.SZ,25
002810.SZ,19
002811.SZ,47
002812.SZ,22
002812.SZ,27
002812.SZ,19
002815.SZ,15
002815.SZ,20
002815.SZ,28
002821.SZ,9
002821.SZ,19
002821.SZ,44
002821.SZ,19
002824.SZ,27
002824.SZ,35
002826.SZ,17
002827.SZ,32
002828.SZ,19
002828.SZ,17
002828.SZ,27
002828.SZ,21
002829.SZ,62
002831.SZ,7
002831.SZ,27
002831.SZ,22
002832.SZ,17
002837.SZ,30
002837.SZ,29
002837.SZ,20
002838.SZ,36
002839.SZ,7
002839.SZ,35
002839.SZ,21
002840.SZ,36
002840.SZ,9
002840.SZ,7
002842.SZ,21
002842.SZ,17
002842.SZ,27
002842.SZ,34
002843.SZ,36
002843.SZ,20
002845.SZ,28
002845.SZ,31
002847.SZ,7
002847.SZ,24
002849.SZ,19
002849.SZ,25
002850.SZ,21
002850.SZ,18
002850.SZ,48
002851.SZ,21
002851.SZ,17
002851.SZ,29
002853.SZ,20
002857.SZ,49
002858.SZ,39
002859.SZ,19
002859.SZ,41
002861.SZ,25
002864.SZ,18
002865.SZ,21
002865.SZ,17
002866.SZ,21
002866.SZ,17
002866.SZ,33
002866.SZ,17
002869.SZ,58
002870.SZ,19
002876.SZ,20
002877.SZ,49
002878.SZ,21
002878.SZ,19
002878.SZ,50
002879.SZ,21
002879.SZ,28
002881.SZ,9
002881.SZ,32
002881.SZ,17
002882.SZ,17
002885.SZ,21
002885.SZ,24
002885.SZ,27
002886.SZ,20
002886.SZ,33
002891.SZ,86
002893.SZ,64
002895.SZ,17
002895.SZ,33
002895.SZ,17
002896.SZ,21
002896.SZ,25
002896.SZ,41
002897.SZ,21
002897.SZ,18
002897.SZ,27
002899.SZ,20
002899.SZ,71
002902.SZ,71
002902.SZ,17
002903.SZ,43
002903.SZ,17
002903.SZ,26
002906.SZ,17
002906.SZ,39
002910.SZ,20
002913.SZ,23
002913.SZ,22
002913.SZ,27
002913.SZ,28
002915.SZ,21
002916.SZ,21
002916.SZ,18
002916.SZ,27
002919.SZ,17
002919.SZ,27
002920.SZ,21
002921.SZ,28
002921.SZ,20
002922.SZ,21
002922.SZ,17
002922.SZ,27
002923.SZ,26
002925.SZ,17
002925.SZ,21
002925.SZ,27
002926.SZ,22
002927.SZ,24
002927.SZ,42
002928.SZ,21
002928.SZ,16
002928.SZ,63
002929.SZ,17
002929.SZ,19
002929.SZ,27
002929.SZ,21
002930.SZ,29
002930.SZ,17
002933.SZ,38
002935.SZ,21
002936.SZ,23
002936.SZ,35
002937.SZ,23
002937.SZ,19
002937.SZ,27
002937.SZ,22
002938.SZ,17
002938.SZ,19
002938.SZ,49
002940.SZ,81
002941.SZ,11
002941.SZ,12
002941.SZ,43
002941.SZ,20
002943.SZ,17
002943.SZ,19
002945.SZ,76
002946.SZ,10
002946.SZ,62
002947.SZ,34
002947.SZ,29
002947.SZ,13
002948.SZ,19
002948.SZ,49
002950.SZ,21
002952.SZ,33
002952.SZ,24
002953.SZ,30
002957.SZ,17
002957.SZ,19
002957.SZ,49
002958.SZ,14
002958.SZ,31
002960.SZ,19
002960.SZ,30
002960.SZ,27
002961.SZ,60
002961.SZ,7
002965.SZ,21
002965.SZ,38
002966.SZ,23
002966.SZ,7
002966.SZ,35
002966.SZ,14
002967.SZ,21
002967.SZ,17
002969.SZ,37
002970.SZ,17
002970.SZ,19
002970.SZ,27
002971.SZ,32
002975.SZ,17
002975.SZ,21
002975.SZ,55
002978.SZ,17
002978.SZ,33
002979.SZ,21
002979.SZ,78
002983.SZ,18
002983.SZ,7
002983.SZ,39
002984.SZ,29
002984.SZ,63
002985.SZ,17
002985.SZ,19
002987.SZ,21
002992.SZ,39
002993.SZ,24
002993.SZ,27
002993.SZ,28
002995.SZ,53
002995.SZ,22
002996.SZ,38
003002.SZ,22
003007.SZ,34
003007.SZ,36
003009.SZ,66
003010.SZ,17
003010.SZ,54
003010.SZ,21
003015.SZ,25
003018.SZ,20
003018.SZ,27
003018.SZ,22
003021.SZ,21
003021.SZ,50
003022.SZ,14
003022.SZ,37
003022.SZ,19
003022.SZ,23
003026.SZ,39
003026.SZ,14
003029.SZ,35
003031.SZ,17
003031.SZ,34
003031.SZ,22
003033.SZ,21
003035.SZ,25
003035.SZ,19
003036.SZ,17
003039.SZ,56
003041.SZ,21
003041.SZ,21
003041.SZ,34
003043.SZ,45
003816.SZ,14
003816.SZ,17
003816.SZ,24
003816.SZ,7
003816.SZ,16
600000.SH,19
600000.SH,20
600000.SH,7
600000.SH,17
600000.SH,25
600000.SH,17
600000.SH,20
600000.SH,34
600000.SH,58
600000.SH,17
600000.SH,72
600000.SH,20
600004.SH,49
600004.SH,10
600004.SH,27
600004.SH,9
600004.SH,47
600004.SH,14
600004.SH,7
600004.SH,43
600004.SH,33
600004.SH,20
600006.SH,53
600006.SH,10
600006.SH,18
600006.SH,12
600006.SH,34
600006.SH,7
600006.SH,27
600006.SH,17
600006.SH,54
600006.SH,7
600008.SH,17
600008.SH,11
600008.SH,31
600008.SH,11
600008.SH,25
600008.SH,7
600008.SH,21
600008.SH,27
600008.SH,14
600008.SH,74
600008.SH,15
600008.SH,9
600008.SH,27
600008.SH,14
600009.SH,8
600009.SH,20
600009.SH,30
600009.SH,7
600009.SH,20
600009.SH,18
600009.SH,23
600009.SH,44
600009.SH,10
600009.SH,38
600009.SH,21
600010.SH,26
600010.SH,21
600010.SH,10
600010.SH,19
600010.SH,20
600010.SH,52
600010.SH,19
600010.SH,69
600010.SH,7
600010.SH,17
600010.SH,27
600010.SH,42
600011.SH,47
600011.SH,26
600011.SH,9
600011.SH,22
600011.SH,18
600011.SH,45
600011.SH,19
600011.SH,22
600011.SH,20
600011.SH,66
600011.SH,7
600011.SH,19
600012.SH,18
600012.SH,139
600015.SH,7
600015.SH,13
600015.SH,11
600015.SH,52
600015.SH,59
600015.SH,19
600015.SH,9
600015.SH,39
600015.SH,46
600015.SH,17
600015.SH,11
600015.SH,18
600016.SH,17
600016.SH,8
600016.SH,7
600016.SH,17
600016.SH,7
600016.SH,19
600016.SH,91
600016.SH,19
600016.SH,10
600016.SH,54
600016.SH,23
600016.SH,28
600017.SH,28
600017.SH,41
600017.SH,35
600017.SH,71
600017.SH,84
600017.SH,28
600017.SH,15
600018.SH,22
600018.SH,18
600018.SH,21
600018.SH,37
600018.SH,55
600018.SH,9
600018.SH,7
600018.SH,11
600018.SH,23
600018.SH,20
600018.SH,69
600018.SH,17
600019.SH,48
600019.SH,19
600019.SH,17
600019.SH,63
600019.SH,21
600019.SH,7
600019.SH,50
600019.SH,25
600019.SH,38
600021.SH,20
600021.SH,33
600021.SH,13
600021.SH,7
600021.SH,14
600021.SH,17
600021.SH,19
600021.SH,21
600021.SH,27
600021.SH,17
600021.SH,43
600021.SH,21
600021.SH,42
600022.SH,45
600022.SH,30
600022.SH,19
600022.SH,11
600022.SH,35
600022.SH,24
600022.SH,10
600022.SH,7
600022.SH,27
600022.SH,20
600023.SH,24
600023.SH,20
600023.SH,33
600023.SH,45
600023.SH,18
600023.SH,10
600023.SH,27
600023.SH,19
600023.SH,21
600023.SH,43
600023.SH,9
600023.SH,7
600023.SH,14
600025.SH,10
600025.SH,29
600025.SH,35
600025.SH,29
600025.SH,19
600025.SH,18
600025.SH,17
600025.SH,10
600025.SH,41
600025.SH,41
600025.SH,45
600025.SH,19
600026.SH,31
600026.SH,41
600026.SH,27
600026.SH,16
600026.SH,19
600026.SH,27
600026.SH,9
600026.SH,19
600026.SH,29
600026.SH,21
600026.SH,19
600026.SH,17
600026.SH,27
600027.SH,33
600027.SH,20
600027.SH,32
600027.SH,24
600027.SH,52
600027.SH,7
600027.SH,43
600027.SH,76
600027.SH,8
600027.SH,19
600028.SH,17
600028.SH,12
600028.SH,29
600028.SH,11
600028.SH,31
600028.SH,63
600028.SH,19
600028.SH,8
600028.SH,19
600028.SH,21
600028.SH,22
600028.SH,17
600028.SH,24
600029.SH,9
600029.SH,21
600029.SH,42
600029.SH,21
600029.SH,12
600029.SH,14
600029.SH,9
600029.SH,28
600029.SH,19
600029.SH,17
600029.SH,27
600029.SH,21
600029.SH,28
600029.SH,63
600030.SH,24
600030.SH,11
600030.SH,8
600030.SH,17
600030.SH,12
600030.SH,19
600030.SH,7
600030.SH,7
600030.SH,35
600030.SH,25
600030.SH,45
600030.SH,9
600030.SH,9
600030.SH,11
600030.SH,23
600031.SH,51
600031.SH,7
600031.SH,12
600031.SH,17
600031.SH,15
600031.SH,19
600031.SH,9
600031.SH,10
600031.SH,25
600031.SH,41
600031.SH,22
600031.SH,11
600031.SH,7
600031.SH,10
600031.SH,19
600031.SH,56
600032.SH,154
600032.SH,83
600032.SH,50
600032.SH,19
600033.SH,17
600033.SH,19
600033.SH,17
600033.SH,48
600033.SH,34
600033.SH,19
600036.SH,19
600036.SH,14
600036.SH,12
600036.SH,17
600036.SH,97
600036.SH,19
600036.SH,17
600036.SH,40
600036.SH,59
600036.SH,19
600036.SH,21
600037.SH,19
600037.SH,17
600037.SH,11
600037.SH,45
600037.SH,85
600037.SH,19
600037.SH,13
600037.SH,37
600038.SH,22
600038.SH,22
600038.SH,19
600038.SH,15
600038.SH,20
600038.SH,57
600038.SH,31
600038.SH,35
600038.SH,10
600038.SH,10
600038.SH,19
600038.SH,17
600039.SH,21
600039.SH,14
600039.SH,24
600039.SH,50
600039.SH,17
600039.SH,40
600039.SH,8
600039.SH,19
600039.SH,22
600039.SH,19
600039.SH,10
600039.SH,53
600039.SH,28
600048.SH,21
600048.SH,17
600048.SH,22
600048.SH,46
600048.SH,98
600048.SH,17
600048.SH,19
600050.SH,55
600050.SH,17
600050.SH,19
600050.SH,8
600050.SH,20
600050.SH,71
600050.SH,47
600050.SH,58
600050.SH,8
600053.SH,18
600053.SH,21
600053.SH,25
600053.SH,20
600053.SH,17
600053.SH,62
600053.SH,20
600053.SH,50
600053.SH,19
600054.SH,55
600054.SH,19
600054.SH,11
600054.SH,132
600054.SH,42
600054.SH,20
600055.SH,61
600055.SH,14
600055.SH,13
600055.SH,126
600056.SH,10
600056.SH,9
600056.SH,19
600056.SH,30
600056.SH,27
600056.SH,23
600056.SH,64
600056.SH,17
600056.SH,65
600057.SH,55
600057.SH,55
600057.SH,38
600057.SH,19
600057.SH,19
600057.SH,21
600057.SH,17
600057.SH,25
600057.SH,37
600057.SH,19
600057.SH,23
600058.SH,63
600058.SH,41
600058.SH,36
600059.SH,20
600059.SH,21
600059.SH,51
600059.SH,12
600059.SH,45
600059.SH,102
600059.SH,17
600060.SH,20
600060.SH,33
600060.SH,22
600060.SH,34
600060.SH,22
600060.SH,7
600060.SH,27
600060.SH,20
600060.SH,17
600060.SH,46
600060.SH,17
600060.SH,47
600060.SH,15
600061.SH,27
600061.SH,7
600061.SH,7
600061.SH,16
600061.SH,19
600061.SH,15
600061.SH,7
600061.SH,37
600061.SH,28
600061.SH,45
600061.SH,17
600061.SH,11
600061.SH,7
600061.SH,17
600062.SH,15
600062.SH,47
600062.SH,13
600062.SH,17
600062.SH,73
600062.SH,7
600062.SH,7
600062.SH,63
600062.SH,14
600062.SH,53
600062.SH,12
600063.SH,28
600063.SH,20
600063.SH,17
600063.SH,18
600063.SH,22
600063.SH,27
600063.SH,24
600063.SH,39
600063.SH,16
600063.SH,7
600063.SH,23
600063.SH,31
600063.SH,30
600064.SH,34
600064.SH,15
600064.SH,30
600064.SH,8
600064.SH,19
600064.SH,23
600064.SH,11
600064.SH,10
600064.SH,56
600064.SH,11
600064.SH,14
600064.SH,8
600064.SH,28
600064.SH,20
600066.SH,19
600066.SH,35
600066.SH,7
600066.SH,14
600066.SH,7
600066.SH,17
600066.SH,27
600066.SH,11
600066.SH,17
600066.SH,20
600066.SH,8
600066.SH,25
600066.SH,22
600066.SH,17
600066.SH,31
600066.SH,15
600067.SH,19
600067.SH,30
600067.SH,19
600067.SH,21
600071.SH,24
600071.SH,19
600071.SH,104
600072.SH,32
600072.SH,12
600072.SH,19
600072.SH,22
600072.SH,17
600072.SH,26
600072.SH,41
600072.SH,22
600072.SH,50
600072.SH,26
600072.SH,27
600072.SH,28
600073.SH,61
600073.SH,22
600073.SH,50
600075.SH,14
600075.SH,61
600075.SH,17
600075.SH,19
600075.SH,27
600075.SH,21
600076.SH,75
600076.SH,42
600076.SH,19
600078.SH,17
600078.SH,43
600078.SH,24
600078.SH,18
600078.SH,33
600080.SH,54
600081.SH,19
600081.SH,75
600081.SH,9
600082.SH,86
600085.SH,20
600085.SH,45
600085.SH,12
600085.SH,21
600085.SH,82
600085.SH,63
600085.SH,24
600088.SH,133
600088.SH,21
600089.SH,42
600089.SH,8
600089.SH,19
600089.SH,17
600089.SH,18
600089.SH,7
600089.SH,7
600089.SH,17
600089.SH,27
600089.SH,19
600089.SH,31
600089.SH,19
600089.SH,21
600089.SH,23
600089.SH,27
600094.SH,30
600094.SH,27
600094.SH,20
600094.SH,42
600094.SH,21
600094.SH,17
600095.SH,21
600095.SH,15
600095.SH,17
600095.SH,19
600095.SH,19
600095.SH,37
600095.SH,33
600095.SH,39
600095.SH,31
600095.SH,17
600096.SH,30
600096.SH,19
600096.SH,8
600096.SH,11
600096.SH,17
600096.SH,13
600096.SH,19
600096.SH,22
600096.SH,27
600096.SH,10
600096.SH,49
600096.SH,21
600096.SH,40
600096.SH,17
600097.SH,74
600097.SH,11
600098.SH,27
600098.SH,39
600098.SH,17
600098.SH,7
600098.SH,31
600098.SH,12
600098.SH,16
600098.SH,74
600098.SH,7
600098.SH,17
600098.SH,15
600098.SH,19
600098.SH,8
600100.SH,10
600100.SH,26
600100.SH,17
600100.SH,12
600100.SH,19
600100.SH,7
600100.SH,24
600100.SH,19
600100.SH,30
600100.SH,19
600100.SH,17
600100.SH,20
600100.SH,21
600101.SH,41
600101.SH,17
600101.SH,34
600101.SH,75
600101.SH,69
600101.SH,17
600101.SH,26
600101.SH,17
600103.SH,19
600103.SH,47
600103.SH,24
600103.SH,22
600103.SH,68
600103.SH,21
600103.SH,21
600104.SH,13
600104.SH,40
600104.SH,7
600104.SH,17
600104.SH,19
600104.SH,7
600104.SH,103
600104.SH,14
600104.SH,22
600104.SH,64
600104.SH,19
600105.SH,19
600105.SH,20
600105.SH,17
600105.SH,19
600105.SH,21
600105.SH,12
600105.SH,17
600105.SH,28
600105.SH,19
600105.SH,21
600105.SH,20
600105.SH,17
600105.SH,21
600105.SH,19
600105.SH,27
600105.SH,28
600106.SH,25
600106.SH,30
600106.SH,19
600106.SH,71
600106.SH,57
600106.SH,26
600108.SH,55
600108.SH,42
600108.SH,31
600108.SH,26
600108.SH,7
600108.SH,23
600108.SH,14
600108.SH,21
600108.SH,19
600108.SH,28
600108.SH,19
600109.SH,18
600109.SH,25
600109.SH,14
600109.SH,17
600109.SH,19
600109.SH,7
600109.SH,22
600109.SH,29
600109.SH,19
600109.SH,40
600109.SH,17
600109.SH,12
600109.SH,23
600110.SH,19
600110.SH,19
600110.SH,17
600110.SH,19
600110.SH,52
600110.SH,7
600110.SH,20
600110.SH,34
600110.SH,21
600110.SH,41
600110.SH,17
600110.SH,19
600111.SH,21
600111.SH,7
600111.SH,19
600111.SH,10
600111.SH,19
600111.SH,17
600111.SH,19
600111.SH,36
600111.SH,20
600111.SH,33
600111.SH,24
600111.SH,12
600111.SH,17
600111.SH,19
600111.SH,56
600113.SH,21
600113.SH,17
600113.SH,19
600113.SH,64
600113.SH,19
600113.SH,14
600113.SH,21
600113.SH,25
600114.SH,39
600114.SH,17
600114.SH,19
600114.SH,19
600114.SH,17
600114.SH,19
600114.SH,27
600114.SH,49
600114.SH,17
600114.SH,20
600114.SH,12
600114.SH,24
600114.SH,55
600115.SH,7
600115.SH,20
600115.SH,16
600115.SH,26
600115.SH,21
600115.SH,7
600115.SH,19
600115.SH,22
600115.SH,15
600115.SH,19
600115.SH,17
600115.SH,25
600115.SH,21
600115.SH,17
600115.SH,19
600115.SH,57
600116.SH,189
600116.SH,32
600116.SH,10
600116.SH,16
600118.SH,17
600118.SH,27
600118.SH,21
600118.SH,19
600118.SH,17
600118.SH,19
600118.SH,30
600118.SH,19
600118.SH,17
600118.SH,20
600118.SH,19
600118.SH,21
600118.SH,48
600119.SH,128
600120.SH,33
600120.SH,19
600120.SH,17
600120.SH,26
600120.SH,9
600120.SH,27
600120.SH,36
600120.SH,7
600120.SH,19
600120.SH,38
600120.SH,25
600120.SH,38
600121.SH,21
600121.SH,17
600121.SH,78
600121.SH,19
600121.SH,19
600121.SH,51
600121.SH,22
600121.SH,29
600121.SH,19
600123.SH,64
600123.SH,10
600123.SH,17
600123.SH,84
600123.SH,27
600123.SH,19
600125.SH,18
600125.SH,7
600125.SH,31
600125.SH,11
600125.SH,60
600125.SH,23
600125.SH,33
600125.SH,22
600126.SH,12
600126.SH,17
600126.SH,19
600126.SH,9
600126.SH,33
600126.SH,44
600126.SH,59
600126.SH,17
600126.SH,21
600126.SH,27
600126.SH,28
600127.SH,17
600127.SH,21
600127.SH,26
600127.SH,96
600127.SH,18
600127.SH,48
600127.SH,7
600127.SH,33
600127.SH,27
600128.SH,23
600128.SH,22
600128.SH,19
600128.SH,54
600128.SH,170
600129.SH,20
600129.SH,24
600129.SH,19
600129.SH,7
600129.SH,77
600129.SH,84
600129.SH,20
600131.SH,37
600131.SH,26
600131.SH,11
600131.SH,48
600131.SH,20
600131.SH,7
600131.SH,61
600131.SH,7
600131.SH,17
600131.SH,27
600131.SH,22
600132.SH,8
600132.SH,44
600132.SH,11
600132.SH,29
600132.SH,82
600132.SH,23
600132.SH,54
600132.SH,10
600132.SH,26
600132.SH,10
600132.SH,19
600133.SH,58
600133.SH,20
600133.SH,17
600133.SH,33
600133.SH,27
600133.SH,44
600133.SH,20
600133.SH,15
600133.SH,19
600135.SH,26
600135.SH,21
600135.SH,56
600135.SH,17
600137.SH,154
600138.SH,28
600138.SH,20
600138.SH,12
600138.SH,7
600138.SH,17
600138.SH,92
600138.SH,21
600138.SH,26
600141.SH,12
600141.SH,16
600141.SH,26
600141.SH,7
600141.SH,17
600141.SH,19
600141.SH,19
600141.SH,22
600141.SH,29
600141.SH,19
600141.SH,18
600141.SH,19
600141.SH,21
600141.SH,41
600141.SH,17
600143.SH,46
600143.SH,14
600143.SH,7
600143.SH,17
600143.SH,19
600143.SH,19
600143.SH,17
600143.SH,71
600143.SH,17
600143.SH,7
600143.SH,21
600148.SH,25
600149.SH,43
600149.SH,175
600149.SH,27
600149.SH,21
600150.SH,40
600150.SH,7
600150.SH,16
600150.SH,19
600150.SH,7
600150.SH,23
600150.SH,53
600150.SH,17
600150.SH,32
600150.SH,27
600150.SH,7
600150.SH,31
600151.SH,17
600151.SH,25
600151.SH,13
600151.SH,17
600151.SH,20
600151.SH,37
600151.SH,12
600151.SH,19
600151.SH,17
600151.SH,19
600152.SH,7
600152.SH,66
600152.SH,20
600152.SH,29
600152.SH,21
600152.SH,19
600152.SH,20
600152.SH,17
600152.SH,19
600153.SH,15
600153.SH,35
600153.SH,11
600153.SH,64
600153.SH,13
600153.SH,80
600153.SH,27
600153.SH,19
600155.SH,29
600155.SH,13
600155.SH,16
600155.SH,13
600155.SH,19
600155.SH,10
600155.SH,38
600155.SH,30
600155.SH,16
600155.SH,53
600155.SH,17
600155.SH,33
600155.SH,19
600156.SH,63
600156.SH,19
600156.SH,21
600156.SH,63
600157.SH,42
600157.SH,7
600157.SH,9
600157.SH,19
600157.SH,22
600157.SH,22
600157.SH,27
600157.SH,36
600157.SH,53
600157.SH,17
600157.SH,32
600157.SH,17
600158.SH,48
600158.SH,7
600158.SH,17
600158.SH,19
600158.SH,17
600158.SH,31
600158.SH,51
600158.SH,12
600158.SH,22
600158.SH,7
600158.SH,17
600158.SH,18
600158.SH,17
600158.SH,19
600160.SH,25
600160.SH,10
600160.SH,18
600160.SH,34
600160.SH,8
600160.SH,17
600160.SH,19
600160.SH,57
600160.SH,25
600160.SH,14
600160.SH,28
600160.SH,18
600160.SH,24
600161.SH,8
600161.SH,27
600161.SH,19
600161.SH,13
600161.SH,17
600161.SH,145
600162.SH,22
600162.SH,105
600163.SH,71
600163.SH,28
600163.SH,22
600163.SH,26
600163.SH,17
600163.SH,22
600163.SH,19
600166.SH,19
600166.SH,28
600166.SH,19
600166.SH,8
600166.SH,29
600166.SH,19
600166.SH,7
600166.SH,36
600166.SH,9
600166.SH,19
600166.SH,31
600166.SH,18
600166.SH,13
600166.SH,17
600166.SH,55
600167.SH,35
600167.SH,20
600167.SH,50
600167.SH,61
600170.SH,19
600170.SH,7
600170.SH,7
600170.SH,12
600170.SH,32
600170.SH,21
600170.SH,27
600170.SH,25
600170.SH,63
600170.SH,7
600170.SH,17
600170.SH,41
600171.SH,19
600171.SH,17
600171.SH,18
600171.SH,8
600171.SH,20
600171.SH,28
600171.SH,49
600171.SH,23
600171.SH,19
600171.SH,17
600171.SH,40
600172.SH,20
600172.SH,17
600172.SH,20
600172.SH,21
600172.SH,11
600172.SH,32
600172.SH,27
600172.SH,19
600172.SH,17
600172.SH,19
600172.SH,36
600172.SH,19
600172.SH,17
600172.SH,27
600173.SH,52
600173.SH,19
600173.SH,27
600173.SH,93
600173.SH,19
600176.SH,41
600176.SH,7
600176.SH,19
600176.SH,25
600176.SH,11
600176.SH,17
600176.SH,27
600176.SH,20
600176.SH,33
600176.SH,21
600176.SH,9
600176.SH,21
600176.SH,19
600176.SH,25
600176.SH,26
600177.SH,15
600177.SH,12
600177.SH,34
600177.SH,23
600177.SH,23
600177.SH,24
600177.SH,9
600177.SH,19
600177.SH,59
600177.SH,41
600177.SH,8
600178.SH,20
600178.SH,19
600178.SH,17
600178.SH,19
600178.SH,20
600178.SH,59
600178.SH,88
600179.SH,17
600179.SH,19
600179.SH,17
600179.SH,19
600179.SH,22
600179.SH,19
600179.SH,35
600179.SH,17
600179.SH,61
600179.SH,36
600180.SH,61
600180.SH,105
600183.SH,20
600183.SH,20
600183.SH,16
600183.SH,19
600183.SH,19
600183.SH,17
600183.SH,19
600183.SH,27
600183.SH,56
600183.SH,17
600183.SH,25
600183.SH,38
600183.SH,41
600184.SH,27
600184.SH,7
600184.SH,19
600184.SH,17
600184.SH,19
600184.SH,52
600184.SH,45
600184.SH,17
600184.SH,25
600184.SH,50
600184.SH,35
600185.SH,69
600185.SH,33
600185.SH,20
600185.SH,25
600185.SH,19
600185.SH,19
600185.SH,29
600185.SH,37
600185.SH,19
600186.SH,32
600186.SH,17
600186.SH,19
600186.SH,9
600186.SH,52
600186.SH,21
600186.SH,10
600186.SH,32
600186.SH,21
600186.SH,18
600186.SH,19
600186.SH,27
600186.SH,17
600187.SH,43
600188.SH,8
600188.SH,21
600188.SH,29
600188.SH,11
600188.SH,17
600188.SH,39
600188.SH,8
600188.SH,17
600188.SH,19
600188.SH,50
600188.SH,20
600188.SH,19
600188.SH,9
600188.SH,27
600188.SH,17
600189.SH,77
600189.SH,70
600189.SH,17
600191.SH,74
600191.SH,21
600191.SH,17
600191.SH,25
600191.SH,23
600191.SH,37
600192.SH,17
600192.SH,19
600192.SH,17
600192.SH,59
600192.SH,17
600192.SH,54
600192.SH,21
600192.SH,51
600195.SH,29
600195.SH,105
600195.SH,41
600195.SH,31
600195.SH,11
600195.SH,72
600196.SH,17
600196.SH,10
600196.SH,22
600196.SH,15
600196.SH,8
600196.SH,19
600196.SH,13
600196.SH,7
600196.SH,17
600196.SH,43
600196.SH,40
600196.SH,26
600196.SH,18
600196.SH,63
600198.SH,53
600198.SH,14
600198.SH,11
600198.SH,17
600198.SH,73
600198.SH,18
600198.SH,19
600198.SH,19
600198.SH,21
600199.SH,20
600199.SH,28
600199.SH,17
600199.SH,146
600201.SH,14
600201.SH,9
600201.SH,11
600201.SH,17
600201.SH,21
600201.SH,19
600201.SH,27
600201.SH,25
600201.SH,19
600201.SH,15
600201.SH,19
600201.SH,17
600201.SH,21
600201.SH,19
600201.SH,49
600201.SH,21
600203.SH,20
600203.SH,33
600203.SH,17
600203.SH,7
600203.SH,19
600203.SH,35
600203.SH,41
600203.SH,17
600203.SH,25
600203.SH,31
600206.SH,32
600206.SH,14
600206.SH,17
600206.SH,27
600206.SH,13
600206.SH,19
600206.SH,22
600206.SH,27
600206.SH,46
600206.SH,12
600206.SH,12
600206.SH,17
600206.SH,21
600206.SH,55
600207.SH,24
600207.SH,28
600207.SH,17
600207.SH,34
600207.SH,16
600207.SH,101
600207.SH,25
600207.SH,17
600208.SH,20
600208.SH,17
600208.SH,19
600208.SH,34
600208.SH,43
600208.SH,45
600208.SH,39
600208.SH,17
600208.SH,75
600210.SH,22
600210.SH,13
600210.SH,20
600210.SH,41
600210.SH,17
600210.SH,34
600210.SH,8
600210.SH,7
600210.SH,56
600210.SH,12
600210.SH,9
600210.SH,8
600210.SH,19
600211.SH,42
600211.SH,21
600211.SH,24
600211.SH,28
600211.SH,53
600211.SH,52
600211.SH,17
600211.SH,50
600211.SH,26
600212.SH,26
600212.SH,17
600212.SH,19
600212.SH,57
600212.SH,36
600212.SH,27
600212.SH,57
600215.SH,91
600215.SH,28
600216.SH,16
600216.SH,33
600216.SH,17
600216.SH,12
600216.SH,19
600216.SH,71
600216.SH,10
600216.SH,75
600216.SH,9
600216.SH,7
600216.SH,27
600216.SH,25
600217.SH,55
600218.SH,72
600218.SH,19
600218.SH,19
600218.SH,32
600218.SH,41
600219.SH,12
600219.SH,20
600219.SH,17
600219.SH,19
600219.SH,20
600219.SH,10
600219.SH,10
600219.SH,35
600219.SH,25
600219.SH,19
600219.SH,23
600219.SH,19
600219.SH,21
600219.SH,19
600219.SH,25
600221.SH,26
600221.SH,23
600221.SH,7
600221.SH,12
600221.SH,17
600221.SH,19
600221.SH,17
600221.SH,27
600221.SH,19
600221.SH,17
600221.SH,26
600221.SH,12
600221.SH,44
600221.SH,63
600222.SH,26
600222.SH,19
600222.SH,70
600222.SH,17
600222.SH,47
600222.SH,13
600222.SH,30
600222.SH,21
600223.SH,20
600223.SH,48
600223.SH,20
600226.SH,25
600226.SH,13
600226.SH,17
600226.SH,19
600226.SH,29
600226.SH,22
600226.SH,19
600226.SH,16
600226.SH,21
600226.SH,19
600226.SH,17
600226.SH,28
600227.SH,87
600227.SH,28
600227.SH,74
600227.SH,17
600230.SH,70
600230.SH,31
600230.SH,29
600230.SH,17
600230.SH,19
600230.SH,28
600230.SH,28
600231.SH,96
600232.SH,126
600232.SH,22
600232.SH,21
600233.SH,28
600233.SH,15
600233.SH,8
600233.SH,19
600233.SH,19
600233.SH,17
600233.SH,71
600233.SH,19
600233.SH,36
600233.SH,19
600233.SH,23
600233.SH,19
600233.SH,17
600236.SH,73
600236.SH,25
600236.SH,48
600236.SH,21
600237.SH,12
600237.SH,20
600237.SH,13
600237.SH,17
600237.SH,43
600237.SH,19
600237.SH,13
600237.SH,17
600237.SH,19
600237.SH,28
600237.SH,27
600237.SH,20
600239.SH,62
600239.SH,43
600241.SH,139
600246.SH,19
600246.SH,20
600246.SH,22
600246.SH,9
600246.SH,19
600246.SH,20
600246.SH,17
600246.SH,62
600246.SH,19
600246.SH,38
600249.SH,20
600249.SH,92
600249.SH,47
600249.SH,22
600249.SH,135
600250.SH,27
600250.SH,17
600250.SH,48
600250.SH,19
600250.SH,91
600250.SH,17
600250.SH,85
600251.SH,90
600251.SH,55
600251.SH,17
600251.SH,34
600251.SH,22
600252.SH,42
600252.SH,21
600252.SH,33
600252.SH,30
600252.SH,26
600252.SH,16
600252.SH,7
600252.SH,19
600252.SH,80
600252.SH,20
600255.SH,21
600255.SH,28
600255.SH,12
600255.SH,17
600255.SH,11
600255.SH,17
600255.SH,32
600255.SH,51
600255.SH,20
600255.SH,19
600255.SH,23
600255.SH,12
600255.SH,30
600255.SH,42
600256.SH,17
600256.SH,15
600256.SH,19
600256.SH,55
600256.SH,44
600256.SH,11
600256.SH,10
600256.SH,11
600256.SH,35
600256.SH,22
600256.SH,10
600256.SH,10
600256.SH,17
600256.SH,27
600256.SH,19
600257.SH,36
600257.SH,70
600257.SH,19
600257.SH,28
600257.SH,21
600257.SH,35
600257.SH,35
600258.SH,20
600258.SH,7
600258.SH,8
600258.SH,19
600258.SH,50
600258.SH,19
600258.SH,22
600258.SH,21
600258.SH,17
600258.SH,35
600258.SH,20
600259.SH,17
600259.SH,20
600259.SH,20
600259.SH,17
600259.SH,24
600259.SH,52
600259.SH,42
600259.SH,20
600259.SH,19
600259.SH,21
600259.SH,17
600259.SH,27
600259.SH,35
600262.SH,33
600262.SH,26
600262.SH,30
600262.SH,54
600262.SH,17
600262.SH,61
600262.SH,17
600262.SH,19
600266.SH,12
600266.SH,17
600266.SH,22
600266.SH,10
600266.SH,17
600266.SH,19
600266.SH,27
600266.SH,63
600266.SH,21
600267.SH,10
600267.SH,10
600267.SH,22
600267.SH,17
600267.SH,38
600267.SH,64
600267.SH,15
600267.SH,61
600267.SH,14
600267.SH,63
600268.SH,41
600268.SH,17
600268.SH,19
600268.SH,38
600268.SH,28
600268.SH,20
600268.SH,29
600268.SH,24
600268.SH,7
600268.SH,17
600268.SH,27
600268.SH,19
600268.SH,17
600269.SH,11
600271.SH,16
600271.SH,21
600271.SH,19
600271.SH,17
600271.SH,63
600271.SH,19
600271.SH,7
600271.SH,19
600271.SH,17
600271.SH,21
600272.SH,17
600272.SH,39
600273.SH,41
600273.SH,14
600273.SH,26
600273.SH,9
600273.SH,84
600273.SH,7
600273.SH,55
600273.SH,21
600273.SH,19
600276.SH,19
600276.SH,42
600276.SH,19
600276.SH,17
600276.SH,11
600276.SH,7
600276.SH,17
600276.SH,81
600276.SH,28
600276.SH,81
600278.SH,63
600278.SH,37
600278.SH,69
600278.SH,74
600278.SH,45
600279.SH,22
600279.SH,203
600280.SH,22
600280.SH,57
600280.SH,19
600280.SH,71
600280.SH,19
600280.SH,28
600280.SH,24
600281.SH,20
600281.SH,19
600281.SH,17
600281.SH,26
600281.SH,157
600281.SH,38
600282.SH,7
600282.SH,17
600282.SH,27
600282.SH,19
600282.SH,18
600282.SH,27
600282.SH,14
600282.SH,53
600282.SH,21
600282.SH,23
600282.SH,27
600282.SH,29
600284.SH,28
600284.SH,17
600284.SH,19
600284.SH,68
600284.SH,17
600284.SH,22
600285.SH,13
600285.SH,30
600285.SH,22
600285.SH,25
600285.SH,52
600285.SH,10
600285.SH,21
600285.SH,77
600285.SH,9
600285.SH,36
600285.SH,19
600288.SH,17
600288.SH,33
600288.SH,15
600288.SH,27
600288.SH,17
600288.SH,59
600288.SH,7
600288.SH,11
600292.SH,33
600292.SH,34
600292.SH,23
600292.SH,19
600292.SH,9
600292.SH,48
600292.SH,17
600292.SH,26
600292.SH,20
600292.SH,10
600292.SH,19
600292.SH,14
600292.SH,27
600292.SH,29
600293.SH,92
600293.SH,17
600293.SH,49
600293.SH,32
600293.SH,28
600295.SH,22
600295.SH,68
600295.SH,28
600295.SH,37
600295.SH,13
600295.SH,21
600295.SH,21
600295.SH,27
600298.SH,18
600298.SH,51
600298.SH,20
600298.SH,9
600298.SH,19
600298.SH,23
600298.SH,31
600298.SH,31
600298.SH,19
600298.SH,21
600298.SH,17
600298.SH,42
600299.SH,27
600299.SH,18
600300.SH,55
600300.SH,35
600300.SH,22
600300.SH,45
600300.SH,19
600300.SH,20
600300.SH,10
600300.SH,25
600300.SH,9
600300.SH,13
600301.SH,21
600301.SH,10
600301.SH,19
600301.SH,19
600301.SH,17
600301.SH,26
600301.SH,31
600301.SH,19
600301.SH,19
600301.SH,29
600301.SH,17
600301.SH,33
600301.SH,42
600302.SH,69
600302.SH,30
600302.SH,26
600302.SH,22
600302.SH,22
600302.SH,19
600302.SH,53
600305.SH,19
600305.SH,150
600307.SH,39
600307.SH,50
600307.SH,68
600307.SH,17
600307.SH,27
600307.SH,19
600308.SH,89
600309.SH,49
600309.SH,8
600309.SH,10
600309.SH,19
600309.SH,15
600309.SH,19
600309.SH,59
600309.SH,20
600309.SH,8
600309.SH,12
600309.SH,21
600309.SH,13
600309.SH,17
600309.SH,19
600309.SH,35
600310.SH,235
600310.SH,19
600312.SH,17
600312.SH,20
600312.SH,19
600312.SH,29
600312.SH,7
600312.SH,27
600312.SH,17
600312.SH,28
600312.SH,25
600312.SH,8
600312.SH,17
600312.SH,27
600313.SH,44
600313.SH,27
600313.SH,22
600313.SH,47
600313.SH,20
600313.SH,18
600313.SH,21
600313.SH,24
600313.SH,7
600313.SH,29
600313.SH,17
600315.SH,19
600315.SH,42
600315.SH,13
600315.SH,29
600315.SH,19
600315.SH,37
600315.SH,85
600315.SH,12
600315.SH,37
600315.SH,22
600316.SH,36
600316.SH,17
600316.SH,17
600316.SH,19
600316.SH,56
600316.SH,48
600316.SH,37
600316.SH,21
600316.SH,19
600316.SH,28
600316.SH,23
600318.SH,20
600318.SH,22
600318.SH,19
600318.SH,29
600318.SH,17
600318.SH,56
600318.SH,74
600318.SH,52
600319.SH,35
600320.SH,19
600320.SH,29
600320.SH,19
600320.SH,22
600320.SH,19
600320.SH,24
600320.SH,27
600320.SH,19
600320.SH,8
600320.SH,23
600320.SH,21
600320.SH,21
600320.SH,20
600320.SH,22
600320.SH,33
600323.SH,57
600323.SH,8
600323.SH,23
600323.SH,25
600323.SH,17
600323.SH,26
600323.SH,20
600323.SH,31
600323.SH,45
600323.SH,35
600323.SH,11
600323.SH,21
600325.SH,19
600325.SH,22
600325.SH,19
600325.SH,22
600325.SH,121
600325.SH,7
600326.SH,20
600326.SH,20
600326.SH,19
600326.SH,21
600326.SH,17
600326.SH,78
600326.SH,54
600326.SH,19
600326.SH,8
600326.SH,35
600327.SH,23
600327.SH,54
600327.SH,59
600327.SH,19
600327.SH,19
600328.SH,7
600328.SH,22
600328.SH,17
600328.SH,41
600328.SH,28
600328.SH,25
600328.SH,28
600328.SH,21
600328.SH,21
600328.SH,16
600328.SH,19
600329.SH,48
600329.SH,17
600329.SH,19
600329.SH,19
600329.SH,38
600329.SH,20
600329.SH,42
600329.SH,8
600329.SH,42
600329.SH,40
600330.SH,13
600330.SH,14
600330.SH,7
600330.SH,17
600330.SH,19
600330.SH,19
600330.SH,66
600330.SH,19
600330.SH,21
600330.SH,27
600330.SH,25
600330.SH,35
600331.SH,21
600331.SH,17
600331.SH,19
600331.SH,19
600331.SH,17
600331.SH,19
600331.SH,50
600331.SH,19
600331.SH,18
600331.SH,19
600331.SH,21
600331.SH,19
600331.SH,25
600331.SH,40
600332.SH,51
600332.SH,11
600332.SH,27
600332.SH,66
600332.SH,11
600332.SH,7
600332.SH,32
600332.SH,24
600332.SH,21
600332.SH,11
600332.SH,35
600333.SH,17
600333.SH,19
600333.SH,59
600333.SH,46
600333.SH,24
600335.SH,42
600335.SH,14
600336.SH,42
600336.SH,23
600336.SH,19
600336.SH,65
600336.SH,21
600336.SH,19
600336.SH,17
600336.SH,35
600336.SH,53
600337.SH,46
600337.SH,24
600337.SH,41
600337.SH,61
600338.SH,26
600338.SH,16
600338.SH,21
600338.SH,24
600338.SH,17
600338.SH,19
600338.SH,27
600338.SH,17
600338.SH,19
600338.SH,35
600338.SH,21
600338.SH,17
600338.SH,28
600338.SH,28
600339.SH,19
600339.SH,20
600339.SH,21
600339.SH,9
600339.SH,27
600339.SH,23
600339.SH,11
600339.SH,17
600339.SH,60
600339.SH,8
600339.SH,8
600339.SH,19
600339.SH,27
600339.SH,24
600340.SH,55
600340.SH,7
600340.SH,40
600340.SH,23
600340.SH,41
600340.SH,19
600340.SH,23
600340.SH,84
600340.SH,20
600343.SH,19
600343.SH,18
600343.SH,24
600343.SH,28
600343.SH,31
600343.SH,19
600343.SH,17
600343.SH,19
600343.SH,21
600343.SH,50
600343.SH,32
600345.SH,21
600345.SH,34
600345.SH,19
600345.SH,29
600345.SH,76
600345.SH,17
600345.SH,21
600345.SH,24
600345.SH,25
600345.SH,31
600346.SH,17
600346.SH,13
600346.SH,19
600346.SH,31
600346.SH,19
600346.SH,9
600346.SH,25
600346.SH,17
600346.SH,7
600346.SH,21
600346.SH,27
600346.SH,56
600348.SH,27
600348.SH,22
600348.SH,9
600348.SH,12
600348.SH,17
600348.SH,39
600348.SH,27
600348.SH,17
600348.SH,7
600348.SH,27
600348.SH,23
600348.SH,21
600348.SH,19
600348.SH,27
600350.SH,41
600350.SH,90
600350.SH,14
600350.SH,139
600351.SH,19
600351.SH,100
600351.SH,77
600352.SH,21
600352.SH,21
600352.SH,20
600352.SH,7
600352.SH,9
600352.SH,21
600352.SH,50
600352.SH,19
600352.SH,16
600352.SH,36
600352.SH,18
600352.SH,14
600352.SH,17
600352.SH,27
600353.SH,19
600353.SH,20
600353.SH,17
600353.SH,33
600353.SH,19
600353.SH,18
600353.SH,27
600353.SH,57
600353.SH,19
600353.SH,21
600353.SH,20
600353.SH,27
600354.SH,30
600354.SH,19
600354.SH,16
600354.SH,19
600354.SH,49
600354.SH,22
600354.SH,13
600354.SH,17
600354.SH,18
600354.SH,23
600354.SH,11
600354.SH,32
600354.SH,19
600359.SH,159
600359.SH,19
600361.SH,17
600361.SH,11
600361.SH,21
600361.SH,22
600361.SH,19
600361.SH,43
600361.SH,8
600361.SH,19
600361.SH,18
600361.SH,21
600361.SH,17
600361.SH,7
600361.SH,37
600361.SH,19
600362.SH,20
600362.SH,7
600362.SH,16
600362.SH,19
600362.SH,8
600362.SH,19
600362.SH,17
600362.SH,19
600362.SH,27
600362.SH,17
600362.SH,31
600362.SH,17
600362.SH,26
600362.SH,17
600362.SH,31
600363.SH,19
600363.SH,20
600363.SH,34
600363.SH,21
600363.SH,17
600363.SH,28
600363.SH,34
600363.SH,40
600363.SH,17
600363.SH,25
600363.SH,37
600366.SH,23
600366.SH,19
600366.SH,17
600366.SH,20
600366.SH,19
600366.SH,45
600366.SH,53
600366.SH,7
600366.SH,17
600366.SH,21
600366.SH,8
600366.SH,33
600366.SH,42
600367.SH,35
600367.SH,19
600367.SH,20
600367.SH,20
600367.SH,8
600367.SH,13
600367.SH,17
600367.SH,48
600367.SH,44
600367.SH,21
600367.SH,19
600367.SH,27
600367.SH,17
600368.SH,67
600368.SH,57
600369.SH,20
600369.SH,16
600369.SH,13
600369.SH,19
600369.SH,8
600369.SH,22
600369.SH,48
600369.SH,58
600369.SH,11
600369.SH,17
600369.SH,19
600370.SH,22
600370.SH,54
600370.SH,28
600370.SH,32
600371.SH,71
600371.SH,163
600371.SH,31
600372.SH,20
600372.SH,20
600372.SH,7
600372.SH,19
600372.SH,7
600372.SH,9
600372.SH,23
600372.SH,7
600372.SH,28
600372.SH,17
600372.SH,24
600372.SH,19
600372.SH,10
600372.SH,14
600372.SH,17
600372.SH,17
600372.SH,22
600373.SH,36
600373.SH,28
600373.SH,18
600373.SH,67
600373.SH,32
600375.SH,28
600375.SH,19
600375.SH,22
600375.SH,17
600375.SH,19
600375.SH,19
600375.SH,36
600375.SH,48
600375.SH,22
600375.SH,28
600376.SH,16
600376.SH,19
600376.SH,35
600376.SH,20
600376.SH,21
600376.SH,17
600376.SH,25
600376.SH,36
600376.SH,17
600377.SH,123
600377.SH,21
600377.SH,83
600377.SH,36
600377.SH,9
600378.SH,20
600378.SH,17
600378.SH,19
600378.SH,19
600378.SH,24
600378.SH,19
600378.SH,17
600378.SH,28
600378.SH,11
600378.SH,13
600378.SH,17
600378.SH,33
600378.SH,43
600379.SH,17
600379.SH,20
600379.SH,92
600379.SH,120
600380.SH,7
600380.SH,11
600380.SH,7
600380.SH,24
600380.SH,12
600380.SH,19
600380.SH,11
600380.SH,17
600380.SH,67
600380.SH,7
600380.SH,19
600380.SH,40
600380.SH,77
600382.SH,70
600382.SH,19
600382.SH,28
600382.SH,30
600383.SH,12
600383.SH,17
600383.SH,22
600383.SH,10
600383.SH,17
600383.SH,19
600383.SH,98
600383.SH,17
600383.SH,13
600388.SH,21
600388.SH,11
600388.SH,25
600388.SH,19
600388.SH,47
600388.SH,9
600388.SH,29
600388.SH,19
600388.SH,27
600388.SH,30
600389.SH,20
600389.SH,28
600389.SH,9
600389.SH,20
600389.SH,23
600389.SH,19
600389.SH,27
600389.SH,64
600389.SH,21
600389.SH,19
600389.SH,29
600389.SH,17
600389.SH,19
600390.SH,21
600390.SH,20
600390.SH,17
600390.SH,35
600390.SH,33
600390.SH,42
600390.SH,51
600390.SH,18
600390.SH,17
600390.SH,38
600390.SH,17
600391.SH,20
600391.SH,20
600391.SH,21
600391.SH,19
600391.SH,21
600391.SH,39
600391.SH,17
600391.SH,24
600391.SH,32
600391.SH,11
600391.SH,21
600391.SH,19
600391.SH,29
600392.SH,25
600392.SH,17
600392.SH,20
600392.SH,19
600392.SH,17
600392.SH,19
600392.SH,36
600392.SH,21
600392.SH,32
600392.SH,18
600392.SH,17
600392.SH,17
600392.SH,19
600392.SH,57
600395.SH,121
600395.SH,27
600395.SH,19
600395.SH,9
600396.SH,17
600396.SH,34
600396.SH,197
600396.SH,19
600397.SH,21
600397.SH,19
600397.SH,19
600397.SH,28
600397.SH,10
600397.SH,19
600397.SH,35
600397.SH,65
600397.SH,21
600397.SH,19
600397.SH,17
600397.SH,27
600398.SH,48
600398.SH,8
600398.SH,78
600398.SH,34
600398.SH,21
600398.SH,17
600398.SH,19
600398.SH,16
600398.SH,31
600399.SH,49
600399.SH,11
600399.SH,19
600399.SH,26
600399.SH,58
600399.SH,14
600399.SH,40
600399.SH,10
600399.SH,21
600399.SH,41
600400.SH,19
600400.SH,52
600403.SH,84
600403.SH,25
600403.SH,19
600403.SH,21
600403.SH,35
600403.SH,23
600403.SH,28
600405.SH,21
600405.SH,17
600405.SH,19
600405.SH,17
600405.SH,178
600405.SH,17
600406.SH,32
600406.SH,31
600406.SH,21
600406.SH,15
600406.SH,20
600406.SH,13
600406.SH,8
600406.SH,35
600406.SH,25
600406.SH,8
600406.SH,17
600406.SH,27
600408.SH,19
600408.SH,27
600408.SH,36
600408.SH,55
600408.SH,17
600409.SH,20
600409.SH,12
600409.SH,17
600409.SH,50
600409.SH,10
600409.SH,17
600409.SH,29
600409.SH,11
600409.SH,17
600409.SH,19
600409.SH,27
600410.SH,47
600410.SH,12
600410.SH,17
600410.SH,19
600410.SH,17
600410.SH,19
600410.SH,41
600410.SH,20
600410.SH,42
600410.SH,21
600410.SH,17
600410.SH,27
600410.SH,35
600415.SH,19
600415.SH,20
600415.SH,30
600415.SH,33
600415.SH,57
600415.SH,58
600415.SH,7
600415.SH,21
600415.SH,20
600415.SH,69
600416.SH,20
600416.SH,16
600416.SH,19
600416.SH,17
600416.SH,19
600416.SH,22
600416.SH,19
600416.SH,34
600416.SH,36
600416.SH,17
600416.SH,21
600416.SH,40
600418.SH,12
600418.SH,20
600418.SH,21
600418.SH,16
600418.SH,19
600418.SH,17
600418.SH,19
600418.SH,47
600418.SH,21
600418.SH,18
600418.SH,19
600418.SH,23
600418.SH,19
600418.SH,63
600420.SH,10
600420.SH,11
600420.SH,30
600420.SH,19
600420.SH,17
600420.SH,19
600420.SH,128
600420.SH,28
600420.SH,52
600422.SH,20
600422.SH,67
600423.SH,110
600423.SH,139
600425.SH,19
600425.SH,19
600425.SH,25
600425.SH,19
600425.SH,19
600425.SH,64
600425.SH,21
600425.SH,29
600426.SH,17
600426.SH,11
600426.SH,23
600426.SH,15
600426.SH,19
600426.SH,19
600426.SH,17
600426.SH,29
600426.SH,24
600426.SH,7
600426.SH,17
600426.SH,19
600426.SH,8
600426.SH,21
600426.SH,20
600426.SH,27
600426.SH,37
600428.SH,30
600428.SH,21
600428.SH,9
600428.SH,7
600428.SH,19
600428.SH,26
600428.SH,7
600428.SH,32
600428.SH,19
600428.SH,33
600428.SH,17
600428.SH,25
600428.SH,14
600428.SH,16
600428.SH,28
600428.SH,19
600429.SH,85
600429.SH,19
600429.SH,44
600429.SH,48
600429.SH,17
600433.SH,35
600433.SH,13
600435.SH,35
600435.SH,10
600435.SH,17
600435.SH,19
600435.SH,20
600435.SH,43
600435.SH,27
600435.SH,28
600435.SH,17
600435.SH,11
600435.SH,21
600435.SH,44
600436.SH,65
600436.SH,19
600436.SH,14
600436.SH,139
600436.SH,30
600438.SH,49
600438.SH,17
600438.SH,25
600438.SH,17
600438.SH,19
600438.SH,28
600438.SH,17
600438.SH,19
600438.SH,37
600438.SH,76
600439.SH,23
600444.SH,62
600444.SH,29
600444.SH,31
600444.SH,35
600446.SH,17
600446.SH,20
600446.SH,20
600446.SH,20
600446.SH,18
600446.SH,19
600446.SH,93
600446.SH,20
600446.SH,12
600448.SH,13
600448.SH,19
600448.SH,7
600448.SH,34
600449.SH,30
600449.SH,202
600452.SH,20
600452.SH,55
600452.SH,17
600452.SH,67
600452.SH,7
600452.SH,39
600452.SH,25
600452.SH,17
600452.SH,19
600452.SH,27
600456.SH,25
600456.SH,19
600456.SH,19
600456.SH,21
600456.SH,14
600456.SH,7
600456.SH,36
600456.SH,27
600456.SH,21
600456.SH,18
600456.SH,13
600456.SH,21
600456.SH,19
600456.SH,29
600458.SH,19
600458.SH,34
600458.SH,17
600458.SH,20
600458.SH,7
600458.SH,19
600458.SH,85
600458.SH,13
600458.SH,23
600458.SH,28
600459.SH,10
600459.SH,19
600459.SH,19
600459.SH,10
600459.SH,20
600459.SH,12
600459.SH,17
600459.SH,19
600459.SH,29
600459.SH,19
600459.SH,18
600459.SH,19
600459.SH,21
600459.SH,41
600459.SH,43
600460.SH,45
600460.SH,8
600460.SH,14
600460.SH,10
600460.SH,13
600460.SH,13
600460.SH,19
600460.SH,17
600460.SH,32
600460.SH,43
600460.SH,17
600460.SH,11
600460.SH,10
600460.SH,20
600461.SH,34
600461.SH,65
600463.SH,39
600467.SH,28
600467.SH,36
600467.SH,8
600467.SH,60
600467.SH,22
600467.SH,21
600467.SH,37
600467.SH,41
600468.SH,20
600468.SH,41
600468.SH,33
600468.SH,29
600468.SH,34
600468.SH,46
600468.SH,19
600468.SH,21
600468.SH,34
600468.SH,17
600469.SH,42
600470.SH,20
600470.SH,20
600470.SH,114
600470.SH,20
600470.SH,76
600470.SH,18
600470.SH,31
600475.SH,17
600475.SH,20
600475.SH,19
600475.SH,42
600475.SH,20
600475.SH,23
600475.SH,19
600475.SH,21
600475.SH,18
600475.SH,35
600476.SH,18
600476.SH,45
600477.SH,27
600477.SH,48
600477.SH,23
600477.SH,19
600478.SH,7
600478.SH,19
600478.SH,22
600478.SH,20
600478.SH,18
600478.SH,7
600478.SH,19
600478.SH,29
600478.SH,19
600478.SH,42
600478.SH,14
600478.SH,17
600478.SH,33
600478.SH,19
600479.SH,91
600479.SH,102
600480.SH,69
600480.SH,19
600480.SH,13
600480.SH,21
600480.SH,17
600480.SH,36
600480.SH,34
600480.SH,20
600480.SH,19
600481.SH,19
600481.SH,17
600481.SH,19
600481.SH,13
600481.SH,17
600481.SH,20
600481.SH,27
600481.SH,19
600481.SH,44
600481.SH,21
600481.SH,20
600482.SH,18
600482.SH,17
600482.SH,7
600482.SH,8
600482.SH,17
600482.SH,19
600482.SH,19
600482.SH,45
600482.SH,47
600482.SH,30
600482.SH,11
600482.SH,17
600482.SH,19
600482.SH,27
600482.SH,30
600483.SH,35
600483.SH,7
600483.SH,31
600483.SH,33
600483.SH,19
600483.SH,25
600483.SH,11
600483.SH,36
600483.SH,77
600483.SH,19
600486.SH,20
600486.SH,35
600486.SH,17
600486.SH,18
600486.SH,17
600486.SH,57
600486.SH,28
600486.SH,13
600486.SH,21
600486.SH,12
600486.SH,21
600486.SH,27
600486.SH,30
600487.SH,28
600487.SH,17
600487.SH,7
600487.SH,19
600487.SH,8
600487.SH,9
600487.SH,19
600487.SH,19
600487.SH,25
600487.SH,19
600487.SH,40
600487.SH,9
600487.SH,21
600487.SH,19
600487.SH,17
600487.SH,27
600487.SH,19
600489.SH,17
600489.SH,19
600489.SH,13
600489.SH,8
600489.SH,17
600489.SH,17
600489.SH,7
600489.SH,17
600489.SH,27
600489.SH,35
600489.SH,19
600489.SH,14
600489.SH,21
600489.SH,17
600489.SH,32
600489.SH,37
600490.SH,26
600490.SH,27
600490.SH,10
600490.SH,24
600490.SH,9
600490.SH,19
600490.SH,18
600490.SH,27
600490.SH,60
600490.SH,7
600490.SH,21
600490.SH,17
600490.SH,27
600490.SH,42
600491.SH,57
600491.SH,106
600493.SH,24
600495.SH,34
600495.SH,15
600495.SH,10
600496.SH,31
600496.SH,19
600496.SH,19
600496.SH,52
600496.SH,20
600497.SH,23
600497.SH,7
600497.SH,19
600497.SH,11
600497.SH,7
600497.SH,19
600497.SH,14
600497.SH,12
600497.SH,11
600497.SH,27
600497.SH,20
600497.SH,33
600497.SH,17
600497.SH,21
600497.SH,19
600497.SH,29
600498.SH,41
600498.SH,14
600498.SH,7
600498.SH,14
600498.SH,9
600498.SH,19
600498.SH,22
600498.SH,75
600498.SH,17
600498.SH,21
600498.SH,19
600498.SH,17
600498.SH,27
600498.SH,19
600499.SH,29
600499.SH,22
600499.SH,13
600499.SH,17
600499.SH,19
600499.SH,29
600499.SH,27
600499.SH,19
600499.SH,37
600499.SH,21
600499.SH,33
600499.SH,29
600499.SH,29
600500.SH,18
600500.SH,66
600500.SH,71
600500.SH,17
600500.SH,28
600501.SH,17
600501.SH,27
600501.SH,19
600501.SH,14
600501.SH,17
600501.SH,27
600501.SH,28
600501.SH,53
600501.SH,17
600501.SH,21
600501.SH,50
600502.SH,92
600502.SH,103
600502.SH,35
600502.SH,22
600503.SH,40
600503.SH,17
600505.SH,32
600505.SH,21
600505.SH,17
600505.SH,109
600505.SH,70
600505.SH,17
600505.SH,27
600505.SH,27
600506.SH,33
600506.SH,20
600506.SH,29
600506.SH,13
600506.SH,58
600506.SH,19
600506.SH,17
600506.SH,39
600506.SH,21
600506.SH,36
600507.SH,17
600507.SH,19
600507.SH,72
600507.SH,19
600507.SH,55
600507.SH,10
600507.SH,19
600507.SH,27
600508.SH,112
600508.SH,21
600509.SH,53
600509.SH,15
600509.SH,17
600509.SH,14
600509.SH,14
600509.SH,19
600509.SH,41
600509.SH,22
600509.SH,8
600509.SH,35
600509.SH,8
600509.SH,41
600509.SH,19
600510.SH,24
600510.SH,21
600510.SH,42
600510.SH,58
600510.SH,23
600511.SH,51
600511.SH,22
600511.SH,62
600511.SH,19
600511.SH,60
600511.SH,14
600511.SH,34
600512.SH,137
600513.SH,19
600513.SH,19
600513.SH,65
600513.SH,19
600513.SH,56
600513.SH,21
600513.SH,21
600513.SH,25
600513.SH,19
600515.SH,13
600515.SH,9
600515.SH,19
600515.SH,20
600515.SH,17
600515.SH,19
600515.SH,16
600515.SH,19
600515.SH,36
600515.SH,19
600516.SH,11
600516.SH,13
600516.SH,21
600516.SH,29
600516.SH,17
600516.SH,53
600516.SH,17
600516.SH,33
600516.SH,19
600517.SH,30
600517.SH,9
600517.SH,19
600517.SH,29
600517.SH,20
600517.SH,19
600517.SH,38
600517.SH,12
600517.SH,7
600517.SH,17
600517.SH,27
600518.SH,20
600518.SH,30
600518.SH,19
600518.SH,22
600518.SH,7
600518.SH,17
600518.SH,49
600518.SH,11
600518.SH,56
600518.SH,7
600518.SH,43
600518.SH,36
600519.SH,62
600519.SH,12
600519.SH,20
600519.SH,14
600519.SH,8
600519.SH,69
600519.SH,56
600519.SH,24
600519.SH,27
600519.SH,19
600519.SH,17
600520.SH,32
600520.SH,27
600520.SH,150
600520.SH,25
600521.SH,8
600521.SH,20
600521.SH,22
600521.SH,17
600521.SH,33
600521.SH,20
600521.SH,65
600521.SH,53
600521.SH,60
600521.SH,21
600522.SH,19
600522.SH,19
600522.SH,22
600522.SH,7
600522.SH,17
600522.SH,20
600522.SH,27
600522.SH,22
600522.SH,25
600522.SH,9
600522.SH,26
600522.SH,17
600522.SH,19
600522.SH,27
600522.SH,22
600523.SH,32
600523.SH,21
600523.SH,17
600523.SH,19
600523.SH,111
600523.SH,22
600523.SH,51
600527.SH,13
600527.SH,32
600527.SH,27
600527.SH,77
600527.SH,20
600527.SH,28
600527.SH,28
600528.SH,53
600528.SH,21
600528.SH,11
600528.SH,21
600528.SH,58
600528.SH,12
600528.SH,8
600528.SH,42
600528.SH,20
600529.SH,20
600529.SH,16
600529.SH,19
600529.SH,90
600529.SH,63
600530.SH,30
600530.SH,46
600530.SH,45
600531.SH,25
600531.SH,8
600531.SH,19
600531.SH,8
600531.SH,17
600531.SH,10
600531.SH,17
600531.SH,11
600531.SH,17
600531.SH,29
600531.SH,27
600531.SH,39
600531.SH,21
600531.SH,17
600531.SH,32
600531.SH,37
600535.SH,19
600535.SH,31
600535.SH,13
600535.SH,12
600535.SH,20
600535.SH,88
600535.SH,54
600535.SH,20
600535.SH,59
600536.SH,23
600536.SH,22
600536.SH,18
600536.SH,17
600536.SH,40
600536.SH,19
600536.SH,18
600536.SH,49
600536.SH,7
600536.SH,11
600536.SH,17
600537.SH,31
600537.SH,18
600537.SH,19
600537.SH,42
600537.SH,51
600537.SH,40
600537.SH,40
600537.SH,23
600538.SH,56
600538.SH,60
600539.SH,76
600539.SH,169
600539.SH,60
600540.SH,21
600540.SH,44
600540.SH,173
600540.SH,40
600545.SH,19
600545.SH,30
600545.SH,38
600545.SH,105
600545.SH,18
600546.SH,50
600546.SH,12
600546.SH,17
600546.SH,38
600546.SH,25
600546.SH,19
600546.SH,19
600546.SH,51
600546.SH,19
600546.SH,17
600546.SH,18
600546.SH,17
600547.SH,22
600547.SH,7
600547.SH,7
600547.SH,39
600547.SH,21
600547.SH,7
600547.SH,17
600547.SH,21
600547.SH,53
600547.SH,17
600547.SH,21
600547.SH,19
600547.SH,34
600547.SH,37
600549.SH,7
600549.SH,20
600549.SH,19
600549.SH,17
600549.SH,10
600549.SH,17
600549.SH,19
600549.SH,17
600549.SH,27
600549.SH,19
600549.SH,17
600549.SH,21
600549.SH,19
600549.SH,21
600549.SH,20
600549.SH,27
600550.SH,20
600550.SH,27
600550.SH,19
600550.SH,29
600550.SH,51
600550.SH,19
600550.SH,7
600550.SH,38
600550.SH,19
600550.SH,21
600550.SH,19
600550.SH,25
600551.SH,24
600551.SH,21
600551.SH,71
600552.SH,46
600552.SH,7
600552.SH,16
600552.SH,12
600552.SH,13
600552.SH,8
600552.SH,20
600552.SH,22
600552.SH,44
600552.SH,40
600552.SH,7
600552.SH,21
600552.SH,20
600552.SH,58
600556.SH,20
600556.SH,11
600556.SH,21
600556.SH,24
600556.SH,8
600556.SH,19
600556.SH,21
600556.SH,15
600556.SH,27
600556.SH,19
600556.SH,51
600556.SH,21
600556.SH,19
600556.SH,58
600557.SH,19
600557.SH,17
600557.SH,13
600557.SH,19
600557.SH,58
600557.SH,22
600557.SH,7
600557.SH,24
600558.SH,20
600558.SH,22
600558.SH,21
600558.SH,22
600558.SH,62
600558.SH,8
600558.SH,19
600558.SH,39
600558.SH,19
600558.SH,19
600558.SH,35
600559.SH,35
600559.SH,21
600559.SH,13
600559.SH,20
600559.SH,8
600559.SH,17
600559.SH,66
600559.SH,63
600559.SH,17
600562.SH,17
600562.SH,20
600562.SH,19
600562.SH,17
600562.SH,57
600562.SH,27
600562.SH,39
600562.SH,18
600562.SH,19
600562.SH,21
600562.SH,40
600563.SH,33
600563.SH,19
600563.SH,17
600563.SH,27
600563.SH,13
600563.SH,17
600563.SH,13
600563.SH,29
600563.SH,61
600563.SH,13
600563.SH,10
600563.SH,7
600563.SH,20
600563.SH,27
600563.SH,19
600566.SH,22
600566.SH,15
600566.SH,20
600566.SH,36
600566.SH,78
600566.SH,24
600566.SH,65
600566.SH,27
600566.SH,17
600567.SH,15
600567.SH,21
600567.SH,17
600567.SH,13
600567.SH,22
600567.SH,28
600567.SH,59
600567.SH,39
600567.SH,25
600567.SH,29
600567.SH,27
600569.SH,88
600569.SH,115
600569.SH,19
600570.SH,17
600570.SH,15
600570.SH,19
600570.SH,19
600570.SH,8
600570.SH,17
600570.SH,55
600570.SH,57
600570.SH,19
600570.SH,12
600570.SH,7
600570.SH,86
600571.SH,20
600571.SH,19
600571.SH,38
600571.SH,77
600571.SH,25
600571.SH,35
600571.SH,11
600572.SH,11
600572.SH,31
600572.SH,19
600572.SH,21
600572.SH,70
600572.SH,7
600572.SH,28
600572.SH,48
600572.SH,69
600573.SH,20
600573.SH,42
600575.SH,56
600575.SH,20
600575.SH,32
600575.SH,25
600575.SH,41
600575.SH,19
600575.SH,72
600575.SH,13
600575.SH,27
600575.SH,17
600576.SH,82
600576.SH,12
600576.SH,17
600576.SH,57
600576.SH,42
600576.SH,21
600576.SH,21
600577.SH,19
600577.SH,20
600577.SH,17
600577.SH,19
600577.SH,19
600577.SH,7
600577.SH,21
600577.SH,17
600577.SH,27
600577.SH,20
600577.SH,30
600577.SH,19
600577.SH,21
600577.SH,36
600578.SH,19
600578.SH,20
600578.SH,15
600578.SH,48
600578.SH,18
600578.SH,35
600578.SH,19
600578.SH,35
600578.SH,19
600578.SH,21
600578.SH,46
600578.SH,13
600579.SH,19
600579.SH,17
600579.SH,59
600579.SH,11
600579.SH,109
600580.SH,46
600580.SH,23
600580.SH,19
600580.SH,20
600580.SH,17
600580.SH,19
600580.SH,28
600580.SH,34
600580.SH,21
600580.SH,21
600580.SH,43
600582.SH,8
600582.SH,13
600582.SH,17
600582.SH,18
600582.SH,44
600582.SH,12
600582.SH,17
600582.SH,59
600582.SH,15
600582.SH,8
600582.SH,27
600582.SH,16
600583.SH,19
600583.SH,17
600583.SH,19
600583.SH,19
600583.SH,45
600583.SH,7
600583.SH,19
600583.SH,8
600583.SH,41
600583.SH,14
600583.SH,7
600583.SH,17
600583.SH,27
600584.SH,45
600584.SH,8
600584.SH,17
600584.SH,7
600584.SH,19
600584.SH,7
600584.SH,22
600584.SH,19
600584.SH,27
600584.SH,42
600584.SH,17
600584.SH,11
600584.SH,17
600584.SH,35
600585.SH,7
600585.SH,11
600585.SH,17
600585.SH,18
600585.SH,45
600585.SH,36
600585.SH,53
600585.SH,14
600585.SH,8
600585.SH,27
600585.SH,17
600586.SH,48
600586.SH,53
600586.SH,19
600586.SH,26
600586.SH,22
600586.SH,17
600586.SH,19
600586.SH,41
600587.SH,12
600587.SH,19
600587.SH,30
600587.SH,27
600587.SH,83
600587.SH,17
600587.SH,53
600588.SH,25
600588.SH,11
600588.SH,19
600588.SH,19
600588.SH,38
600588.SH,35
600588.SH,19
600588.SH,42
600588.SH,9
600588.SH,19
600589.SH,27
600589.SH,20
600589.SH,19
600589.SH,29
600589.SH,17
600589.SH,60
600589.SH,17
600589.SH,14
600589.SH,38
600589.SH,17
600589.SH,19
600589.SH,27
600590.SH,21
600590.SH,22
600590.SH,11
600590.SH,7
600590.SH,71
600590.SH,42
600590.SH,17
600590.SH,11
600590.SH,17
600590.SH,19
600590.SH,27
600592.SH,19
600592.SH,29
600592.SH,21
600592.SH,20
600592.SH,24
600592.SH,19
600592.SH,61
600592.SH,17
600592.SH,21
600592.SH,22
600593.SH,21
600593.SH,22
600593.SH,13
600593.SH,35
600593.SH,11
600593.SH,19
600593.SH,30
600593.SH,19
600593.SH,62
600593.SH,17
600593.SH,42
600593.SH,19
600594.SH,216
600595.SH,31
600595.SH,17
600595.SH,19
600595.SH,21
600595.SH,17
600595.SH,21
600595.SH,27
600595.SH,19
600595.SH,17
600595.SH,19
600595.SH,19
600595.SH,21
600595.SH,17
600595.SH,34
600595.SH,35
600596.SH,10
600596.SH,19
600596.SH,19
600596.SH,7
600596.SH,67
600596.SH,21
600596.SH,26
600596.SH,13
600596.SH,17
600596.SH,19
600596.SH,28
600596.SH,28
600597.SH,27
600597.SH,20
600598.SH,17
600598.SH,14
600598.SH,10
600598.SH,9
600598.SH,22
600598.SH,25
600598.SH,25
600598.SH,20
600598.SH,19
600598.SH,17
600598.SH,19
600598.SH,14
600598.SH,19
600598.SH,30
600598.SH,19
600600.SH,55
600600.SH,29
600600.SH,51
600600.SH,34
600600.SH,54
600600.SH,23
600600.SH,7
600600.SH,29
600600.SH,7
600600.SH,19
600601.SH,19
600601.SH,17
600601.SH,19
600601.SH,19
600601.SH,17
600601.SH,21
600601.SH,29
600601.SH,27
600601.SH,19
600601.SH,17
600601.SH,21
600601.SH,39
600601.SH,43
600602.SH,47
600602.SH,16
600602.SH,19
600602.SH,19
600602.SH,7
600602.SH,31
600602.SH,33
600602.SH,62
600602.SH,21
600602.SH,23
600602.SH,27
600602.SH,20
600603.SH,181
600603.SH,20
600604.SH,21
600604.SH,25
600604.SH,36
600604.SH,27
600604.SH,41
600604.SH,37
600605.SH,54
600605.SH,14
600605.SH,44
600606.SH,17
600606.SH,32
600606.SH,18
600606.SH,40
600606.SH,20
600606.SH,56
600606.SH,23
600606.SH,27
600606.SH,20
600609.SH,26
600609.SH,69
600609.SH,27
600609.SH,57
600609.SH,65
600610.SH,19
600610.SH,26
600610.SH,45
600610.SH,19
600610.SH,57
600610.SH,16
600610.SH,52
600610.SH,21
600610.SH,17
600610.SH,40
600611.SH,19
600611.SH,49
600611.SH,36
600611.SH,50
600611.SH,88
600611.SH,17
600612.SH,84
600612.SH,143
600616.SH,142
600617.SH,23
600617.SH,71
600617.SH,39
600617.SH,17
600618.SH,26
600618.SH,37
600618.SH,19
600618.SH,17
600618.SH,40
600618.SH,17
600618.SH,19
600618.SH,28
600619.SH,52
600619.SH,17
600619.SH,19
600619.SH,17
600619.SH,27
600619.SH,35
600619.SH,32
600619.SH,18
600619.SH,19
600619.SH,9
600619.SH,49
600621.SH,18
600621.SH,25
600621.SH,17
600621.SH,18
600621.SH,17
600621.SH,46
600621.SH,15
600621.SH,76
600621.SH,10
600621.SH,19
600621.SH,7
600622.SH,19
600622.SH,38
600622.SH,20
600622.SH,41
600622.SH,22
600622.SH,19
600622.SH,58
600623.SH,11
600623.SH,19
600623.SH,26
600623.SH,8
600623.SH,21
600623.SH,29
600623.SH,26
600623.SH,57
600623.SH,17
600623.SH,38
600626.SH,39
600626.SH,19
600626.SH,71
600626.SH,19
600628.SH,78
600628.SH,27
600628.SH,23
600628.SH,61
600629.SH,32
600629.SH,24
600629.SH,7
600629.SH,18
600629.SH,19
600629.SH,26
600629.SH,25
600629.SH,49
600629.SH,31
600629.SH,21
600629.SH,25
600629.SH,27
600630.SH,26
600630.SH,42
600630.SH,18
600630.SH,19
600630.SH,21
600630.SH,8
600630.SH,43
600633.SH,25
600633.SH,21
600633.SH,17
600633.SH,19
600633.SH,14
600633.SH,19
600633.SH,23
600633.SH,40
600633.SH,22
600633.SH,36
600633.SH,9
600633.SH,19
600633.SH,70
600635.SH,15
600635.SH,11
600635.SH,35
600635.SH,17
600635.SH,19
600635.SH,27
600635.SH,18
600635.SH,19
600635.SH,34
600635.SH,17
600635.SH,39
600637.SH,8
600637.SH,27
600637.SH,14
600637.SH,17
600637.SH,7
600637.SH,7
600637.SH,20
600637.SH,13
600637.SH,37
600637.SH,31
600637.SH,28
600637.SH,21
600638.SH,60
600638.SH,75
600638.SH,28
600639.SH,147
600640.SH,25
600640.SH,76
600640.SH,19
600641.SH,7
600641.SH,19
600641.SH,8
600641.SH,11
600641.SH,17
600641.SH,27
600641.SH,64
600641.SH,21
600641.SH,19
600641.SH,17
600641.SH,28
600641.SH,19
600642.SH,56
600642.SH,48
600642.SH,53
600642.SH,10
600642.SH,14
600642.SH,20
600642.SH,51
600642.SH,10
600642.SH,17
600642.SH,15
600642.SH,19
600642.SH,7
600643.SH,18
600643.SH,33
600643.SH,8
600643.SH,27
600643.SH,117
600643.SH,65
600643.SH,21
600644.SH,19
600644.SH,20
600644.SH,17
600644.SH,35
600644.SH,63
600644.SH,25
600644.SH,65
600644.SH,19
600644.SH,28
600644.SH,17
600645.SH,19
600645.SH,31
600645.SH,19
600645.SH,21
600645.SH,62
600645.SH,20
600645.SH,21
600645.SH,42
600645.SH,7
600645.SH,43
600645.SH,10
600645.SH,19
600649.SH,29
600649.SH,7
600649.SH,10
600649.SH,17
600649.SH,19
600649.SH,42
600649.SH,56
600649.SH,14
600649.SH,17
600650.SH,25
600650.SH,20
600650.SH,43
600650.SH,112
600650.SH,21
600650.SH,17
600651.SH,17
600651.SH,19
600651.SH,26
600651.SH,46
600651.SH,25
600651.SH,31
600651.SH,19
600651.SH,65
600654.SH,27
600654.SH,72
600654.SH,19
600654.SH,47
600654.SH,7
600654.SH,81
600655.SH,154
600657.SH,27
600658.SH,46
600658.SH,18
600658.SH,33
600658.SH,41
600658.SH,71
600660.SH,7
600660.SH,20
600660.SH,23
600660.SH,19
600660.SH,26
600660.SH,17
600660.SH,19
600660.SH,66
600660.SH,38
600660.SH,30
600660.SH,57
600662.SH,166
600663.SH,118
600664.SH,19
600664.SH,28
600664.SH,16
600664.SH,12
600664.SH,21
600664.SH,64
600664.SH,20
600664.SH,22
600664.SH,96
600664.SH,30
600666.SH,27
600666.SH,17
600666.SH,19
600666.SH,17
600666.SH,19
600666.SH,72
600666.SH,61
600666.SH,9
600666.SH,19
600666.SH,27
600666.SH,17
600666.SH,19
600667.SH,15
600667.SH,15
600667.SH,19
600667.SH,8
600667.SH,19
600667.SH,17
600667.SH,27
600667.SH,19
600667.SH,43
600667.SH,21
600667.SH,17
600667.SH,42
600668.SH,42
600668.SH,10
600668.SH,42
600671.SH,177
600673.SH,23
600673.SH,9
600673.SH,19
600673.SH,19
600673.SH,17
600673.SH,19
600673.SH,17
600673.SH,46
600673.SH,28
600673.SH,17
600673.SH,19
600673.SH,21
600673.SH,19
600673.SH,38
600674.SH,11
600674.SH,42
600674.SH,21
600674.SH,80
600674.SH,17
600674.SH,31
600674.SH,53
600674.SH,22
600674.SH,17
600674.SH,7
600674.SH,19
600675.SH,17
600675.SH,39
600675.SH,24
600675.SH,67
600675.SH,17
600676.SH,19
600676.SH,26
600676.SH,36
600676.SH,27
600676.SH,88
600676.SH,42
600678.SH,35
600678.SH,19
600678.SH,25
600678.SH,20
600678.SH,67
600678.SH,25
600678.SH,19
600678.SH,21
600678.SH,28
600679.SH,61
600679.SH,44
600679.SH,60
600679.SH,38
600681.SH,54
600681.SH,22
600681.SH,33
600681.SH,20
600682.SH,28
600682.SH,19
600682.SH,21
600682.SH,70
600682.SH,37
600682.SH,21
600682.SH,58
600682.SH,26
600683.SH,79
600683.SH,27
600683.SH,20
600684.SH,34
600684.SH,19
600684.SH,17
600684.SH,19
600684.SH,37
600684.SH,52
600684.SH,39
600684.SH,27
600685.SH,21
600685.SH,14
600685.SH,12
600685.SH,19
600685.SH,21
600685.SH,17
600685.SH,40
600685.SH,27
600685.SH,7
600685.SH,16
600685.SH,19
600685.SH,28
600685.SH,17
600685.SH,19
600685.SH,27
600686.SH,19
600686.SH,35
600686.SH,8
600686.SH,39
600686.SH,52
600686.SH,19
600686.SH,17
600686.SH,19
600686.SH,19
600686.SH,21
600686.SH,28
600686.SH,44
600688.SH,41
600688.SH,62
600688.SH,26
600688.SH,43
600688.SH,10
600688.SH,19
600688.SH,27
600690.SH,51
600690.SH,19
600690.SH,31
600690.SH,19
600690.SH,52
600690.SH,12
600690.SH,15
600690.SH,19
600690.SH,35
600690.SH,22
600691.SH,52
600691.SH,77
600691.SH,34
600691.SH,19
600693.SH,77
600693.SH,32
600693.SH,17
600693.SH,47
600693.SH,20
600693.SH,18
600693.SH,20
600693.SH,42
600694.SH,144
600694.SH,27
600697.SH,68
600697.SH,28
600697.SH,48
600698.SH,34
600698.SH,17
600698.SH,19
600698.SH,20
600698.SH,52
600698.SH,19
600698.SH,21
600698.SH,50
600698.SH,78
600699.SH,19
600699.SH,27
600699.SH,20
600699.SH,9
600699.SH,13
600699.SH,8
600699.SH,19
600699.SH,17
600699.SH,41
600699.SH,37
600699.SH,12
600699.SH,21
600699.SH,82
600702.SH,17
600702.SH,7
600702.SH,19
600702.SH,7
600702.SH,17
600702.SH,41
600702.SH,25
600702.SH,45
600702.SH,35
600703.SH,12
600703.SH,35
600703.SH,13
600703.SH,16
600703.SH,18
600703.SH,7
600703.SH,18
600703.SH,19
600703.SH,72
600703.SH,19
600703.SH,13
600703.SH,17
600703.SH,34
600703.SH,19
600704.SH,19
600704.SH,28
600704.SH,7
600704.SH,19
600704.SH,30
600704.SH,19
600704.SH,22
600704.SH,27
600704.SH,51
600704.SH,7
600704.SH,12
600704.SH,7
600704.SH,17
600704.SH,32
600706.SH,20
600706.SH,35
600706.SH,12
600706.SH,17
600706.SH,55
600706.SH,21
600706.SH,14
600706.SH,29
600706.SH,25
600707.SH,9
600707.SH,8
600707.SH,38
600707.SH,88
600707.SH,19
600707.SH,19
600707.SH,15
600707.SH,17
600707.SH,33
600708.SH,45
600708.SH,31
600708.SH,26
600708.SH,87
600708.SH,19
600710.SH,59
600710.SH,19
600710.SH,20
600710.SH,41
600710.SH,29
600710.SH,62
600710.SH,11
600710.SH,10
600710.SH,11
600710.SH,27
600710.SH,41
600711.SH,23
600711.SH,7
600711.SH,16
600711.SH,19
600711.SH,19
600711.SH,21
600711.SH,18
600711.SH,27
600711.SH,19
600711.SH,17
600711.SH,19
600711.SH,19
600711.SH,21
600711.SH,17
600711.SH,62
600712.SH,57
600712.SH,20
600712.SH,19
600712.SH,18
600712.SH,49
600712.SH,53
600713.SH,8
600713.SH,24
600713.SH,79
600714.SH,33
600714.SH,76
600714.SH,60
600714.SH,19
600714.SH,27
600714.SH,20
600715.SH,17
600715.SH,68
600715.SH,83
600717.SH,8
600717.SH,56
600717.SH,9
600717.SH,97
600717.SH,42
600718.SH,21
600718.SH,9
600718.SH,12
600718.SH,14
600718.SH,30
600718.SH,62
600718.SH,41
600718.SH,21
600719.SH,56
600719.SH,175
600719.SH,86
600721.SH,21
600721.SH,38
600721.SH,19
600721.SH,19
600721.SH,17
600721.SH,70
600721.SH,20
600721.SH,19
600721.SH,93
600722.SH,19
600722.SH,44
600722.SH,79
600722.SH,19
600722.SH,27
600722.SH,17
600724.SH,79
600724.SH,41
600725.SH,48
600725.SH,21
600725.SH,21
600725.SH,30
600726.SH,17
600726.SH,94
600726.SH,23
600726.SH,104
600726.SH,17
600726.SH,19
600727.SH,32
600727.SH,22
600727.SH,14
600727.SH,8
600727.SH,20
600727.SH,171
600727.SH,27
600728.SH,22
600728.SH,21
600728.SH,12
600728.SH,10
600728.SH,19
600728.SH,12
600728.SH,18
600728.SH,25
600728.SH,83
600728.SH,8
600728.SH,21
600729.SH,91
600729.SH,39
600729.SH,24
600730.SH,19
600730.SH,17
600730.SH,57
600730.SH,19
600730.SH,19
600730.SH,31
600731.SH,34
600731.SH,17
600731.SH,70
600731.SH,129
600732.SH,17
600732.SH,13
600732.SH,19
600732.SH,17
600732.SH,19
600732.SH,17
600732.SH,19
600732.SH,19
600732.SH,30
600732.SH,57
600732.SH,18
600732.SH,11
600732.SH,19
600732.SH,27
600732.SH,17
600733.SH,21
600733.SH,19
600733.SH,15
600733.SH,14
600733.SH,17
600733.SH,32
600733.SH,42
600733.SH,49
600733.SH,21
600733.SH,17
600734.SH,37
600734.SH,19
600734.SH,38
600734.SH,26
600734.SH,48
600734.SH,17
600734.SH,19
600734.SH,34
600734.SH,43
600736.SH,26
600736.SH,23
600736.SH,20
600736.SH,44
600736.SH,14
600736.SH,21
600736.SH,39
600737.SH,10
600737.SH,8
600737.SH,19
600737.SH,12
600737.SH,17
600737.SH,19
600737.SH,44
600737.SH,19
600737.SH,27
600737.SH,22
600737.SH,17
600737.SH,7
600737.SH,32
600738.SH,20
600738.SH,17
600738.SH,28
600738.SH,102
600738.SH,44
600738.SH,33
600739.SH,15
600739.SH,16
600739.SH,17
600739.SH,17
600739.SH,8
600739.SH,38
600739.SH,28
600739.SH,17
600739.SH,54
600739.SH,17
600739.SH,48
600740.SH,52
600740.SH,7
600740.SH,19
600740.SH,78
600740.SH,27
600740.SH,17
600741.SH,46
600741.SH,14
600741.SH,13
600741.SH,30
600741.SH,19
600741.SH,18
600741.SH,34
600741.SH,43
600741.SH,10
600741.SH,15
600741.SH,17
600741.SH,67
600742.SH,188
600742.SH,17
600744.SH,50
600744.SH,17
600744.SH,21
600744.SH,19
600744.SH,44
600744.SH,19
600744.SH,44
600744.SH,25
600744.SH,10
600744.SH,19
600744.SH,22
600744.SH,19
600745.SH,20
600745.SH,27
600745.SH,13
600745.SH,7
600745.SH,17
600745.SH,19
600745.SH,19
600745.SH,17
600745.SH,32
600745.SH,17
600745.SH,54
600745.SH,15
600745.SH,49
600746.SH,17
600748.SH,32
600748.SH,17
600748.SH,67
600748.SH,17
600749.SH,29
600749.SH,63
600749.SH,70
600750.SH,99
600750.SH,83
600750.SH,19
600750.SH,8
600750.SH,45
600750.SH,7
600750.SH,35
600750.SH,14
600751.SH,14
600751.SH,8
600751.SH,19
600751.SH,19
600751.SH,18
600751.SH,19
600751.SH,22
600751.SH,19
600751.SH,34
600751.SH,49
600751.SH,18
600751.SH,31
600751.SH,35
600754.SH,12
600754.SH,24
600754.SH,10
600754.SH,17
600754.SH,7
600754.SH,43
600754.SH,10
600754.SH,17
600754.SH,34
600754.SH,12
600754.SH,17
600754.SH,7
600754.SH,27
600754.SH,13
600754.SH,15
600755.SH,38
600755.SH,31
600755.SH,32
600755.SH,25
600755.SH,11
600755.SH,17
600755.SH,19
600755.SH,21
600755.SH,69
600756.SH,7
600756.SH,49
600756.SH,17
600756.SH,17
600756.SH,38
600756.SH,21
600756.SH,19
600756.SH,17
600756.SH,40
600756.SH,44
600756.SH,32
600757.SH,132
600757.SH,13
600757.SH,28
600757.SH,42
600757.SH,29
600758.SH,97
600758.SH,22
600758.SH,117
600758.SH,17
600759.SH,20
600759.SH,44
600759.SH,19
600759.SH,35
600759.SH,27
600759.SH,8
600759.SH,13
600759.SH,17
600759.SH,20
600759.SH,19
600759.SH,21
600759.SH,17
600759.SH,27
600760.SH,19
600760.SH,13
600760.SH,17
600760.SH,19
600760.SH,17
600760.SH,21
600760.SH,28
600760.SH,27
600760.SH,39
600760.SH,31
600760.SH,11
600760.SH,17
600760.SH,39
600761.SH,22
600761.SH,9
600761.SH,19
600761.SH,17
600761.SH,21
600761.SH,18
600761.SH,17
600761.SH,27
600761.SH,20
600761.SH,35
600761.SH,21
600761.SH,21
600761.SH,20
600761.SH,31
600763.SH,17
600763.SH,39
600763.SH,10
600763.SH,19
600763.SH,19
600763.SH,17
600763.SH,50
600763.SH,10
600763.SH,56
600763.SH,7
600763.SH,17
600763.SH,27
600764.SH,24
600764.SH,18
600764.SH,17
600764.SH,19
600764.SH,8
600764.SH,19
600764.SH,36
600764.SH,28
600764.SH,22
600764.SH,47
600764.SH,17
600764.SH,21
600764.SH,18
600765.SH,21
600765.SH,20
600765.SH,12
600765.SH,17
600765.SH,7
600765.SH,29
600765.SH,39
600765.SH,27
600765.SH,10
600765.SH,33
600765.SH,9
600765.SH,21
600765.SH,19
600765.SH,28
600769.SH,27
600769.SH,83
600769.SH,55
600769.SH,21
600770.SH,7
600770.SH,22
600770.SH,15
600770.SH,20
600770.SH,61
600770.SH,65
600770.SH,20
600771.SH,49
600771.SH,11
600771.SH,7
600771.SH,17
600771.SH,82
600771.SH,20
600771.SH,65
600773.SH,27
600773.SH,25
600773.SH,35
600773.SH,20
600773.SH,19
600773.SH,38
600773.SH,11
600773.SH,17
600773.SH,33
600773.SH,19
600774.SH,17
600774.SH,167
600775.SH,21
600775.SH,11
600775.SH,17
600775.SH,20
600775.SH,12
600775.SH,17
600775.SH,55
600775.SH,14
600775.SH,36
600775.SH,19
600775.SH,22
600775.SH,49
600776.SH,29
600776.SH,22
600776.SH,11
600776.SH,7
600776.SH,17
600776.SH,28
600776.SH,21
600776.SH,19
600776.SH,17
600776.SH,21
600776.SH,24
600776.SH,79
600778.SH,19
600778.SH,113
600778.SH,40
600778.SH,8
600779.SH,58
600779.SH,19
600779.SH,20
600779.SH,17
600779.SH,66
600779.SH,58
600779.SH,22
600780.SH,130
600780.SH,17
600782.SH,17
600782.SH,19
600782.SH,33
600782.SH,22
600782.SH,30
600782.SH,14
600782.SH,36
600782.SH,10
600782.SH,9
600782.SH,14
600782.SH,21
600782.SH,27
600783.SH,29
600783.SH,19
600783.SH,22
600783.SH,19
600783.SH,23
600783.SH,56
600785.SH,21
600785.SH,16
600785.SH,62
600785.SH,35
600785.SH,26
600785.SH,17
600787.SH,16
600787.SH,28
600787.SH,14
600787.SH,19
600787.SH,19
600787.SH,7
600787.SH,18
600787.SH,42
600787.SH,14
600787.SH,66
600787.SH,10
600787.SH,8
600787.SH,27
600789.SH,20
600789.SH,37
600789.SH,13
600789.SH,32
600789.SH,24
600789.SH,27
600789.SH,19
600789.SH,66
600789.SH,18
600791.SH,22
600792.SH,88
600792.SH,17
600792.SH,33
600792.SH,56
600792.SH,27
600792.SH,17
600793.SH,19
600793.SH,35
600793.SH,19
600793.SH,30
600793.SH,64
600794.SH,20
600794.SH,17
600794.SH,19
600794.SH,29
600794.SH,14
600795.SH,22
600795.SH,19
600795.SH,55
600795.SH,13
600795.SH,7
600795.SH,31
600795.SH,18
600795.SH,17
600795.SH,14
600795.SH,13
600795.SH,77
600795.SH,8
600795.SH,7
600796.SH,38
600797.SH,60
600797.SH,17
600797.SH,10
600797.SH,10
600797.SH,19
600797.SH,20
600797.SH,52
600797.SH,8
600797.SH,45
600797.SH,7
600797.SH,17
600797.SH,29
600798.SH,20
600798.SH,20
600798.SH,35
600798.SH,34
600798.SH,8
600798.SH,27
600798.SH,100
600798.SH,33
600800.SH,20
600800.SH,17
600800.SH,22
600800.SH,32
600800.SH,105
600800.SH,42
600800.SH,17
600800.SH,31
600800.SH,25
600801.SH,7
600801.SH,21
600801.SH,30
600801.SH,10
600801.SH,17
600801.SH,29
600801.SH,19
600801.SH,28
600801.SH,19
600801.SH,21
600801.SH,72
600802.SH,36
600802.SH,26
600803.SH,55
600803.SH,17
600803.SH,32
600803.SH,15
600803.SH,7
600803.SH,7
600803.SH,15
600803.SH,19
600803.SH,70
600803.SH,20
600803.SH,17
600805.SH,41
600805.SH,67
600805.SH,24
600805.SH,68
600807.SH,65
600807.SH,78
600808.SH,18
600808.SH,19
600808.SH,27
600808.SH,8
600808.SH,7
600808.SH,20
600808.SH,24
600808.SH,27
600808.SH,19
600808.SH,7
600808.SH,41
600808.SH,21
600808.SH,17
600808.SH,29
600808.SH,40
600809.SH,19
600809.SH,13
600809.SH,20
600809.SH,8
600809.SH,17
600809.SH,56
600809.SH,10
600809.SH,17
600809.SH,40
600809.SH,23
600810.SH,35
600810.SH,38
600810.SH,7
600810.SH,16
600810.SH,19
600810.SH,25
600810.SH,32
600810.SH,45
600810.SH,24
600810.SH,49
600810.SH,30
600812.SH,30
600812.SH,22
600812.SH,89
600812.SH,23
600812.SH,115
600812.SH,24
600814.SH,25
600814.SH,26
600815.SH,17
600815.SH,21
600815.SH,94
600815.SH,17
600816.SH,19
600816.SH,32
600816.SH,7
600816.SH,25
600816.SH,43
600816.SH,19
600816.SH,50
600816.SH,7
600816.SH,45
600819.SH,18
600819.SH,33
600819.SH,20
600819.SH,55
600819.SH,24
600820.SH,43
600820.SH,11
600820.SH,17
600820.SH,35
600820.SH,33
600820.SH,19
600820.SH,51
600820.SH,20
600820.SH,17
600820.SH,41
600821.SH,20
600821.SH,27
600821.SH,11
600821.SH,34
600821.SH,20
600821.SH,86
600821.SH,19
600821.SH,27
600821.SH,17
600822.SH,53
600822.SH,39
600822.SH,20
600822.SH,10
600822.SH,125
600824.SH,103
600824.SH,8
600824.SH,69
600824.SH,30
600824.SH,21
600824.SH,20
600825.SH,30
600825.SH,15
600825.SH,19
600825.SH,110
600825.SH,53
600826.SH,40
600826.SH,57
600826.SH,22
600826.SH,53
600826.SH,23
600827.SH,8
600827.SH,19
600827.SH,107
600827.SH,9
600827.SH,21
600827.SH,26
600828.SH,78
600828.SH,34
600828.SH,75
600828.SH,24
600828.SH,29
600828.SH,24
600829.SH,96
600829.SH,22
600829.SH,49
600830.SH,17
600830.SH,19
600830.SH,19
600833.SH,17
600833.SH,75
600835.SH,46
600835.SH,17
600835.SH,13
600835.SH,19
600835.SH,17
600835.SH,27
600835.SH,36
600835.SH,19
600835.SH,19
600835.SH,18
600835.SH,21
600838.SH,35
600838.SH,74
600838.SH,37
600838.SH,21
600838.SH,19
600839.SH,53
600839.SH,10
600839.SH,26
600839.SH,9
600839.SH,34
600839.SH,39
600839.SH,22
600839.SH,34
600839.SH,14
600839.SH,7
600839.SH,17
600839.SH,29
600841.SH,28
600841.SH,19
600841.SH,160
600841.SH,17
600841.SH,29
600841.SH,33
600843.SH,18
600843.SH,27
600843.SH,21
600843.SH,19
600843.SH,17
600843.SH,12
600843.SH,21
600843.SH,27
600843.SH,49
600843.SH,17
600844.SH,33
600844.SH,33
600844.SH,233
600844.SH,19
600845.SH,11
600845.SH,27
600845.SH,52
600845.SH,78
600845.SH,13
600845.SH,19
600845.SH,28
600845.SH,34
600846.SH,51
600846.SH,19
600846.SH,28
600846.SH,34
600848.SH,30
600848.SH,27
600848.SH,17
600848.SH,38
600848.SH,22
600848.SH,17
600850.SH,47
600850.SH,16
600850.SH,19
600850.SH,19
600850.SH,7
600850.SH,17
600850.SH,29
600850.SH,52
600850.SH,14
600850.SH,21
600850.SH,53
600851.SH,152
600851.SH,48
600851.SH,24
600853.SH,30
600853.SH,25
600853.SH,37
600853.SH,42
600853.SH,36
600855.SH,13
600855.SH,21
600855.SH,18
600855.SH,17
600855.SH,40
600855.SH,24
600855.SH,21
600855.SH,10
600855.SH,17
600855.SH,20
600855.SH,61
600857.SH,61
600857.SH,57
600857.SH,25
600858.SH,39
600858.SH,58
600858.SH,7
600858.SH,92
600858.SH,31
600858.SH,23
600859.SH,40
600859.SH,18
600859.SH,24
600859.SH,14
600859.SH,17
600859.SH,49
600859.SH,11
600859.SH,30
600859.SH,9
600859.SH,21
600860.SH,59
600860.SH,19
600860.SH,17
600860.SH,82
600860.SH,9
600860.SH,20
600860.SH,21
600860.SH,21
600860.SH,20
600860.SH,27
600862.SH,31
600862.SH,9
600862.SH,7
600862.SH,19
600862.SH,11
600862.SH,67
600862.SH,73
600862.SH,7
600862.SH,7
600862.SH,21
600862.SH,19
600862.SH,9
600863.SH,25
600863.SH,7
600863.SH,22
600863.SH,8
600863.SH,11
600863.SH,31
600863.SH,18
600863.SH,21
600863.SH,15
600863.SH,16
600863.SH,7
600863.SH,21
600863.SH,19
600863.SH,31
600863.SH,10
600863.SH,17
600863.SH,15
600863.SH,19
600864.SH,16
600864.SH,19
600864.SH,14
600864.SH,17
600864.SH,31
600864.SH,21
600864.SH,58
600864.SH,21
600864.SH,64
600864.SH,7
600864.SH,8
600865.SH,101
600865.SH,19
600865.SH,37
600866.SH,25
600866.SH,7
600866.SH,31
600866.SH,19
600866.SH,20
600866.SH,42
600866.SH,92
600866.SH,13
600866.SH,7
600866.SH,36
600866.SH,14
600867.SH,18
600867.SH,22
600867.SH,7
600867.SH,7
600867.SH,17
600867.SH,48
600867.SH,19
600867.SH,17
600867.SH,27
600867.SH,29
600867.SH,11
600867.SH,7
600867.SH,28
600867.SH,17
600867.SH,19
600868.SH,41
600868.SH,23
600868.SH,22
600868.SH,19
600868.SH,27
600868.SH,17
600868.SH,42
600869.SH,30
600869.SH,13
600869.SH,17
600869.SH,19
600869.SH,19
600869.SH,17
600869.SH,27
600869.SH,19
600869.SH,32
600869.SH,19
600869.SH,21
600869.SH,19
600869.SH,25
600869.SH,27
600871.SH,23
600871.SH,14
600871.SH,19
600871.SH,9
600871.SH,20
600871.SH,29
600871.SH,12
600871.SH,17
600871.SH,59
600871.SH,17
600871.SH,19
600871.SH,27
600872.SH,19
600872.SH,20
600872.SH,28
600872.SH,7
600872.SH,17
600872.SH,60
600872.SH,51
600872.SH,15
600872.SH,20
600872.SH,27
600872.SH,24
600873.SH,33
600873.SH,15
600873.SH,19
600873.SH,9
600873.SH,27
600873.SH,17
600873.SH,28
600873.SH,19
600873.SH,8
600873.SH,48
600873.SH,13
600873.SH,9
600873.SH,11
600873.SH,17
600873.SH,22
600874.SH,127
600875.SH,19
600875.SH,12
600875.SH,8
600875.SH,17
600875.SH,14
600875.SH,19
600875.SH,19
600875.SH,36
600875.SH,27
600875.SH,10
600875.SH,35
600875.SH,19
600875.SH,21
600875.SH,17
600875.SH,27
600877.SH,27
600877.SH,17
600877.SH,42
600877.SH,25
600877.SH,17
600877.SH,19
600877.SH,17
600877.SH,21
600879.SH,19
600879.SH,22
600879.SH,7
600879.SH,19
600879.SH,21
600879.SH,17
600879.SH,40
600879.SH,27
600879.SH,32
600879.SH,19
600879.SH,21
600879.SH,19
600879.SH,35
600880.SH,17
600880.SH,46
600880.SH,57
600880.SH,33
600880.SH,42
600880.SH,17
600880.SH,19
600881.SH,25
600881.SH,30
600881.SH,19
600881.SH,17
600881.SH,60
600881.SH,17
600882.SH,11
600882.SH,18
600882.SH,68
600882.SH,54
600882.SH,18
600882.SH,25
600882.SH,20
600882.SH,7
600884.SH,19
600884.SH,17
600884.SH,19
600884.SH,15
600884.SH,19
600884.SH,17
600884.SH,10
600884.SH,17
600884.SH,49
600884.SH,19
600884.SH,17
600884.SH,21
600884.SH,28
600884.SH,27
600885.SH,62
600885.SH,13
600885.SH,12
600885.SH,17
600885.SH,14
600885.SH,19
600885.SH,16
600885.SH,19
600885.SH,38
600885.SH,19
600885.SH,13
600885.SH,50
600886.SH,47
600886.SH,20
600886.SH,7
600886.SH,74
600886.SH,19
600886.SH,76
600886.SH,45
600886.SH,10
600886.SH,17
600887.SH,20
600887.SH,43
600887.SH,35
600887.SH,8
600887.SH,66
600887.SH,7
600887.SH,8
600887.SH,31
600887.SH,88
600887.SH,22
600888.SH,31
600888.SH,18
600888.SH,27
600888.SH,11
600888.SH,48
600888.SH,11
600888.SH,17
600888.SH,34
600888.SH,15
600889.SH,83
600889.SH,14
600889.SH,23
600889.SH,27
600889.SH,82
600889.SH,21
600889.SH,36
600893.SH,17
600893.SH,20
600893.SH,12
600893.SH,17
600893.SH,7
600893.SH,19
600893.SH,45
600893.SH,80
600893.SH,10
600893.SH,21
600893.SH,19
600893.SH,27
600895.SH,47
600895.SH,19
600895.SH,9
600895.SH,19
600895.SH,17
600895.SH,19
600895.SH,27
600895.SH,44
600895.SH,28
600895.SH,21
600895.SH,84
600897.SH,25
600897.SH,49
600900.SH,20
600900.SH,21
600900.SH,17
600900.SH,45
600900.SH,17
600900.SH,28
600900.SH,8
600900.SH,10
600900.SH,8
600900.SH,118
600900.SH,7
600900.SH,17
600901.SH,19
600901.SH,13
600901.SH,21
600901.SH,90
600901.SH,15
600901.SH,7
600901.SH,17
600901.SH,18
600901.SH,41
600901.SH,17
600901.SH,7
600901.SH,7
600901.SH,27
600901.SH,13
600901.SH,14
600903.SH,63
600903.SH,28
600903.SH,106
600905.SH,47
600905.SH,7
600905.SH,13
600905.SH,35
600905.SH,14
600905.SH,31
600905.SH,21
600905.SH,68
600905.SH,7
600905.SH,7
600905.SH,38
600905.SH,7
600905.SH,19
600906.SH,13
600906.SH,19
600906.SH,10
600906.SH,14
600906.SH,19
600906.SH,62
600906.SH,71
600906.SH,20
600906.SH,30
600908.SH,9
600908.SH,13
600908.SH,11
600908.SH,17
600908.SH,46
600908.SH,58
600908.SH,40
600908.SH,115
600909.SH,26
600909.SH,15
600909.SH,17
600909.SH,13
600909.SH,19
600909.SH,10
600909.SH,38
600909.SH,25
600909.SH,19
600909.SH,26
600909.SH,17
600909.SH,11
600909.SH,17
600916.SH,8
600916.SH,40
600916.SH,8
600916.SH,34
600916.SH,7
600916.SH,8
600916.SH,30
600916.SH,83
600916.SH,12
600916.SH,9
600916.SH,20
600918.SH,16
600918.SH,13
600918.SH,16
600918.SH,19
600918.SH,17
600918.SH,130
600918.SH,71
600919.SH,19
600919.SH,15
600919.SH,8
600919.SH,19
600919.SH,97
600919.SH,17
600919.SH,32
600919.SH,36
600919.SH,22
600919.SH,27
600919.SH,15
600919.SH,19
600926.SH,13
600926.SH,20
600926.SH,19
600926.SH,18
600926.SH,33
600926.SH,51
600926.SH,7
600926.SH,24
600926.SH,23
600926.SH,33
600926.SH,8
600926.SH,17
600926.SH,27
600926.SH,14
600926.SH,19
600927.SH,17
600927.SH,21
600927.SH,75
600927.SH,57
600927.SH,21
600928.SH,8
600928.SH,16
600928.SH,50
600928.SH,19
600928.SH,33
600928.SH,22
600928.SH,87
600929.SH,61
600929.SH,67
600929.SH,33
600929.SH,19
600930.SH,7
600930.SH,7
600933.SH,42
600933.SH,19
600933.SH,8
600933.SH,13
600933.SH,17
600933.SH,21
600933.SH,19
600933.SH,27
600933.SH,65
600933.SH,14
600935.SH,36
600935.SH,21
600936.SH,19
600938.SH,17
600938.SH,11
600938.SH,30
600938.SH,20
600938.SH,26
600938.SH,8
600938.SH,17
600938.SH,21
600938.SH,12
600938.SH,12
600938.SH,7
600938.SH,22
600938.SH,27
600938.SH,21
600938.SH,17
600938.SH,27
600938.SH,19
600939.SH,20
600939.SH,103
600939.SH,23
600941.SH,15
600941.SH,40
600941.SH,43
600941.SH,50
600941.SH,24
600941.SH,9
600941.SH,8
600941.SH,110
600941.SH,9
600955.SH,17
600955.SH,19
600955.SH,47
600956.SH,115
600958.SH,22
600958.SH,21
600958.SH,17
600958.SH,19
600958.SH,19
600958.SH,42
600958.SH,25
600958.SH,42
600958.SH,19
600958.SH,12
600959.SH,29
600959.SH,10
600959.SH,17
600959.SH,15
600959.SH,19
600959.SH,41
600959.SH,13
600959.SH,64
600959.SH,7
600959.SH,17
600959.SH,61
600960.SH,37
600960.SH,57
600960.SH,19
600960.SH,55
600960.SH,21
600961.SH,27
600961.SH,22
600961.SH,19
600961.SH,19
600961.SH,17
600961.SH,19
600961.SH,20
600961.SH,45
600961.SH,22
600961.SH,12
600961.SH,21
600961.SH,19
600961.SH,30
600962.SH,20
600962.SH,19
600962.SH,121
600962.SH,33
600963.SH,117
600963.SH,50
600963.SH,20
600963.SH,17
600965.SH,46
600965.SH,17
600966.SH,30
600966.SH,26
600966.SH,20
600966.SH,29
600967.SH,19
600967.SH,20
600967.SH,20
600967.SH,17
600967.SH,19
600967.SH,17
600967.SH,42
600967.SH,38
600967.SH,43
600967.SH,21
600967.SH,35
600968.SH,30
600968.SH,28
600968.SH,33
600968.SH,19
600968.SH,38
600968.SH,12
600968.SH,17
600968.SH,32
600968.SH,28
600968.SH,14
600968.SH,17
600968.SH,27
600969.SH,52
600969.SH,132
600969.SH,34
600969.SH,23
600969.SH,68
600970.SH,30
600970.SH,10
600970.SH,35
600970.SH,36
600970.SH,16
600970.SH,21
600970.SH,20
600970.SH,7
600970.SH,15
600970.SH,21
600970.SH,12
600970.SH,8
600970.SH,27
600970.SH,15
600970.SH,28
600971.SH,9
600971.SH,19
600971.SH,85
600971.SH,27
600971.SH,20
600973.SH,17
600973.SH,31
600973.SH,17
600973.SH,19
600973.SH,7
600973.SH,7
600973.SH,51
600973.SH,19
600973.SH,8
600973.SH,30
600973.SH,19
600973.SH,23
600973.SH,41
600973.SH,7
600973.SH,34
600975.SH,29
600975.SH,11
600975.SH,18
600975.SH,18
600975.SH,16
600975.SH,61
600976.SH,25
600976.SH,13
600977.SH,19
600977.SH,31
600977.SH,19
600977.SH,45
600977.SH,19
600977.SH,54
600977.SH,17
600977.SH,62
600979.SH,52
600979.SH,75
600979.SH,113
600979.SH,20
600980.SH,19
600980.SH,27
600980.SH,51
600980.SH,20
600980.SH,89
600980.SH,31
600981.SH,35
600981.SH,98
600981.SH,39
600981.SH,19
600982.SH,59
600982.SH,21
600982.SH,100
600982.SH,114
600982.SH,19
600984.SH,46
600984.SH,22
600984.SH,19
600984.SH,45
600984.SH,27
600985.SH,20
600985.SH,37
600985.SH,11
600985.SH,17
600985.SH,41
600985.SH,22
600985.SH,8
600985.SH,19
600985.SH,63
600985.SH,15
600985.SH,19
600985.SH,27
600985.SH,18
600986.SH,19
600986.SH,40
600986.SH,17
600986.SH,19
600986.SH,17
600986.SH,54
600986.SH,19
600986.SH,17
600986.SH,39
600986.SH,17
600986.SH,19
600986.SH,57
600987.SH,106
600987.SH,27
600988.SH,21
600988.SH,54
600988.SH,18
600988.SH,10
600988.SH,21
600988.SH,58
600988.SH,23
600988.SH,11
600988.SH,22
600988.SH,20
600988.SH,27
600988.SH,28
600989.SH,21
600989.SH,19
600989.SH,27
600989.SH,30
600989.SH,19
600989.SH,21
600989.SH,25
600989.SH,19
600989.SH,37
600989.SH,10
600989.SH,21
600989.SH,17
600989.SH,25
600989.SH,17
600990.SH,20
600990.SH,21
600990.SH,19
600990.SH,9
600990.SH,19
600990.SH,30
600990.SH,71
600990.SH,19
600990.SH,21
600990.SH,48
600992.SH,103
600992.SH,91
600993.SH,21
600993.SH,41
600993.SH,14
600993.SH,21
600993.SH,33
600993.SH,18
600993.SH,21
600993.SH,10
600993.SH,22
600993.SH,22
600995.SH,32
600995.SH,14
600995.SH,19
600995.SH,27
600995.SH,17
600995.SH,35
600995.SH,14
600995.SH,17
600995.SH,17
600995.SH,27
600995.SH,19
600996.SH,31
600996.SH,7
600996.SH,11
600996.SH,24
600996.SH,27
600996.SH,19
600996.SH,16
600996.SH,19
600996.SH,63
600996.SH,34
600996.SH,17
600997.SH,100
600997.SH,27
600997.SH,21
600998.SH,20
600998.SH,28
600998.SH,19
600998.SH,23
600998.SH,62
600998.SH,9
600998.SH,12
600998.SH,21
600998.SH,19
600998.SH,14
600998.SH,17
600998.SH,49
600998.SH,19
600999.SH,28
600999.SH,13
600999.SH,17
600999.SH,19
600999.SH,16
600999.SH,7
600999.SH,66
600999.SH,42
600999.SH,17
600999.SH,11
600999.SH,21
600999.SH,65
601000.SH,37
601000.SH,21
601000.SH,46
601000.SH,49
601000.SH,9
601000.SH,11
601000.SH,42
601000.SH,22
601000.SH,14
601000.SH,7
601000.SH,31
601000.SH,13
601000.SH,18
601001.SH,7
601001.SH,20
601001.SH,20
601001.SH,10
601001.SH,11
601001.SH,17
601001.SH,40
601001.SH,27
601001.SH,21
601001.SH,65
601001.SH,19
601001.SH,17
601001.SH,27
601002.SH,160
601002.SH,58
601003.SH,51
601003.SH,48
601003.SH,91
601003.SH,39
601005.SH,19
601005.SH,39
601005.SH,27
601005.SH,25
601005.SH,11
601005.SH,39
601005.SH,20
601005.SH,14
601005.SH,17
601005.SH,27
601006.SH,20
601006.SH,17
601006.SH,14
601006.SH,195
601006.SH,26
601006.SH,9
601006.SH,19
601007.SH,23
601007.SH,34
601007.SH,33
601007.SH,100
601007.SH,36
601007.SH,75
601008.SH,20
601008.SH,69
601008.SH,42
601008.SH,21
601008.SH,139
601009.SH,12
601009.SH,7
601009.SH,20
601009.SH,17
601009.SH,33
601009.SH,51
601009.SH,18
601009.SH,20
601009.SH,22
601009.SH,23
601009.SH,49
601009.SH,27
601009.SH,13
601010.SH,87
601010.SH,19
601011.SH,34
601011.SH,22
601011.SH,28
601011.SH,19
601011.SH,20
601011.SH,50
601011.SH,21
601011.SH,27
601011.SH,17
601012.SH,43
601012.SH,8
601012.SH,19
601012.SH,25
601012.SH,10
601012.SH,10
601012.SH,20
601012.SH,27
601012.SH,17
601012.SH,49
601012.SH,21
601012.SH,19
601012.SH,36
601015.SH,72
601015.SH,19
601015.SH,19
601015.SH,51
601015.SH,19
601015.SH,17
601015.SH,28
601016.SH,9
601016.SH,27
601016.SH,7
601016.SH,13
601016.SH,29
601016.SH,19
601016.SH,9
601016.SH,27
601016.SH,84
601016.SH,7
601016.SH,10
601016.SH,20
601016.SH,15
601016.SH,7
601016.SH,19
601018.SH,17
601018.SH,24
601018.SH,22
601018.SH,35
601018.SH,7
601018.SH,27
601018.SH,21
601018.SH,21
601018.SH,50
601018.SH,8
601018.SH,7
601018.SH,27
601019.SH,168
601019.SH,21
601019.SH,42
601019.SH,7
601019.SH,30
601020.SH,17
601020.SH,19
601020.SH,19
601020.SH,9
601020.SH,19
601020.SH,23
601020.SH,27
601020.SH,20
601020.SH,18
601020.SH,38
601020.SH,17
601020.SH,33
601021.SH,9
601021.SH,51
601021.SH,41
601021.SH,19
601021.SH,20
601021.SH,32
601021.SH,10
601021.SH,37
601021.SH,12
601021.SH,21
601021.SH,22
601021.SH,57
601022.SH,34
601022.SH,19
601022.SH,43
601022.SH,17
601022.SH,27
601022.SH,19
601022.SH,83
601022.SH,31
601033.SH,187
601038.SH,20
601038.SH,23
601038.SH,8
601038.SH,27
601038.SH,14
601058.SH,17
601058.SH,20
601058.SH,12
601058.SH,8
601058.SH,17
601058.SH,21
601058.SH,10
601058.SH,17
601058.SH,29
601058.SH,19
601058.SH,19
601058.SH,17
601058.SH,46
601058.SH,21
601058.SH,58
601059.SH,31
601059.SH,17
601059.SH,21
601059.SH,19
601059.SH,17
601059.SH,20
601059.SH,32
601059.SH,85
601059.SH,38
601061.SH,17
601061.SH,25
601061.SH,10
601061.SH,19
601061.SH,22
601061.SH,27
601061.SH,19
601061.SH,43
601061.SH,13
601061.SH,17
601061.SH,34
601066.SH,24
601066.SH,12
601066.SH,8
601066.SH,16
601066.SH,19
601066.SH,16
601066.SH,14
601066.SH,31
601066.SH,29
601066.SH,36
601066.SH,8
601066.SH,19
601068.SH,34
601068.SH,69
601068.SH,19
601068.SH,42
601068.SH,21
601068.SH,17
601068.SH,33
601068.SH,36
601069.SH,20
601069.SH,21
601069.SH,21
601069.SH,17
601069.SH,21
601069.SH,19
601069.SH,27
601069.SH,48
601069.SH,14
601069.SH,21
601069.SH,7
601069.SH,17
601069.SH,32
601069.SH,37
601077.SH,21
601077.SH,27
601077.SH,19
601077.SH,49
601077.SH,24
601077.SH,17
601077.SH,17
601077.SH,62
601077.SH,9
601077.SH,20
601077.SH,27
601077.SH,15
601077.SH,8
601077.SH,19
601083.SH,32
601083.SH,35
601083.SH,8
601083.SH,20
601083.SH,65
601083.SH,15
601083.SH,117
601083.SH,19
601083.SH,23
601086.SH,20
601086.SH,44
601086.SH,25
601086.SH,17
601086.SH,48
601086.SH,26
601086.SH,30
601086.SH,30
601088.SH,22
601088.SH,19
601088.SH,27
601088.SH,31
601088.SH,20
601088.SH,19
601088.SH,16
601088.SH,14
601088.SH,53
601088.SH,17
601088.SH,20
601088.SH,7
601088.SH,26
601088.SH,17
601089.SH,19
601089.SH,17
601089.SH,63
601089.SH,28
601089.SH,26
601089.SH,41
601096.SH,73
601096.SH,19
601096.SH,28
601098.SH,138
601098.SH,12
601098.SH,29
601098.SH,34
601099.SH,23
601099.SH,20
601099.SH,17
601099.SH,13
601099.SH,19
601099.SH,13
601099.SH,17
601099.SH,48
601099.SH,57
601099.SH,12
601099.SH,17
601100.SH,21
601100.SH,19
601100.SH,19
601100.SH,22
601100.SH,17
601100.SH,19
601100.SH,19
601100.SH,30
601100.SH,23
601100.SH,20
601100.SH,19
601100.SH,21
601100.SH,17
601100.SH,56
601101.SH,50
601101.SH,9
601101.SH,97
601101.SH,30
601101.SH,19
601106.SH,18
601106.SH,22
601106.SH,14
601106.SH,21
601106.SH,34
601106.SH,17
601106.SH,29
601106.SH,19
601106.SH,21
601107.SH,147
601107.SH,86
601107.SH,54
601108.SH,21
601108.SH,20
601108.SH,17
601108.SH,13
601108.SH,19
601108.SH,10
601108.SH,20
601108.SH,28
601108.SH,19
601108.SH,17
601108.SH,21
601108.SH,19
601108.SH,13
601108.SH,17
601108.SH,75
601111.SH,9
601111.SH,20
601111.SH,43
601111.SH,26
601111.SH,8
601111.SH,13
601111.SH,17
601111.SH,20
601111.SH,22
601111.SH,25
601111.SH,17
601111.SH,11
601111.SH,37
601111.SH,63
601113.SH,27
601113.SH,45
601113.SH,21
601113.SH,28
601113.SH,41
601116.SH,15
601116.SH,41
601116.SH,17
601116.SH,27
601116.SH,29
601116.SH,19
601116.SH,37
601116.SH,21
601117.SH,23
601117.SH,34
601117.SH,13
601117.SH,8
601117.SH,17
601117.SH,55
601117.SH,19
601117.SH,10
601117.SH,45
601117.SH,15
601117.SH,14
601117.SH,35
601117.SH,17
601118.SH,26
601118.SH,19
601118.SH,28
601118.SH,7
601118.SH,7
601118.SH,11
601118.SH,28
601118.SH,19
601118.SH,19
601118.SH,23
601118.SH,19
601118.SH,21
601118.SH,18
601118.SH,27
601121.SH,18
601121.SH,27
601121.SH,21
601121.SH,11
601121.SH,21
601121.SH,45
601121.SH,20
601121.SH,27
601126.SH,40
601126.SH,12
601126.SH,15
601126.SH,17
601126.SH,12
601126.SH,23
601126.SH,14
601126.SH,27
601126.SH,19
601126.SH,20
601126.SH,17
601126.SH,21
601126.SH,19
601126.SH,17
601126.SH,27
601127.SH,7
601127.SH,22
601127.SH,19
601127.SH,7
601127.SH,35
601127.SH,7
601127.SH,10
601127.SH,19
601127.SH,33
601127.SH,78
601128.SH,13
601128.SH,12
601128.SH,23
601128.SH,29
601128.SH,13
601128.SH,19
601128.SH,65
601128.SH,26
601128.SH,8
601128.SH,19
601128.SH,28
601128.SH,9
601133.SH,17
601133.SH,35
601133.SH,61
601133.SH,19
601133.SH,21
601133.SH,17
601133.SH,57
601136.SH,26
601136.SH,16
601136.SH,19
601136.SH,10
601136.SH,19
601136.SH,10
601136.SH,19
601136.SH,19
601136.SH,53
601136.SH,46
601136.SH,51
601137.SH,46
601137.SH,11
601137.SH,13
601137.SH,16
601137.SH,20
601137.SH,35
601137.SH,62
601137.SH,22
601137.SH,21
601137.SH,49
601137.SH,36
601138.SH,20
601138.SH,14
601138.SH,19
601138.SH,17
601138.SH,20
601138.SH,19
601138.SH,17
601138.SH,27
601138.SH,20
601138.SH,40
601138.SH,17
601138.SH,22
601138.SH,40
601138.SH,35
601139.SH,13
601139.SH,25
601139.SH,74
601139.SH,31
601139.SH,17
601155.SH,11
601155.SH,24
601155.SH,19
601155.SH,17
601155.SH,28
601155.SH,59
601155.SH,10
601155.SH,46
601155.SH,17
601155.SH,19
601156.SH,17
601156.SH,39
601156.SH,14
601156.SH,9
601156.SH,19
601156.SH,7
601156.SH,17
601156.SH,19
601156.SH,29
601156.SH,8
601156.SH,34
601156.SH,7
601156.SH,21
601156.SH,8
601156.SH,25
601162.SH,22
601162.SH,19
601162.SH,17
601162.SH,19
601162.SH,19
601162.SH,30
601162.SH,34
601162.SH,77
601166.SH,19
601166.SH,20
601166.SH,17
601166.SH,116
601166.SH,7
601166.SH,10
601166.SH,35
601166.SH,10
601166.SH,78
601166.SH,22
601168.SH,17
601168.SH,8
601168.SH,10
601168.SH,16
601168.SH,19
601168.SH,17
601168.SH,18
601168.SH,7
601168.SH,11
601168.SH,27
601168.SH,19
601168.SH,17
601168.SH,19
601168.SH,19
601168.SH,21
601168.SH,17
601168.SH,27
601168.SH,42
601169.SH,17
601169.SH,17
601169.SH,9
601169.SH,19
601169.SH,101
601169.SH,19
601169.SH,20
601169.SH,36
601169.SH,38
601169.SH,27
601169.SH,19
601177.SH,46
601177.SH,17
601177.SH,26
601177.SH,19
601177.SH,23
601177.SH,104
601177.SH,20
601179.SH,55
601179.SH,7
601179.SH,7
601179.SH,29
601179.SH,29
601179.SH,13
601179.SH,27
601179.SH,17
601179.SH,29
601179.SH,19
601179.SH,21
601179.SH,34
601179.SH,17
601186.SH,23
601186.SH,19
601186.SH,8
601186.SH,7
601186.SH,12
601186.SH,31
601186.SH,49
601186.SH,19
601186.SH,45
601186.SH,25
601186.SH,7
601186.SH,57
601187.SH,20
601187.SH,9
601187.SH,11
601187.SH,17
601187.SH,88
601187.SH,14
601187.SH,17
601187.SH,20
601187.SH,22
601187.SH,45
601187.SH,35
601187.SH,17
601188.SH,130
601198.SH,21
601198.SH,19
601198.SH,17
601198.SH,19
601198.SH,17
601198.SH,45
601198.SH,17
601198.SH,11
601198.SH,17
601198.SH,47
601198.SH,38
601200.SH,44
601200.SH,7
601208.SH,21
601208.SH,17
601208.SH,19
601208.SH,22
601208.SH,25
601208.SH,36
601208.SH,28
601208.SH,17
601208.SH,19
601208.SH,42
601208.SH,27
601208.SH,29
601211.SH,22
601211.SH,17
601211.SH,19
601211.SH,16
601211.SH,21
601211.SH,7
601211.SH,66
601211.SH,17
601211.SH,22
601211.SH,10
601211.SH,21
601212.SH,14
601212.SH,23
601212.SH,19
601212.SH,23
601212.SH,18
601212.SH,18
601212.SH,27
601212.SH,19
601212.SH,34
601212.SH,17
601212.SH,21
601212.SH,19
601212.SH,34
601212.SH,37
601216.SH,34
601216.SH,19
601216.SH,17
601216.SH,26
601216.SH,12
601216.SH,70
601216.SH,7
601216.SH,39
601216.SH,18
601216.SH,17
601216.SH,19
601216.SH,27
601218.SH,24
601218.SH,11
601218.SH,7
601218.SH,10
601218.SH,20
601218.SH,27
601218.SH,20
601218.SH,31
601218.SH,13
601218.SH,12
601218.SH,13
601218.SH,8
601218.SH,28
601218.SH,13
601218.SH,17
601222.SH,52
601222.SH,14
601222.SH,31
601222.SH,27
601222.SH,75
601222.SH,16
601222.SH,27
601222.SH,17
601225.SH,39
601225.SH,28
601225.SH,17
601225.SH,19
601225.SH,22
601225.SH,27
601225.SH,17
601225.SH,19
601225.SH,48
601225.SH,23
601225.SH,27
601225.SH,19
601226.SH,47
601226.SH,37
601226.SH,22
601226.SH,27
601226.SH,26
601226.SH,10
601226.SH,19
601226.SH,17
601226.SH,27
601228.SH,49
601228.SH,45
601228.SH,81
601228.SH,17
601228.SH,33
601229.SH,9
601229.SH,27
601229.SH,16
601229.SH,98
601229.SH,20
601229.SH,19
601229.SH,30
601229.SH,21
601229.SH,28
601229.SH,27
601229.SH,20
601231.SH,26
601231.SH,20
601231.SH,17
601231.SH,14
601231.SH,19
601231.SH,19
601231.SH,17
601231.SH,27
601231.SH,21
601231.SH,26
601231.SH,17
601231.SH,21
601231.SH,19
601231.SH,28
601233.SH,50
601233.SH,8
601233.SH,11
601233.SH,17
601233.SH,13
601233.SH,19
601233.SH,18
601233.SH,33
601233.SH,19
601233.SH,30
601233.SH,21
601233.SH,19
601233.SH,17
601233.SH,55
601236.SH,29
601236.SH,15
601236.SH,19
601236.SH,17
601236.SH,10
601236.SH,35
601236.SH,25
601236.SH,74
601236.SH,71
601238.SH,29
601238.SH,10
601238.SH,8
601238.SH,20
601238.SH,7
601238.SH,22
601238.SH,29
601238.SH,19
601238.SH,21
601238.SH,17
601238.SH,26
601238.SH,17
601238.SH,33
601238.SH,19
601279.SH,61
601279.SH,31
601279.SH,19
601279.SH,19
601288.SH,22
601288.SH,14
601288.SH,7
601288.SH,15
601288.SH,20
601288.SH,19
601288.SH,17
601288.SH,39
601288.SH,17
601288.SH,20
601288.SH,42
601288.SH,62
601288.SH,17
601288.SH,13
601298.SH,26
601298.SH,35
601298.SH,29
601298.SH,21
601298.SH,21
601298.SH,27
601298.SH,8
601298.SH,17
601298.SH,67
601298.SH,20
601311.SH,43
601311.SH,21
601311.SH,7
601311.SH,17
601311.SH,7
601311.SH,10
601311.SH,17
601311.SH,19
601311.SH,44
601311.SH,43
601311.SH,11
601311.SH,9
601311.SH,8
601311.SH,19
601311.SH,28
601311.SH,19
601318.SH,17
601318.SH,20
601318.SH,7
601318.SH,19
601318.SH,14
601318.SH,17
601318.SH,61
601318.SH,15
601318.SH,14
601318.SH,23
601318.SH,7
601318.SH,19
601318.SH,29
601318.SH,69
601319.SH,19
601319.SH,19
601319.SH,8
601319.SH,34
601319.SH,17
601319.SH,15
601319.SH,46
601319.SH,17
601319.SH,19
601319.SH,26
601319.SH,21
601326.SH,19
601326.SH,112
601326.SH,22
601328.SH,18
601328.SH,20
601328.SH,7
601328.SH,60
601328.SH,52
601328.SH,7
601328.SH,19
601328.SH,9
601328.SH,103
601328.SH,10
601328.SH,18
601330.SH,21
601333.SH,12
601333.SH,37
601333.SH,19
601333.SH,29
601333.SH,50
601333.SH,32
601333.SH,16
601333.SH,19
601333.SH,29
601333.SH,19
601336.SH,20
601336.SH,8
601336.SH,19
601336.SH,11
601336.SH,12
601336.SH,22
601336.SH,57
601336.SH,19
601336.SH,37
601336.SH,10
601336.SH,8
601336.SH,21
601336.SH,17
601339.SH,140
601339.SH,19
601360.SH,31
601360.SH,17
601360.SH,19
601360.SH,17
601360.SH,19
601360.SH,33
601360.SH,38
601360.SH,19
601360.SH,48
601360.SH,17
601360.SH,19
601360.SH,28
601369.SH,106
601369.SH,27
601369.SH,10
601369.SH,20
601369.SH,21
601369.SH,14
601369.SH,20
601369.SH,17
601375.SH,22
601375.SH,16
601375.SH,19
601375.SH,19
601375.SH,7
601375.SH,17
601375.SH,48
601375.SH,68
601375.SH,7
601375.SH,17
601375.SH,27
601377.SH,23
601377.SH,7
601377.SH,19
601377.SH,11
601377.SH,12
601377.SH,19
601377.SH,11
601377.SH,38
601377.SH,25
601377.SH,17
601377.SH,25
601377.SH,19
601388.SH,25
601388.SH,36
601388.SH,10
601388.SH,27
601388.SH,19
601388.SH,9
601388.SH,50
601388.SH,11
601388.SH,17
601388.SH,19
601388.SH,29
601388.SH,27
601390.SH,22
601390.SH,20
601390.SH,8
601390.SH,7
601390.SH,12
601390.SH,31
601390.SH,49
601390.SH,19
601390.SH,62
601390.SH,9
601390.SH,19
601390.SH,29
601390.SH,17
601398.SH,33
601398.SH,7
601398.SH,16
601398.SH,96
601398.SH,17
601398.SH,19
601398.SH,42
601398.SH,76
601398.SH,14
601399.SH,10
601399.SH,18
601399.SH,26
601399.SH,12
601399.SH,18
601399.SH,20
601399.SH,19
601399.SH,24
601399.SH,19
601399.SH,35
601399.SH,19
601399.SH,21
601456.SH,21
601456.SH,20
601456.SH,17
601456.SH,19
601456.SH,16
601456.SH,45
601456.SH,28
601456.SH,35
601456.SH,11
601456.SH,77
601456.SH,40
601500.SH,45
601500.SH,55
601500.SH,89
601500.SH,23
601512.SH,106
601515.SH,49
601515.SH,27
601515.SH,19
601515.SH,17
601515.SH,35
601515.SH,20
601515.SH,19
601515.SH,83
601515.SH,25
601515.SH,26
601519.SH,20
601519.SH,14
601519.SH,7
601519.SH,17
601519.SH,19
601519.SH,19
601519.SH,30
601519.SH,79
601519.SH,20
601519.SH,12
601519.SH,92
601528.SH,13
601528.SH,186
601528.SH,38
601528.SH,41
601555.SH,17
601555.SH,18
601555.SH,7
601555.SH,17
601555.SH,14
601555.SH,19
601555.SH,17
601555.SH,31
601555.SH,28
601555.SH,42
601555.SH,17
601555.SH,12
601555.SH,17
601555.SH,19
601555.SH,56
601566.SH,20
601566.SH,49
601567.SH,51
601567.SH,28
601567.SH,8
601567.SH,40
601567.SH,9
601567.SH,33
601567.SH,44
601567.SH,24
601567.SH,17
601567.SH,21
601567.SH,27
601568.SH,68
601568.SH,20
601568.SH,27
601577.SH,17
601577.SH,13
601577.SH,20
601577.SH,21
601577.SH,83
601577.SH,17
601577.SH,20
601577.SH,34
601577.SH,36
601577.SH,7
601577.SH,36
601579.SH,19
601579.SH,71
601579.SH,13
601579.SH,19
601579.SH,36
601579.SH,17
601579.SH,19
601579.SH,23
601579.SH,31
601579.SH,14
601595.SH,26
601595.SH,42
601595.SH,19
601595.SH,43
601595.SH,44
601595.SH,19
601595.SH,42
601595.SH,10
601595.SH,25
601598.SH,24
601598.SH,17
601598.SH,29
601598.SH,19
601598.SH,36
601598.SH,41
601598.SH,82
601598.SH,30
601599.SH,11
601599.SH,21
601600.SH,9
601600.SH,19
601600.SH,17
601600.SH,15
601600.SH,10
601600.SH,17
601600.SH,8
601600.SH,10
601600.SH,17
601600.SH,18
601600.SH,25
601600.SH,19
601600.SH,21
601600.SH,20
601600.SH,21
601600.SH,17
601600.SH,31
601601.SH,20
601601.SH,9
601601.SH,12
601601.SH,17
601601.SH,19
601601.SH,15
601601.SH,19
601601.SH,42
601601.SH,30
601601.SH,22
601601.SH,10
601601.SH,21
601601.SH,24
601601.SH,69
601606.SH,20
601606.SH,13
601606.SH,19
601606.SH,17
601606.SH,19
601606.SH,17
601606.SH,42
601606.SH,19
601606.SH,19
601606.SH,43
601606.SH,10
601606.SH,46
601607.SH,10
601607.SH,31
601607.SH,12
601607.SH,8
601607.SH,22
601607.SH,49
601607.SH,19
601607.SH,17
601607.SH,28
601607.SH,31
601607.SH,59
601607.SH,19
601608.SH,45
601608.SH,19
601608.SH,7
601608.SH,17
601608.SH,19
601608.SH,20
601608.SH,23
601608.SH,19
601608.SH,59
601608.SH,13
601608.SH,19
601608.SH,28
601609.SH,19
601609.SH,17
601609.SH,28
601609.SH,27
601609.SH,57
601609.SH,19
601609.SH,13
601609.SH,14
601609.SH,36
601609.SH,34
601611.SH,11
601611.SH,22
601611.SH,17
601611.SH,10
601611.SH,8
601611.SH,30
601611.SH,40
601611.SH,27
601611.SH,17
601611.SH,22
601611.SH,19
601611.SH,21
601611.SH,42
601611.SH,19
601615.SH,34
601615.SH,17
601615.SH,19
601615.SH,20
601615.SH,17
601615.SH,19
601615.SH,27
601615.SH,29
601615.SH,30
601615.SH,15
601615.SH,33
601616.SH,26
601616.SH,67
601616.SH,19
601616.SH,28
601618.SH,27
601618.SH,16
601618.SH,7
601618.SH,7
601618.SH,12
601618.SH,18
601618.SH,11
601618.SH,17
601618.SH,20
601618.SH,27
601618.SH,44
601618.SH,32
601618.SH,17
601618.SH,33
601618.SH,14
601619.SH,54
601619.SH,22
601619.SH,27
601619.SH,108
601619.SH,24
601619.SH,17
601619.SH,19
601619.SH,27
601628.SH,20
601628.SH,9
601628.SH,13
601628.SH,28
601628.SH,23
601628.SH,45
601628.SH,16
601628.SH,19
601628.SH,17
601628.SH,15
601628.SH,10
601628.SH,21
601628.SH,22
601633.SH,48
601633.SH,13
601633.SH,8
601633.SH,19
601633.SH,7
601633.SH,17
601633.SH,67
601633.SH,30
601633.SH,16
601633.SH,77
601633.SH,20
601636.SH,19
601636.SH,17
601636.SH,19
601636.SH,21
601636.SH,27
601636.SH,52
601636.SH,24
601636.SH,17
601636.SH,19
601658.SH,19
601658.SH,13
601658.SH,7
601658.SH,17
601658.SH,20
601658.SH,19
601658.SH,17
601658.SH,49
601658.SH,20
601658.SH,48
601658.SH,77
601658.SH,16
601665.SH,17
601665.SH,26
601665.SH,91
601665.SH,17
601665.SH,21
601665.SH,31
601665.SH,30
601665.SH,29
601665.SH,7
601665.SH,39
601665.SH,17
601666.SH,42
601666.SH,11
601666.SH,17
601666.SH,40
601666.SH,10
601666.SH,24
601666.SH,17
601666.SH,39
601666.SH,23
601666.SH,19
601666.SH,17
601666.SH,27
601668.SH,17
601668.SH,25
601668.SH,15
601668.SH,47
601668.SH,22
601668.SH,27
601668.SH,14
601668.SH,63
601668.SH,37
601668.SH,35
601668.SH,21
601669.SH,24
601669.SH,19
601669.SH,14
601669.SH,12
601669.SH,17
601669.SH,63
601669.SH,19
601669.SH,57
601669.SH,13
601669.SH,7
601669.SH,7
601669.SH,44
601677.SH,17
601677.SH,13
601677.SH,15
601677.SH,19
601677.SH,8
601677.SH,19
601677.SH,17
601677.SH,19
601677.SH,12
601677.SH,25
601677.SH,10
601677.SH,32
601677.SH,19
601677.SH,12
601677.SH,15
601677.SH,36
601677.SH,42
601678.SH,27
601678.SH,35
601678.SH,12
601678.SH,20
601678.SH,59
601678.SH,28
601678.SH,61
601678.SH,17
601678.SH,19
601678.SH,28
601686.SH,28
601688.SH,17
601688.SH,20
601688.SH,7
601688.SH,16
601688.SH,10
601688.SH,17
601688.SH,18
601688.SH,35
601688.SH,25
601688.SH,20
601688.SH,22
601688.SH,12
601688.SH,21
601689.SH,67
601689.SH,20
601689.SH,15
601689.SH,17
601689.SH,19
601689.SH,37
601689.SH,31
601689.SH,17
601689.SH,21
601696.SH,22
601696.SH,18
601696.SH,17
601696.SH,19
601696.SH,17
601696.SH,73
601696.SH,39
601696.SH,19
601696.SH,49
601696.SH,29
601698.SH,22
601698.SH,21
601698.SH,8
601698.SH,27
601698.SH,17
601698.SH,7
601698.SH,53
601698.SH,15
601698.SH,36
601698.SH,19
601698.SH,22
601698.SH,47
601699.SH,27
601699.SH,21
601699.SH,13
601699.SH,17
601699.SH,39
601699.SH,25
601699.SH,19
601699.SH,69
601699.SH,17
601699.SH,19
601699.SH,27
601700.SH,36
601700.SH,21
601700.SH,17
601700.SH,41
601702.SH,19
601702.SH,39
601702.SH,20
601702.SH,27
601702.SH,19
601702.SH,22
601702.SH,17
601702.SH,19
601717.SH,11
601717.SH,20
601717.SH,35
601717.SH,7
601717.SH,17
601717.SH,13
601717.SH,19
601717.SH,17
601717.SH,32
601717.SH,35
601717.SH,17
601717.SH,28
601717.SH,20
601718.SH,19
601718.SH,19
601718.SH,50
601718.SH,31
601718.SH,21
601718.SH,59
601718.SH,7
601718.SH,49
601727.SH,7
601727.SH,35
601727.SH,17
601727.SH,12
601727.SH,17
601727.SH,39
601727.SH,28
601727.SH,52
601727.SH,19
601727.SH,21
601727.SH,34
601727.SH,9
601728.SH,9
601728.SH,81
601728.SH,7
601728.SH,53
601728.SH,21
601728.SH,19
601728.SH,97
601728.SH,10
601766.SH,10
601766.SH,48
601766.SH,13
601766.SH,21
601766.SH,10
601766.SH,19
601766.SH,29
601766.SH,7
601766.SH,21
601766.SH,61
601766.SH,64
601766.SH,20
601777.SH,34
601777.SH,28
601777.SH,26
601777.SH,17
601777.SH,19
601777.SH,19
601777.SH,38
601777.SH,43
601777.SH,18
601777.SH,17
601777.SH,21
601777.SH,47
601778.SH,19
601778.SH,19
601778.SH,17
601778.SH,19
601778.SH,62
601778.SH,42
601778.SH,21
601778.SH,17
601778.SH,19
601778.SH,27
601778.SH,17
601788.SH,22
601788.SH,20
601788.SH,17
601788.SH,14
601788.SH,20
601788.SH,9
601788.SH,38
601788.SH,25
601788.SH,46
601788.SH,17
601788.SH,11
601789.SH,12
601789.SH,20
601789.SH,17
601789.SH,19
601789.SH,36
601789.SH,22
601789.SH,27
601789.SH,33
601789.SH,59
601789.SH,21
601789.SH,27
601789.SH,11
601798.SH,22
601798.SH,34
601798.SH,19
601798.SH,53
601798.SH,129
601799.SH,27
601799.SH,55
601799.SH,15
601799.SH,7
601799.SH,19
601799.SH,10
601799.SH,70
601799.SH,22
601799.SH,33
601799.SH,27
601800.SH,28
601800.SH,13
601800.SH,15
601800.SH,12
601800.SH,18
601800.SH,17
601800.SH,45
601800.SH,19
601800.SH,71
601800.SH,9
601800.SH,54
601801.SH,147
601801.SH,29
601808.SH,22
601808.SH,23
601808.SH,26
601808.SH,51
601808.SH,12
601808.SH,19
601808.SH,56
601808.SH,8
601808.SH,17
601808.SH,27
601816.SH,41
601816.SH,125
601816.SH,13
601816.SH,23
601816.SH,19
601816.SH,70
601816.SH,14
601816.SH,17
601818.SH,17
601818.SH,20
601818.SH,7
601818.SH,8
601818.SH,116
601818.SH,17
601818.SH,126
601825.SH,7
601825.SH,12
601825.SH,17
601825.SH,74
601825.SH,42
601825.SH,20
601825.SH,7
601825.SH,17
601825.SH,19
601825.SH,80
601825.SH,7
601825.SH,13
601838.SH,13
601838.SH,20
601838.SH,7
601838.SH,8
601838.SH,63
601838.SH,46
601838.SH,49
601838.SH,59
601838.SH,28
601838.SH,11
601838.SH,17
601857.SH,19
601857.SH,9
601857.SH,7
601857.SH,31
601857.SH,17
601857.SH,29
601857.SH,52
601857.SH,17
601857.SH,19
601857.SH,31
601857.SH,26
601857.SH,7
601857.SH,27
601857.SH,20
601857.SH,18
601858.SH,41
601858.SH,8
601858.SH,136
601858.SH,17
601858.SH,27
601858.SH,20
601860.SH,16
601860.SH,20
601860.SH,7
601860.SH,11
601860.SH,45
601860.SH,57
601860.SH,28
601860.SH,76
601860.SH,32
601860.SH,10
601865.SH,44
601865.SH,7
601865.SH,19
601865.SH,30
601865.SH,8
601865.SH,19
601865.SH,42
601865.SH,17
601865.SH,42
601865.SH,11
601865.SH,13
601865.SH,18
601865.SH,49
601866.SH,22
601866.SH,31
601866.SH,11
601866.SH,29
601866.SH,19
601866.SH,9
601866.SH,27
601866.SH,17
601866.SH,7
601866.SH,7
601866.SH,42
601866.SH,17
601866.SH,10
601866.SH,19
601866.SH,15
601866.SH,19
601866.SH,18
601868.SH,21
601868.SH,13
601868.SH,17
601868.SH,10
601868.SH,7
601868.SH,35
601868.SH,24
601868.SH,25
601868.SH,17
601868.SH,50
601868.SH,20
601868.SH,8
601868.SH,39
601868.SH,9
601868.SH,19
601869.SH,32
601869.SH,17
601869.SH,19
601869.SH,17
601869.SH,19
601869.SH,19
601869.SH,72
601869.SH,19
601869.SH,21
601869.SH,22
601869.SH,17
601869.SH,27
601869.SH,19
601872.SH,28
601872.SH,7
601872.SH,34
601872.SH,17
601872.SH,15
601872.SH,13
601872.SH,19
601872.SH,27
601872.SH,24
601872.SH,42
601872.SH,21
601872.SH,19
601872.SH,27
601872.SH,17
601877.SH,33
601877.SH,13
601877.SH,14
601877.SH,14
601877.SH,17
601877.SH,7
601877.SH,11
601877.SH,17
601877.SH,18
601877.SH,29
601877.SH,44
601877.SH,24
601877.SH,8
601877.SH,21
601877.SH,27
601878.SH,26
601878.SH,16
601878.SH,16
601878.SH,13
601878.SH,19
601878.SH,10
601878.SH,38
601878.SH,28
601878.SH,60
601878.SH,11
601880.SH,21
601880.SH,14
601880.SH,16
601880.SH,29
601880.SH,21
601880.SH,53
601880.SH,21
601880.SH,10
601880.SH,7
601880.SH,27
601880.SH,19
601881.SH,24
601881.SH,19
601881.SH,17
601881.SH,13
601881.SH,19
601881.SH,10
601881.SH,38
601881.SH,17
601881.SH,62
601881.SH,20
601882.SH,125
601882.SH,38
601886.SH,116
601888.SH,15
601888.SH,8
601888.SH,19
601888.SH,19
601888.SH,17
601888.SH,8
601888.SH,40
601888.SH,19
601888.SH,32
601888.SH,21
601888.SH,31
601890.SH,26
601890.SH,19
601890.SH,17
601890.SH,19
601890.SH,8
601890.SH,19
601890.SH,32
601890.SH,31
601890.SH,7
601890.SH,17
601890.SH,19
601890.SH,27
601890.SH,17
601890.SH,13
601890.SH,9
601898.SH,8
601898.SH,26
601898.SH,17
601898.SH,18
601898.SH,17
601898.SH,40
601898.SH,23
601898.SH,19
601898.SH,19
601898.SH,50
601898.SH,20
601898.SH,9
601898.SH,27
601898.SH,17
601899.SH,19
601899.SH,15
601899.SH,15
601899.SH,21
601899.SH,20
601899.SH,18
601899.SH,17
601899.SH,19
601899.SH,27
601899.SH,17
601899.SH,20
601899.SH,19
601899.SH,21
601899.SH,17
601899.SH,27
601899.SH,42
601900.SH,100
601900.SH,60
601900.SH,7
601900.SH,17
601900.SH,60
601900.SH,17
601901.SH,17
601901.SH,20
601901.SH,7
601901.SH,16
601901.SH,13
601901.SH,19
601901.SH,10
601901.SH,38
601901.SH,28
601901.SH,17
601901.SH,42
601901.SH,12
601901.SH,7
601908.SH,19
601908.SH,18
601908.SH,31
601908.SH,15
601908.SH,17
601908.SH,27
601908.SH,22
601908.SH,32
601908.SH,17
601908.SH,28
601908.SH,12
601908.SH,33
601908.SH,14
601916.SH,18
601916.SH,14
601916.SH,13
601916.SH,16
601916.SH,97
601916.SH,8
601916.SH,19
601916.SH,10
601916.SH,25
601916.SH,52
601916.SH,25
601916.SH,9
601916.SH,19
601918.SH,48
601918.SH,14
601918.SH,57
601918.SH,23
601918.SH,10
601918.SH,17
601918.SH,62
601918.SH,19
601918.SH,9
601918.SH,26
601918.SH,25
601919.SH,19
601919.SH,20
601919.SH,34
601919.SH,18
601919.SH,19
601919.SH,48
601919.SH,17
601919.SH,7
601919.SH,24
601919.SH,17
601919.SH,48
601919.SH,20
601919.SH,7
601919.SH,17
601921.SH,55
601921.SH,146
601921.SH,22
601921.SH,7
601928.SH,45
601928.SH,7
601928.SH,50
601928.SH,45
601928.SH,9
601928.SH,33
601928.SH,29
601929.SH,20
601929.SH,22
601929.SH,8
601929.SH,13
601929.SH,19
601929.SH,17
601929.SH,19
601929.SH,44
601929.SH,61
601929.SH,21
601929.SH,20
601929.SH,57
601933.SH,20
601933.SH,19
601933.SH,7
601933.SH,17
601933.SH,34
601933.SH,27
601933.SH,27
601933.SH,17
601933.SH,42
601939.SH,34
601939.SH,7
601939.SH,19
601939.SH,92
601939.SH,17
601939.SH,19
601939.SH,40
601939.SH,64
601939.SH,16
601949.SH,26
601952.SH,63
601952.SH,154
601952.SH,32
601952.SH,19
601956.SH,41
601956.SH,31
601956.SH,12
601956.SH,28
601956.SH,27
601958.SH,9
601958.SH,7
601958.SH,8
601958.SH,22
601958.SH,14
601958.SH,11
601958.SH,17
601958.SH,19
601958.SH,19
601958.SH,25
601958.SH,19
601958.SH,37
601958.SH,14
601958.SH,7
601958.SH,21
601958.SH,19
601958.SH,27
601963.SH,21
601963.SH,31
601963.SH,96
601963.SH,17
601963.SH,25
601963.SH,72
601963.SH,33
601965.SH,22
601965.SH,51
601965.SH,95
601965.SH,28
601965.SH,17
601966.SH,29
601966.SH,20
601966.SH,16
601966.SH,20
601966.SH,20
601966.SH,17
601966.SH,50
601966.SH,7
601966.SH,66
601966.SH,7
601966.SH,16
601968.SH,69
601969.SH,13
601969.SH,21
601969.SH,21
601969.SH,7
601969.SH,21
601969.SH,25
601969.SH,19
601969.SH,19
601969.SH,21
601969.SH,21
601969.SH,29
601969.SH,27
601975.SH,31
601975.SH,19
601975.SH,22
601975.SH,19
601975.SH,10
601975.SH,13
601975.SH,39
601975.SH,17
601975.SH,19
601975.SH,48
601975.SH,9
601975.SH,19
601975.SH,28
601975.SH,17
601985.SH,12
601985.SH,23
601985.SH,21
601985.SH,47
601985.SH,45
601985.SH,18
601985.SH,46
601985.SH,24
601985.SH,7
601985.SH,49
601985.SH,7
601985.SH,16
601988.SH,34
601988.SH,7
601988.SH,19
601988.SH,37
601988.SH,57
601988.SH,7
601988.SH,7
601988.SH,13
601988.SH,7
601988.SH,42
601988.SH,62
601988.SH,14
601988.SH,14
601990.SH,29
601990.SH,13
601990.SH,16
601990.SH,13
601990.SH,19
601990.SH,10
601990.SH,20
601990.SH,48
601990.SH,58
601990.SH,11
601990.SH,17
601991.SH,32
601991.SH,21
601991.SH,20
601991.SH,31
601991.SH,8
601991.SH,10
601991.SH,31
601991.SH,18
601991.SH,17
601991.SH,39
601991.SH,21
601991.SH,7
601991.SH,39
601991.SH,19
601992.SH,25
601992.SH,28
601992.SH,22
601992.SH,64
601992.SH,19
601992.SH,29
601995.SH,23
601995.SH,13
601995.SH,7
601995.SH,17
601995.SH,13
601995.SH,20
601995.SH,12
601995.SH,35
601995.SH,25
601995.SH,74
601997.SH,19
601997.SH,20
601997.SH,8
601997.SH,12
601997.SH,49
601997.SH,50
601997.SH,9
601997.SH,8
601997.SH,20
601997.SH,70
601997.SH,27
601997.SH,19
601997.SH,23
601998.SH,13
601998.SH,12
601998.SH,17
601998.SH,14
601998.SH,102
601998.SH,17
601998.SH,19
601998.SH,40
601998.SH,21
601998.SH,22
601998.SH,29
601998.SH,7
601998.SH,21
603000.SH,31
603000.SH,17
603000.SH,15
603000.SH,19
603000.SH,19
603000.SH,7
603000.SH,66
603000.SH,19
603000.SH,7
603000.SH,41
603000.SH,17
603000.SH,19
603000.SH,57
603001.SH,154
603002.SH,36
603002.SH,19
603002.SH,21
603002.SH,17
603002.SH,19
603002.SH,22
603002.SH,43
603002.SH,33
603002.SH,21
603002.SH,21
603002.SH,17
603002.SH,27
603002.SH,34
603004.SH,74
603004.SH,21
603004.SH,147
603005.SH,45
603005.SH,7
603005.SH,17
603005.SH,12
603005.SH,8
603005.SH,19
603005.SH,25
603005.SH,80
603005.SH,16
603005.SH,12
603005.SH,7
603005.SH,17
603005.SH,27
603006.SH,175
603008.SH,59
603008.SH,19
603008.SH,57
603008.SH,19
603008.SH,17
603008.SH,19
603008.SH,22
603008.SH,56
603009.SH,19
603009.SH,48
603009.SH,21
603009.SH,11
603009.SH,19
603009.SH,20
603009.SH,73
603009.SH,19
603009.SH,21
603009.SH,19
603009.SH,25
603010.SH,86
603010.SH,35
603011.SH,17
603011.SH,40
603011.SH,36
603011.SH,11
603011.SH,18
603011.SH,27
603011.SH,19
603011.SH,38
603011.SH,19
603011.SH,21
603011.SH,47
603012.SH,17
603012.SH,19
603012.SH,27
603012.SH,29
603013.SH,17
603013.SH,26
603013.SH,17
603013.SH,115
603013.SH,23
603015.SH,17
603015.SH,20
603015.SH,33
603015.SH,28
603015.SH,56
603015.SH,32
603015.SH,40
603015.SH,22
603016.SH,57
603016.SH,34
603017.SH,44
603017.SH,48
603017.SH,33
603017.SH,22
603017.SH,20
603017.SH,18
603017.SH,19
603018.SH,28
603019.SH,17
603019.SH,19
603019.SH,13
603019.SH,16
603019.SH,8
603019.SH,19
603019.SH,19
603019.SH,25
603019.SH,45
603019.SH,29
603019.SH,17
603019.SH,35
603020.SH,139
603023.SH,41
603023.SH,22
603025.SH,19
603025.SH,29
603025.SH,17
603025.SH,53
603025.SH,13
603026.SH,33
603026.SH,11
603026.SH,19
603026.SH,27
603026.SH,17
603026.SH,19
603026.SH,28
603026.SH,63
603026.SH,19
603026.SH,17
603027.SH,50
603027.SH,9
603027.SH,25
603027.SH,7
603027.SH,116
603027.SH,18
603027.SH,17
603027.SH,13
603027.SH,40
603028.SH,65
603028.SH,42
603028.SH,105
603028.SH,21
603028.SH,43
603030.SH,50
603030.SH,38
603030.SH,14
603030.SH,25
603030.SH,19
603030.SH,19
603030.SH,67
603031.SH,19
603031.SH,19
603031.SH,25
603031.SH,21
603031.SH,38
603031.SH,17
603031.SH,21
603031.SH,19
603031.SH,27
603031.SH,37
603032.SH,21
603032.SH,19
603032.SH,19
603032.SH,17
603032.SH,39
603032.SH,17
603032.SH,36
603032.SH,28
603033.SH,217
603035.SH,19
603035.SH,25
603035.SH,94
603036.SH,17
603036.SH,19
603036.SH,27
603036.SH,18
603036.SH,28
603036.SH,40
603037.SH,42
603037.SH,27
603037.SH,70
603037.SH,21
603038.SH,92
603038.SH,27
603038.SH,19
603038.SH,80
603038.SH,39
603039.SH,64
603039.SH,17
603039.SH,21
603039.SH,34
603039.SH,36
603039.SH,66
603039.SH,17
603039.SH,69
603040.SH,39
603040.SH,20
603040.SH,17
603040.SH,20
603040.SH,21
603040.SH,40
603040.SH,17
603040.SH,25
603040.SH,35
603040.SH,17
603040.SH,69
603042.SH,21
603042.SH,19
603042.SH,41
603042.SH,17
603042.SH,56
603042.SH,26
603042.SH,19
603042.SH,7
603042.SH,17
603042.SH,21
603042.SH,19
603042.SH,27
603042.SH,17
603043.SH,81
603045.SH,40
603045.SH,42
603045.SH,37
603045.SH,83
603045.SH,21
603045.SH,27
603048.SH,73
603050.SH,22
603050.SH,74
603050.SH,24
603050.SH,29
603051.SH,67
603051.SH,56
603051.SH,17
603051.SH,19
603052.SH,21
603052.SH,51
603052.SH,32
603052.SH,17
603052.SH,22
603052.SH,19
603052.SH,40
603052.SH,23
603055.SH,196
603056.SH,43
603056.SH,19
603056.SH,9
603056.SH,19
603056.SH,27
603056.SH,116
603057.SH,134
603057.SH,19
603057.SH,34
603058.SH,93
603058.SH,29
603058.SH,19
603058.SH,27
603059.SH,61
603059.SH,75
603061.SH,35
603061.SH,17
603061.SH,20
603061.SH,27
603061.SH,49
603061.SH,20
603061.SH,21
603061.SH,17
603061.SH,55
603062.SH,69
603063.SH,38
603063.SH,17
603063.SH,26
603063.SH,17
603063.SH,42
603063.SH,46
603063.SH,20
603063.SH,17
603063.SH,21
603063.SH,57
603063.SH,19
603065.SH,19
603065.SH,240
603067.SH,79
603067.SH,19
603067.SH,23
603067.SH,27
603067.SH,19
603067.SH,17
603067.SH,33
603067.SH,21
603067.SH,19
603067.SH,29
603067.SH,43
603068.SH,21
603068.SH,17
603068.SH,25
603068.SH,17
603068.SH,7
603068.SH,19
603068.SH,20
603068.SH,65
603068.SH,40
603068.SH,7
603069.SH,20
603069.SH,21
603069.SH,40
603069.SH,17
603069.SH,27
603069.SH,7
603069.SH,19
603069.SH,36
603069.SH,19
603069.SH,38
603072.SH,18
603072.SH,45
603072.SH,21
603072.SH,85
603072.SH,33
603076.SH,216
603077.SH,33
603077.SH,12
603077.SH,17
603077.SH,25
603077.SH,14
603077.SH,24
603077.SH,19
603077.SH,17
603077.SH,19
603077.SH,19
603077.SH,28
603077.SH,18
603077.SH,32
603077.SH,20
603078.SH,45
603078.SH,7
603078.SH,18
603078.SH,19
603078.SH,14
603078.SH,19
603078.SH,17
603078.SH,32
603078.SH,35
603078.SH,14
603078.SH,21
603078.SH,7
603078.SH,29
603078.SH,34
603078.SH,23
603079.SH,43
603079.SH,51
603079.SH,83
603079.SH,77
603080.SH,42
603080.SH,27
603080.SH,64
603080.SH,24
603080.SH,46
603081.SH,28
603081.SH,19
603081.SH,17
603081.SH,35
603081.SH,27
603081.SH,21
603081.SH,41
603081.SH,24
603083.SH,20
603083.SH,21
603083.SH,20
603083.SH,20
603083.SH,17
603083.SH,19
603083.SH,17
603083.SH,38
603083.SH,22
603083.SH,17
603083.SH,19
603083.SH,22
603083.SH,42
603083.SH,22
603085.SH,77
603085.SH,113
603085.SH,25
603085.SH,17
603086.SH,28
603086.SH,17
603086.SH,42
603086.SH,59
603086.SH,101
603086.SH,49
603087.SH,19
603087.SH,20
603087.SH,29
603087.SH,7
603087.SH,17
603087.SH,19
603087.SH,19
603087.SH,87
603087.SH,8
603087.SH,7
603087.SH,12
603087.SH,8
603087.SH,71
603088.SH,17
603088.SH,19
603088.SH,34
603088.SH,17
603088.SH,41
603088.SH,27
603088.SH,20
603088.SH,28
603089.SH,24
603089.SH,19
603089.SH,21
603090.SH,23
603090.SH,19
603090.SH,17
603090.SH,27
603090.SH,55
603090.SH,17
603090.SH,21
603090.SH,28
603090.SH,54
603091.SH,188
603093.SH,19
603093.SH,19
603093.SH,31
603093.SH,34
603093.SH,35
603093.SH,68
603093.SH,60
603093.SH,19
603095.SH,23
603095.SH,29
603097.SH,21
603097.SH,35
603097.SH,22
603097.SH,19
603097.SH,25
603098.SH,58
603098.SH,75
603098.SH,43
603098.SH,14
603098.SH,19
603099.SH,20
603099.SH,19
603099.SH,30
603099.SH,15
603099.SH,19
603099.SH,41
603099.SH,31
603099.SH,27
603099.SH,28
603100.SH,31
603100.SH,14
603100.SH,19
603100.SH,51
603100.SH,53
603100.SH,17
603100.SH,35
603101.SH,17
603101.SH,43
603101.SH,25
603101.SH,35
603101.SH,24
603103.SH,45
603103.SH,45
603103.SH,7
603103.SH,77
603103.SH,44
603103.SH,20
603105.SH,39
603105.SH,69
603105.SH,11
603105.SH,12
603105.SH,33
603105.SH,8
603106.SH,27
603106.SH,17
603106.SH,21
603106.SH,88
603106.SH,17
603106.SH,45
603108.SH,27
603108.SH,18
603108.SH,19
603108.SH,19
603108.SH,21
603108.SH,66
603108.SH,19
603108.SH,21
603108.SH,27
603108.SH,18
603108.SH,33
603109.SH,21
603109.SH,19
603109.SH,21
603109.SH,17
603109.SH,97
603109.SH,60
603110.SH,85
603110.SH,16
603110.SH,12
603110.SH,23
603110.SH,27
603110.SH,76
603110.SH,19
603110.SH,35
603110.SH,8
603112.SH,21
603112.SH,33
603112.SH,17
603112.SH,28
603112.SH,21
603112.SH,34
603112.SH,20
603112.SH,19
603112.SH,17
603112.SH,25
603112.SH,23
603112.SH,49
603113.SH,28
603113.SH,170
603113.SH,35
603115.SH,50
603115.SH,30
603115.SH,66
603115.SH,17
603115.SH,27
603115.SH,19
603117.SH,289
603118.SH,19
603118.SH,22
603118.SH,19
603118.SH,21
603118.SH,15
603118.SH,19
603118.SH,17
603118.SH,56
603118.SH,26
603118.SH,17
603118.SH,14
603118.SH,19
603118.SH,27
603118.SH,15
603118.SH,21
603119.SH,34
603119.SH,32
603119.SH,17
603119.SH,19
603119.SH,17
603119.SH,19
603119.SH,37
603119.SH,26
603119.SH,29
603119.SH,21
603121.SH,28
603121.SH,20
603121.SH,21
603121.SH,53
603121.SH,17
603121.SH,68
603121.SH,17
603121.SH,21
603121.SH,19
603121.SH,70
603122.SH,17
603122.SH,56
603122.SH,53
603123.SH,17
603123.SH,21
603123.SH,19
603123.SH,35
603123.SH,17
603123.SH,63
603123.SH,46
603123.SH,21
603123.SH,36
603123.SH,28
603123.SH,28
603124.SH,55
603124.SH,21
603124.SH,19
603124.SH,28
603124.SH,31
603125.SH,25
603125.SH,32
603125.SH,105
603125.SH,29
603125.SH,19
603126.SH,83
603126.SH,113
603127.SH,20
603127.SH,21
603127.SH,17
603127.SH,19
603127.SH,20
603127.SH,17
603127.SH,48
603127.SH,41
603127.SH,17
603127.SH,25
603127.SH,69
603128.SH,20
603128.SH,31
603128.SH,7
603128.SH,12
603128.SH,19
603128.SH,36
603128.SH,37
603128.SH,60
603128.SH,71
603129.SH,19
603129.SH,8
603129.SH,19
603129.SH,17
603129.SH,19
603129.SH,20
603129.SH,108
603129.SH,53
603129.SH,42
603129.SH,23
603130.SH,31
603130.SH,26
603130.SH,17
603130.SH,28
603130.SH,33
603130.SH,41
603130.SH,17
603130.SH,25
603130.SH,21
603131.SH,30
603131.SH,25
603131.SH,10
603131.SH,19
603131.SH,17
603131.SH,27
603131.SH,15
603131.SH,19
603131.SH,19
603131.SH,17
603131.SH,21
603131.SH,48
603132.SH,64
603132.SH,35
603135.SH,126
603136.SH,27
603136.SH,163
603138.SH,11
603138.SH,20
603138.SH,32
603138.SH,92
603138.SH,17
603138.SH,27
603138.SH,20
603150.SH,68
603150.SH,21
603150.SH,18
603150.SH,90
603150.SH,41
603150.SH,27
603151.SH,49
603155.SH,85
603155.SH,21
603155.SH,59
603155.SH,43
603156.SH,59
603156.SH,23
603156.SH,21
603156.SH,48
603156.SH,20
603158.SH,19
603158.SH,17
603158.SH,46
603158.SH,9
603158.SH,43
603158.SH,21
603158.SH,20
603158.SH,30
603158.SH,19
603159.SH,91
603160.SH,46
603160.SH,17
603160.SH,10
603160.SH,8
603160.SH,7
603160.SH,13
603160.SH,7
603160.SH,18
603160.SH,27
603160.SH,19
603160.SH,17
603160.SH,52
603160.SH,7
603160.SH,9
603161.SH,143
603162.SH,67
603162.SH,17
603162.SH,21
603162.SH,21
603162.SH,26
603162.SH,15
603162.SH,27
603162.SH,37
603163.SH,17
603163.SH,27
603163.SH,26
603163.SH,21
603163.SH,17
603163.SH,25
603163.SH,21
603163.SH,17
603163.SH,32
603165.SH,50
603165.SH,17
603166.SH,28
603166.SH,19
603166.SH,20
603166.SH,20
603166.SH,15
603166.SH,30
603166.SH,75
603166.SH,20
603166.SH,21
603166.SH,17
603169.SH,20
603169.SH,28
603169.SH,19
603169.SH,28
603169.SH,7
603169.SH,21
603169.SH,24
603169.SH,20
603169.SH,19
603169.SH,25
603169.SH,19
603169.SH,22
603169.SH,36
603169.SH,13
603171.SH,44
603171.SH,21
603171.SH,19
603171.SH,17
603171.SH,49
603171.SH,21
603171.SH,19
603171.SH,17
603171.SH,25
603171.SH,21
603173.SH,43
603173.SH,22
603173.SH,19
603173.SH,24
603173.SH,105
603173.SH,21
603177.SH,41
603178.SH,83
603178.SH,21
603178.SH,17
603178.SH,28
603179.SH,17
603179.SH,26
603179.SH,42
603179.SH,17
603179.SH,19
603179.SH,19
603179.SH,32
603179.SH,31
603179.SH,28
603179.SH,21
603181.SH,28
603181.SH,19
603181.SH,21
603181.SH,19
603181.SH,32
603181.SH,67
603181.SH,17
603181.SH,19
603181.SH,27
603185.SH,19
603185.SH,17
603185.SH,19
603185.SH,19
603185.SH,36
603185.SH,17
603185.SH,19
603185.SH,36
603185.SH,33
603185.SH,44
603186.SH,35
603186.SH,19
603186.SH,17
603186.SH,19
603186.SH,19
603186.SH,17
603186.SH,27
603186.SH,20
603186.SH,22
603186.SH,19
603186.SH,21
603186.SH,17
603186.SH,19
603186.SH,57
603187.SH,43
603187.SH,34
603187.SH,57
603187.SH,50
603188.SH,79
603188.SH,27
603189.SH,54
603189.SH,21
603189.SH,10
603189.SH,19
603189.SH,30
603189.SH,28
603189.SH,19
603189.SH,65
603189.SH,31
603189.SH,38
603190.SH,22
603190.SH,34
603191.SH,17
603191.SH,13
603191.SH,13
603191.SH,16
603191.SH,24
603191.SH,66
603191.SH,19
603191.SH,17
603191.SH,27
603192.SH,33
603192.SH,50
603192.SH,84
603193.SH,21
603193.SH,50
603194.SH,42
603194.SH,42
603194.SH,90
603195.SH,14
603195.SH,46
603195.SH,21
603195.SH,14
603195.SH,44
603195.SH,46
603195.SH,60
603195.SH,20
603196.SH,28
603196.SH,53
603196.SH,28
603196.SH,74
603196.SH,37
603197.SH,47
603197.SH,20
603197.SH,9
603197.SH,19
603197.SH,7
603197.SH,29
603197.SH,93
603197.SH,17
603197.SH,17
603198.SH,19
603198.SH,13
603198.SH,17
603198.SH,12
603198.SH,19
603198.SH,53
603198.SH,10
603198.SH,45
603198.SH,26
603198.SH,9
603199.SH,19
603199.SH,125
603199.SH,22
603200.SH,42
603200.SH,19
603200.SH,19
603200.SH,17
603200.SH,19
603200.SH,17
603200.SH,39
603200.SH,57
603200.SH,12
603200.SH,17
603203.SH,22
603203.SH,45
603203.SH,69
603203.SH,19
603203.SH,30
603203.SH,41
603207.SH,33
603207.SH,18
603207.SH,20
603207.SH,26
603209.SH,18
603209.SH,82
603211.SH,42
603211.SH,29
603211.SH,115
603211.SH,19
603211.SH,21
603211.SH,13
603211.SH,36
603211.SH,19
603212.SH,8
603212.SH,13
603212.SH,69
603212.SH,17
603212.SH,19
603212.SH,21
603212.SH,17
603212.SH,19
603212.SH,42
603214.SH,69
603214.SH,22
603214.SH,153
603215.SH,22
603215.SH,55
603215.SH,17
603215.SH,24
603215.SH,93
603216.SH,69
603216.SH,17
603216.SH,19
603216.SH,21
603217.SH,94
603218.SH,14
603218.SH,23
603218.SH,18
603218.SH,14
603218.SH,23
603218.SH,9
603218.SH,27
603218.SH,69
603218.SH,9
603218.SH,10
603218.SH,21
603218.SH,25
603218.SH,19
603219.SH,20
603219.SH,135
603219.SH,48
603220.SH,56
603220.SH,17
603220.SH,24
603220.SH,7
603220.SH,17
603220.SH,7
603220.SH,48
603220.SH,61
603220.SH,17
603220.SH,19
603220.SH,27
603220.SH,30
603221.SH,40
603221.SH,99
603221.SH,21
603222.SH,19
603222.SH,17
603222.SH,54
603222.SH,41
603222.SH,22
603222.SH,45
603222.SH,33
603223.SH,112
603223.SH,111
603225.SH,19
603225.SH,21
603225.SH,17
603225.SH,19
603225.SH,27
603225.SH,17
603225.SH,19
603225.SH,17
603225.SH,19
603225.SH,21
603225.SH,26
603225.SH,51
603226.SH,36
603226.SH,19
603226.SH,17
603226.SH,28
603226.SH,19
603226.SH,83
603226.SH,48
603226.SH,17
603227.SH,23
603227.SH,9
603227.SH,19
603227.SH,29
603227.SH,112
603227.SH,40
603227.SH,15
603228.SH,20
603228.SH,21
603228.SH,20
603228.SH,17
603228.SH,19
603228.SH,30
603228.SH,45
603228.SH,42
603228.SH,17
603228.SH,62
603228.SH,42
603229.SH,22
603229.SH,17
603229.SH,165
603232.SH,20
603232.SH,44
603232.SH,57
603232.SH,19
603232.SH,20
603232.SH,31
603232.SH,24
603232.SH,17
603232.SH,28
603233.SH,37
603233.SH,41
603233.SH,25
603233.SH,38
603233.SH,27
603233.SH,21
603236.SH,27
603236.SH,14
603236.SH,19
603236.SH,28
603236.SH,8
603236.SH,19
603236.SH,17
603236.SH,27
603236.SH,47
603236.SH,17
603236.SH,18
603236.SH,18
603236.SH,75
603238.SH,43
603238.SH,44
603239.SH,17
603239.SH,39
603239.SH,38
603239.SH,19
603239.SH,22
603239.SH,19
603239.SH,57
603256.SH,19
603256.SH,17
603256.SH,19
603256.SH,17
603256.SH,20
603256.SH,39
603256.SH,30
603256.SH,19
603256.SH,22
603256.SH,17
603256.SH,19
603256.SH,27
603256.SH,20
603258.SH,17
603258.SH,55
603259.SH,19
603259.SH,15
603259.SH,19
603259.SH,10
603259.SH,19
603259.SH,19
603259.SH,17
603259.SH,21
603259.SH,32
603259.SH,45
603259.SH,25
603259.SH,8
603259.SH,30
603259.SH,40
603259.SH,7
603260.SH,17
603260.SH,19
603260.SH,110
603260.SH,25
603260.SH,11
603260.SH,50
603260.SH,19
603266.SH,63
603266.SH,17
603266.SH,19
603266.SH,27
603266.SH,25
603266.SH,80
603266.SH,24
603267.SH,42
603267.SH,7
603267.SH,17
603267.SH,11
603267.SH,14
603267.SH,14
603267.SH,23
603267.SH,28
603267.SH,47
603267.SH,10
603267.SH,13
603267.SH,21
603267.SH,41
603269.SH,19
603269.SH,24
603269.SH,27
603269.SH,57
603269.SH,25
603269.SH,18
603269.SH,40
603270.SH,21
603270.SH,57
603270.SH,15
603270.SH,132
603270.SH,21
603271.SH,52
603271.SH,39
603271.SH,17
603271.SH,45
603273.SH,17
603275.SH,17
603275.SH,39
603275.SH,17
603275.SH,106
603275.SH,19
603278.SH,70
603278.SH,29
603278.SH,25
603278.SH,85
603278.SH,17
603279.SH,80
603279.SH,47
603279.SH,28
603279.SH,57
603280.SH,27
603280.SH,46
603280.SH,34
603280.SH,32
603280.SH,17
603280.SH,41
603281.SH,116
603281.SH,76
603281.SH,51
603283.SH,23
603283.SH,34
603283.SH,17
603283.SH,7
603283.SH,19
603283.SH,19
603283.SH,17
603283.SH,32
603283.SH,17
603283.SH,39
603283.SH,21
603283.SH,22
603283.SH,41
603283.SH,23
603285.SH,34
603285.SH,120
603285.SH,19
603285.SH,31
603286.SH,64
603286.SH,16
603286.SH,19
603286.SH,20
603286.SH,17
603286.SH,41
603286.SH,19
603286.SH,17
603286.SH,19
603286.SH,21
603286.SH,70
603288.SH,20
603288.SH,44
603288.SH,28
603288.SH,7
603288.SH,19
603288.SH,61
603288.SH,37
603288.SH,19
603288.SH,31
603288.SH,29
603288.SH,10
603288.SH,11
603290.SH,15
603290.SH,12
603290.SH,8
603290.SH,8
603290.SH,19
603290.SH,17
603290.SH,27
603290.SH,19
603290.SH,36
603290.SH,22
603290.SH,12
603290.SH,10
603290.SH,27
603290.SH,27
603290.SH,19
603291.SH,51
603296.SH,27
603296.SH,19
603296.SH,17
603296.SH,33
603296.SH,7
603296.SH,22
603296.SH,19
603296.SH,28
603296.SH,34
603296.SH,21
603296.SH,21
603296.SH,31
603296.SH,27
603296.SH,21
603297.SH,29
603297.SH,17
603297.SH,20
603297.SH,81
603297.SH,17
603297.SH,11
603297.SH,17
603297.SH,22
603298.SH,16
603298.SH,20
603298.SH,12
603298.SH,29
603298.SH,17
603298.SH,19
603298.SH,37
603298.SH,47
603298.SH,20
603298.SH,14
603298.SH,14
603298.SH,16
603298.SH,55
603299.SH,147
603299.SH,33
603299.SH,25
603300.SH,46
603300.SH,17
603300.SH,42
603300.SH,34
603300.SH,50
603300.SH,26
603300.SH,19
603300.SH,59
603300.SH,21
603301.SH,27
603301.SH,19
603301.SH,17
603301.SH,40
603301.SH,23
603301.SH,21
603301.SH,27
603301.SH,19
603305.SH,23
603305.SH,34
603305.SH,17
603305.SH,19
603305.SH,124
603305.SH,23
603305.SH,19
603305.SH,72
603306.SH,32
603306.SH,20
603306.SH,19
603306.SH,21
603306.SH,17
603306.SH,20
603306.SH,36
603306.SH,19
603306.SH,26
603306.SH,17
603306.SH,22
603306.SH,19
603306.SH,27
603306.SH,29
603308.SH,20
603308.SH,12
603308.SH,17
603308.SH,18
603308.SH,17
603308.SH,17
603308.SH,15
603308.SH,17
603308.SH,27
603308.SH,19
603308.SH,30
603308.SH,19
603308.SH,21
603308.SH,17
603308.SH,27
603308.SH,34
603309.SH,21
603311.SH,17
603311.SH,69
603312.SH,40
603312.SH,20
603312.SH,60
603312.SH,7
603313.SH,24
603313.SH,77
603313.SH,56
603313.SH,56
603313.SH,37
603315.SH,73
603315.SH,42
603315.SH,63
603315.SH,25
603315.SH,22
603315.SH,28
603315.SH,21
603315.SH,27
603316.SH,21
603316.SH,19
603316.SH,27
603316.SH,17
603316.SH,25
603316.SH,29
603316.SH,24
603316.SH,39
603317.SH,82
603317.SH,86
603318.SH,72
603318.SH,56
603319.SH,19
603319.SH,70
603319.SH,19
603319.SH,17
603319.SH,19
603319.SH,49
603319.SH,17
603319.SH,19
603319.SH,21
603319.SH,26
603319.SH,29
603320.SH,97
603322.SH,20
603322.SH,36
603322.SH,19
603322.SH,17
603322.SH,28
603322.SH,27
603322.SH,37
603322.SH,19
603322.SH,33
603323.SH,13
603323.SH,20
603323.SH,68
603323.SH,65
603323.SH,20
603323.SH,21
603323.SH,58
603323.SH,7
603323.SH,36
603324.SH,114
603325.SH,139
603326.SH,172
603327.SH,99
603327.SH,56
603327.SH,36
603327.SH,40
603328.SH,19
603328.SH,9
603328.SH,19
603328.SH,21
603328.SH,17
603328.SH,71
603328.SH,19
603328.SH,16
603328.SH,12
603328.SH,19
603328.SH,25
603328.SH,33
603330.SH,45
603330.SH,118
603331.SH,101
603331.SH,20
603331.SH,27
603332.SH,69
603332.SH,153
603333.SH,22
603333.SH,20
603333.SH,21
603333.SH,20
603333.SH,109
603333.SH,27
603333.SH,48
603335.SH,89
603335.SH,17
603335.SH,45
603335.SH,120
603336.SH,27
603336.SH,22
603336.SH,17
603336.SH,19
603336.SH,19
603336.SH,37
603336.SH,26
603336.SH,73
603336.SH,21
603337.SH,56
603337.SH,19
603337.SH,17
603337.SH,26
603337.SH,100
603337.SH,22
603337.SH,49
603338.SH,17
603338.SH,29
603338.SH,18
603338.SH,17
603338.SH,19
603338.SH,28
603338.SH,40
603338.SH,17
603338.SH,13
603338.SH,7
603338.SH,34
603338.SH,15
603338.SH,20
603341.SH,28
603341.SH,19
603341.SH,21
603341.SH,17
603341.SH,11
603341.SH,21
603341.SH,17
603341.SH,34
603341.SH,33
603341.SH,35
603341.SH,17
603341.SH,22
603344.SH,30
603344.SH,11
603344.SH,90
603344.SH,21
603345.SH,7
603345.SH,20
603345.SH,19
603345.SH,49
603345.SH,7
603345.SH,17
603345.SH,48
603345.SH,7
603345.SH,7
603345.SH,19
603345.SH,17
603345.SH,21
603345.SH,11
603345.SH,17
603345.SH,22
603345.SH,31
603348.SH,19
603348.SH,20
603350.SH,31
603350.SH,21
603353.SH,132
603353.SH,21
603353.SH,42
603353.SH,19
603353.SH,17
603353.SH,28
603353.SH,27
603355.SH,21
603355.SH,43
603356.SH,43
603358.SH,25
603358.SH,25
603358.SH,20
603358.SH,31
603358.SH,14
603358.SH,39
603358.SH,21
603358.SH,17
603358.SH,47
603359.SH,21
603359.SH,45
603359.SH,22
603359.SH,17
603359.SH,38
603359.SH,28
603359.SH,38
603359.SH,21
603360.SH,33
603360.SH,40
603360.SH,7
603360.SH,17
603360.SH,19
603360.SH,27
603360.SH,17
603360.SH,19
603360.SH,20
603360.SH,38
603360.SH,71
603363.SH,17
603363.SH,28
603363.SH,24
603363.SH,43
603363.SH,45
603363.SH,28
603363.SH,10
603366.SH,19
603366.SH,41
603366.SH,43
603366.SH,71
603366.SH,19
603366.SH,31
603366.SH,24
603366.SH,15
603366.SH,45
603367.SH,17
603367.SH,19
603367.SH,64
603367.SH,29
603367.SH,52
603367.SH,17
603367.SH,69
603368.SH,8
603368.SH,19
603368.SH,24
603368.SH,7
603368.SH,27
603368.SH,29
603368.SH,61
603369.SH,11
603369.SH,20
603369.SH,9
603369.SH,19
603369.SH,63
603369.SH,57
603369.SH,23
603373.SH,34
603373.SH,220
603375.SH,25
603375.SH,30
603375.SH,54
603379.SH,20
603379.SH,20
603379.SH,19
603379.SH,24
603379.SH,7
603379.SH,19
603379.SH,34
603379.SH,30
603379.SH,15
603379.SH,25
603379.SH,17
603379.SH,25
603379.SH,17
603379.SH,27
603380.SH,20
603380.SH,144
603381.SH,134
603381.SH,30
603381.SH,22
603383.SH,44
603383.SH,19
603383.SH,15
603383.SH,17
603383.SH,46
603383.SH,56
603383.SH,42
603383.SH,17
603386.SH,27
603386.SH,19
603386.SH,94
603386.SH,26
603386.SH,21
603386.SH,36
603390.SH,43
603390.SH,137
603390.SH,18
603391.SH,29
603391.SH,21
603391.SH,57
603391.SH,32
603392.SH,17
603392.SH,56
603392.SH,28
603392.SH,19
603392.SH,30
603392.SH,22
603392.SH,69
603392.SH,83
603393.SH,51
603393.SH,55
603393.SH,11
603393.SH,17
603393.SH,69
603393.SH,8
603393.SH,20
603393.SH,27
603395.SH,70
603395.SH,80
603395.SH,38
603396.SH,47
603396.SH,24
603396.SH,21
603396.SH,27
603396.SH,21
603396.SH,19
603396.SH,48
603399.SH,17
603399.SH,19
603399.SH,50
603399.SH,22
603399.SH,19
603399.SH,37
603399.SH,21
603399.SH,40
603399.SH,30
603416.SH,57
603416.SH,26
603416.SH,19
603416.SH,17
603416.SH,28
603416.SH,27
603416.SH,34
603416.SH,30
603421.SH,49
603421.SH,43
603421.SH,17
603421.SH,28
603421.SH,19
603439.SH,42
603444.SH,21
603444.SH,20
603444.SH,26
603444.SH,15
603444.SH,19
603444.SH,17
603444.SH,19
603444.SH,77
603444.SH,8
603444.SH,21
603444.SH,22
603456.SH,8
603456.SH,20
603456.SH,21
603456.SH,17
603456.SH,19
603456.SH,20
603456.SH,17
603456.SH,19
603456.SH,27
603456.SH,17
603456.SH,53
603456.SH,7
603456.SH,74
603458.SH,25
603458.SH,133
603458.SH,21
603458.SH,78
603466.SH,31
603466.SH,30
603466.SH,21
603466.SH,7
603466.SH,19
603466.SH,64
603466.SH,30
603466.SH,42
603466.SH,32
603466.SH,25
603477.SH,34
603477.SH,19
603477.SH,30
603477.SH,20
603477.SH,126
603477.SH,22
603477.SH,29
603477.SH,33
603486.SH,46
603486.SH,17
603486.SH,19
603486.SH,19
603486.SH,18
603486.SH,19
603486.SH,70
603486.SH,22
603486.SH,12
603486.SH,17
603486.SH,75
603488.SH,166
603488.SH,57
603489.SH,77
603489.SH,73
603489.SH,19
603489.SH,19
603489.SH,44
603489.SH,48
603496.SH,32
603496.SH,17
603496.SH,19
603496.SH,19
603496.SH,17
603496.SH,21
603496.SH,68
603496.SH,7
603496.SH,34
603496.SH,25
603496.SH,33
603499.SH,19
603499.SH,71
603499.SH,19
603499.SH,35
603499.SH,18
603499.SH,47
603500.SH,21
603500.SH,44
603500.SH,27
603500.SH,76
603501.SH,27
603501.SH,20
603501.SH,23
603501.SH,26
603501.SH,9
603501.SH,20
603501.SH,19
603501.SH,69
603501.SH,17
603501.SH,12
603501.SH,17
603501.SH,34
603505.SH,18
603505.SH,7
603505.SH,17
603505.SH,30
603505.SH,9
603505.SH,45
603505.SH,16
603505.SH,12
603505.SH,7
603505.SH,30
603506.SH,68
603506.SH,119
603507.SH,21
603507.SH,37
603507.SH,19
603507.SH,17
603507.SH,28
603507.SH,49
603507.SH,36
603507.SH,25
603507.SH,17
603507.SH,32
603507.SH,17
603507.SH,19
603508.SH,28
603508.SH,27
603508.SH,20
603508.SH,12
603508.SH,17
603508.SH,68
603508.SH,27
603508.SH,17
603516.SH,20
603516.SH,15
603516.SH,19
603516.SH,17
603516.SH,25
603516.SH,17
603516.SH,33
603516.SH,19
603516.SH,22
603516.SH,17
603516.SH,21
603518.SH,20
603518.SH,45
603518.SH,7
603518.SH,19
603518.SH,22
603518.SH,62
603518.SH,24
603518.SH,41
603520.SH,35
603520.SH,23
603520.SH,17
603520.SH,57
603520.SH,71
603520.SH,65
603527.SH,32
603527.SH,32
603527.SH,32
603527.SH,21
603527.SH,69
603527.SH,49
603528.SH,43
603528.SH,21
603528.SH,86
603528.SH,19
603528.SH,19
603528.SH,21
603529.SH,17
603529.SH,25
603529.SH,9
603529.SH,81
603529.SH,57
603529.SH,7
603529.SH,7
603529.SH,56
603529.SH,7
603530.SH,35
603530.SH,34
603530.SH,31
603530.SH,19
603530.SH,30
603530.SH,19
603530.SH,20
603530.SH,17
603530.SH,27
603530.SH,19
603533.SH,27
603533.SH,10
603533.SH,19
603533.SH,41
603533.SH,7
603533.SH,59
603533.SH,8
603533.SH,19
603533.SH,41
603533.SH,21
603533.SH,22
603533.SH,56
603535.SH,21
603535.SH,30
603535.SH,35
603535.SH,19
603535.SH,117
603536.SH,70
603536.SH,53
603536.SH,21
603536.SH,17
603538.SH,19
603538.SH,19
603538.SH,18
603538.SH,19
603538.SH,56
603538.SH,9
603538.SH,74
603538.SH,48
603538.SH,8
603538.SH,17
603556.SH,25
603556.SH,48
603556.SH,28
603556.SH,17
603556.SH,29
603556.SH,18
603556.SH,14
603556.SH,17
603556.SH,34
603565.SH,12
603565.SH,17
603565.SH,19
603565.SH,12
603565.SH,17
603565.SH,33
603565.SH,48
603565.SH,44
603565.SH,14
603565.SH,19
603565.SH,17
603565.SH,11
603566.SH,59
603568.SH,19
603568.SH,30
603568.SH,21
603568.SH,21
603568.SH,29
603568.SH,25
603568.SH,17
603568.SH,28
603569.SH,25
603577.SH,108
603577.SH,61
603577.SH,28
603577.SH,29
603579.SH,41
603579.SH,19
603579.SH,17
603579.SH,19
603579.SH,20
603579.SH,125
603579.SH,17
603583.SH,46
603583.SH,20
603583.SH,7
603583.SH,17
603583.SH,19
603583.SH,17
603583.SH,80
603583.SH,24
603583.SH,21
603583.SH,28
603585.SH,116
603585.SH,79
603585.SH,42
603585.SH,36
603586.SH,41
603586.SH,39
603588.SH,10
603588.SH,18
603588.SH,26
603588.SH,9
603588.SH,19
603588.SH,19
603588.SH,22
603588.SH,20
603588.SH,28
603588.SH,39
603588.SH,17
603588.SH,21
603588.SH,17
603588.SH,27
603588.SH,19
603588.SH,17
603589.SH,46
603589.SH,20
603589.SH,8
603589.SH,29
603589.SH,89
603589.SH,45
603590.SH,19
603590.SH,33
603590.SH,17
603590.SH,112
603590.SH,32
603596.SH,47
603596.SH,21
603596.SH,21
603596.SH,19
603596.SH,22
603596.SH,44
603596.SH,41
603596.SH,9
603596.SH,21
603596.SH,48
603598.SH,24
603598.SH,26
603598.SH,20
603598.SH,20
603598.SH,29
603598.SH,49
603598.SH,24
603598.SH,38
603598.SH,18
603598.SH,19
603598.SH,56
603599.SH,39
603599.SH,25
603599.SH,11
603599.SH,72
603599.SH,61
603599.SH,16
603599.SH,19
603599.SH,30
603599.SH,19
603601.SH,17
603601.SH,84
603601.SH,21
603601.SH,19
603601.SH,21
603601.SH,22
603601.SH,27
603601.SH,22
603602.SH,11
603602.SH,136
603602.SH,30
603605.SH,57
603605.SH,15
603605.SH,19
603605.SH,8
603605.SH,124
603605.SH,15
603605.SH,7
603605.SH,7
603605.SH,16
603606.SH,17
603606.SH,46
603606.SH,17
603606.SH,19
603606.SH,29
603606.SH,50
603606.SH,17
603606.SH,36
603606.SH,30
603606.SH,19
603607.SH,20
603607.SH,37
603607.SH,22
603607.SH,19
603607.SH,76
603607.SH,29
603607.SH,20
603607.SH,77
603608.SH,65
603608.SH,28
603608.SH,24
603608.SH,25
603610.SH,44
603610.SH,19
603610.SH,17
603610.SH,19
603610.SH,37
603610.SH,19
603610.SH,26
603610.SH,21
603610.SH,64
603611.SH,29
603611.SH,12
603611.SH,17
603611.SH,11
603611.SH,17
603611.SH,61
603611.SH,86
603612.SH,35
603612.SH,17
603612.SH,19
603612.SH,17
603612.SH,19
603612.SH,19
603612.SH,53
603612.SH,48
603612.SH,11
603612.SH,17
603612.SH,19
603612.SH,30
603613.SH,28
603613.SH,20
603613.SH,18
603613.SH,19
603613.SH,15
603613.SH,19
603613.SH,30
603613.SH,49
603613.SH,42
603613.SH,63
603615.SH,17
603615.SH,125
603616.SH,17
603616.SH,89
603616.SH,76
603616.SH,43
603617.SH,20
603618.SH,33
603618.SH,20
603618.SH,14
603618.SH,27
603618.SH,29
603618.SH,41
603618.SH,21
603618.SH,18
603618.SH,27
603618.SH,19
603619.SH,25
603619.SH,18
603619.SH,28
603619.SH,19
603619.SH,8
603619.SH,20
603619.SH,29
603619.SH,19
603619.SH,17
603619.SH,45
603619.SH,21
603619.SH,17
603619.SH,27
603626.SH,19
603626.SH,36
603626.SH,21
603626.SH,12
603626.SH,14
603626.SH,17
603626.SH,62
603626.SH,21
603626.SH,19
603626.SH,21
603626.SH,17
603626.SH,34
603626.SH,34
603628.SH,21
603628.SH,52
603628.SH,20
603628.SH,19
603628.SH,17
603628.SH,25
603628.SH,18
603628.SH,31
603628.SH,15
603629.SH,52
603629.SH,19
603629.SH,22
603629.SH,12
603629.SH,29
603629.SH,38
603629.SH,39
603629.SH,17
603629.SH,14
603629.SH,19
603629.SH,27
603629.SH,17
603629.SH,19
603630.SH,17
603630.SH,55
603630.SH,20
603630.SH,19
603630.SH,79
603633.SH,20
603633.SH,19
603633.SH,77
603636.SH,33
603636.SH,14
603636.SH,17
603636.SH,20
603636.SH,19
603636.SH,64
603636.SH,22
603636.SH,19
603636.SH,31
603637.SH,32
603637.SH,136
603638.SH,50
603638.SH,29
603638.SH,42
603638.SH,19
603648.SH,27
603648.SH,54
603650.SH,38
603650.SH,18
603650.SH,7
603650.SH,18
603650.SH,10
603650.SH,27
603650.SH,27
603650.SH,35
603650.SH,23
603650.SH,25
603650.SH,17
603650.SH,21
603650.SH,54
603655.SH,39
603655.SH,103
603655.SH,26
603656.SH,41
603656.SH,87
603657.SH,23
603657.SH,54
603657.SH,20
603657.SH,88
603658.SH,19
603658.SH,153
603659.SH,20
603659.SH,14
603659.SH,17
603659.SH,35
603659.SH,10
603659.SH,17
603659.SH,19
603659.SH,27
603659.SH,17
603659.SH,40
603659.SH,23
603659.SH,8
603659.SH,20
603659.SH,27
603659.SH,19
603660.SH,51
603660.SH,19
603660.SH,19
603660.SH,31
603660.SH,20
603660.SH,19
603660.SH,21
603660.SH,17
603660.SH,21
603660.SH,53
603662.SH,32
603662.SH,17
603662.SH,19
603662.SH,19
603662.SH,17
603662.SH,19
603662.SH,17
603662.SH,69
603662.SH,19
603662.SH,7
603662.SH,21
603663.SH,31
603663.SH,15
603663.SH,24
603663.SH,7
603663.SH,25
603663.SH,17
603663.SH,24
603663.SH,36
603663.SH,37
603663.SH,19
603663.SH,22
603663.SH,19
603663.SH,25
603665.SH,99
603665.SH,50
603665.SH,21
603666.SH,26
603666.SH,42
603666.SH,21
603666.SH,19
603666.SH,17
603666.SH,19
603666.SH,34
603666.SH,63
603666.SH,14
603667.SH,19
603667.SH,44
603667.SH,24
603667.SH,17
603667.SH,19
603667.SH,17
603667.SH,35
603667.SH,31
603667.SH,17
603667.SH,21
603667.SH,19
603667.SH,71
603668.SH,7
603668.SH,15
603668.SH,17
603668.SH,7
603668.SH,46
603668.SH,27
603668.SH,17
603668.SH,105
603669.SH,21
603669.SH,27
603676.SH,37
603677.SH,19
603677.SH,113
603678.SH,42
603678.SH,17
603678.SH,19
603678.SH,20
603678.SH,30
603678.SH,28
603678.SH,51
603678.SH,19
603678.SH,21
603678.SH,20
603678.SH,27
603679.SH,82
603679.SH,64
603679.SH,64
603680.SH,47
603680.SH,128
603680.SH,19
603680.SH,28
603681.SH,30
603681.SH,61
603681.SH,43
603681.SH,35
603681.SH,30
603682.SH,165
603682.SH,30
603683.SH,32
603683.SH,19
603683.SH,19
603683.SH,17
603683.SH,19
603683.SH,17
603683.SH,47
603683.SH,20
603683.SH,17
603683.SH,25
603683.SH,13
603683.SH,39
603683.SH,19
603685.SH,102
603685.SH,31
603686.SH,19
603686.SH,28
603686.SH,19
603686.SH,18
603686.SH,19
603686.SH,20
603686.SH,17
603686.SH,28
603686.SH,19
603686.SH,44
603686.SH,42
603687.SH,19
603687.SH,34
603687.SH,51
603687.SH,22
603687.SH,19
603687.SH,13
603687.SH,37
603688.SH,25
603688.SH,24
603688.SH,20
603688.SH,19
603688.SH,18
603688.SH,27
603688.SH,54
603688.SH,14
603688.SH,14
603688.SH,17
603688.SH,19
603688.SH,27
603688.SH,29
603690.SH,32
603690.SH,21
603690.SH,19
603690.SH,12
603690.SH,18
603690.SH,19
603690.SH,30
603690.SH,46
603690.SH,14
603690.SH,21
603690.SH,44
603693.SH,21
603693.SH,21
603693.SH,17
603693.SH,224
603693.SH,13
603696.SH,92
603696.SH,19
603696.SH,59
603696.SH,22
603696.SH,20
603696.SH,21
603697.SH,22
603697.SH,75
603697.SH,75
603697.SH,25
603697.SH,69
603698.SH,26
603698.SH,27
603698.SH,49
603698.SH,17
603698.SH,21
603698.SH,28
603698.SH,61
603699.SH,20
603699.SH,49
603699.SH,17
603699.SH,19
603699.SH,17
603699.SH,27
603699.SH,19
603699.SH,31
603699.SH,19
603699.SH,21
603699.SH,22
603699.SH,27
603701.SH,197
603701.SH,21
603703.SH,28
603703.SH,27
603703.SH,17
603703.SH,24
603703.SH,18
603703.SH,21
603703.SH,89
603706.SH,203
603707.SH,48
603707.SH,14
603707.SH,20
603707.SH,170
603707.SH,36
603708.SH,102
603708.SH,34
603708.SH,17
603709.SH,42
603711.SH,30
603712.SH,21
603712.SH,27
603712.SH,21
603712.SH,18
603712.SH,17
603712.SH,40
603712.SH,43
603712.SH,16
603712.SH,33
603712.SH,22
603712.SH,39
603713.SH,41
603713.SH,19
603713.SH,119
603713.SH,20
603713.SH,17
603716.SH,19
603716.SH,20
603716.SH,17
603716.SH,19
603716.SH,19
603716.SH,32
603716.SH,52
603716.SH,45
603716.SH,21
603716.SH,57
603716.SH,24
603717.SH,79
603718.SH,160
603719.SH,65
603719.SH,20
603725.SH,39
603725.SH,65
603726.SH,21
603726.SH,39
603726.SH,82
603726.SH,21
603726.SH,23
603727.SH,39
603727.SH,21
603728.SH,46
603728.SH,17
603728.SH,10
603728.SH,17
603728.SH,12
603728.SH,20
603728.SH,17
603728.SH,67
603728.SH,24
603728.SH,21
603728.SH,40
603730.SH,24
603730.SH,19
603730.SH,19
603730.SH,17
603730.SH,21
603730.SH,21
603730.SH,19
603730.SH,59
603733.SH,157
603737.SH,17
603737.SH,20
603737.SH,19
603737.SH,38
603737.SH,33
603737.SH,20
603737.SH,25
603737.SH,25
603737.SH,17
603737.SH,52
603738.SH,31
603738.SH,17
603738.SH,31
603738.SH,61
603738.SH,20
603738.SH,29
603738.SH,17
603738.SH,20
603738.SH,27
603738.SH,19
603739.SH,58
603739.SH,88
603739.SH,9
603739.SH,75
603757.SH,22
603757.SH,88
603757.SH,8
603757.SH,21
603757.SH,36
603757.SH,27
603757.SH,28
603758.SH,27
603758.SH,55
603758.SH,35
603758.SH,25
603758.SH,35
603758.SH,24
603759.SH,69
603759.SH,20
603766.SH,19
603766.SH,8
603766.SH,28
603766.SH,34
603766.SH,9
603766.SH,33
603766.SH,26
603766.SH,17
603766.SH,26
603766.SH,17
603766.SH,19
603766.SH,28
603766.SH,27
603766.SH,20
603767.SH,19
603767.SH,30
603767.SH,19
603767.SH,19
603767.SH,17
603767.SH,29
603767.SH,42
603767.SH,40
603767.SH,20
603773.SH,26
603773.SH,20
603773.SH,17
603773.SH,19
603773.SH,72
603773.SH,19
603773.SH,21
603773.SH,17
603773.SH,35
603776.SH,38
603776.SH,21
603776.SH,17
603776.SH,32
603776.SH,175
603777.SH,77
603777.SH,17
603777.SH,8
603777.SH,102
603777.SH,23
603777.SH,28
603777.SH,48
603778.SH,42
603778.SH,19
603778.SH,21
603778.SH,19
603778.SH,21
603778.SH,57
603778.SH,17
603786.SH,19
603786.SH,20
603786.SH,66
603786.SH,21
603786.SH,21
603787.SH,20
603787.SH,129
603790.SH,135
603798.SH,19
603798.SH,22
603798.SH,113
603799.SH,33
603799.SH,12
603799.SH,17
603799.SH,12
603799.SH,17
603799.SH,14
603799.SH,19
603799.SH,19
603799.SH,25
603799.SH,20
603799.SH,22
603799.SH,19
603799.SH,21
603799.SH,42
603799.SH,42
603800.SH,19
603800.SH,23
603800.SH,19
603800.SH,20
603800.SH,45
603800.SH,46
603800.SH,17
603800.SH,21
603800.SH,76
603803.SH,36
603803.SH,55
603803.SH,24
603803.SH,50
603803.SH,19
603803.SH,19
603803.SH,23
603803.SH,62
603803.SH,17
603806.SH,27
603806.SH,17
603806.SH,7
603806.SH,19
603806.SH,8
603806.SH,19
603806.SH,17
603806.SH,20
603806.SH,35
603806.SH,9
603806.SH,49
603806.SH,11
603806.SH,13
603806.SH,17
603806.SH,40
603806.SH,22
603809.SH,47
603809.SH,19
603809.SH,21
603809.SH,17
603809.SH,26
603809.SH,76
603809.SH,18
603809.SH,21
603811.SH,19
603811.SH,167
603815.SH,42
603815.SH,17
603815.SH,39
603815.SH,36
603815.SH,42
603816.SH,30
603816.SH,22
603816.SH,25
603816.SH,15
603816.SH,20
603816.SH,18
603816.SH,40
603816.SH,22
603816.SH,8
603816.SH,19
603816.SH,22
603816.SH,12
603816.SH,17
603816.SH,42
603817.SH,27
603817.SH,23
603817.SH,75
603818.SH,17
603818.SH,34
603823.SH,19
603823.SH,35
603823.SH,17
603823.SH,31
603823.SH,32
603823.SH,25
603823.SH,48
603823.SH,17
603823.SH,36
603826.SH,27
603826.SH,19
603829.SH,46
603829.SH,22
603829.SH,17
603829.SH,33
603829.SH,26
603829.SH,29
603829.SH,17
603833.SH,15
603833.SH,30
603833.SH,18
603833.SH,64
603833.SH,62
603833.SH,8
603833.SH,8
603833.SH,48
603836.SH,238
603839.SH,38
603839.SH,35
603848.SH,21
603855.SH,46
603858.SH,20
603858.SH,10
603858.SH,7
603858.SH,21
603858.SH,57
603858.SH,73
603859.SH,49
603859.SH,17
603859.SH,19
603859.SH,17
603859.SH,20
603859.SH,19
603859.SH,28
603859.SH,51
603859.SH,13
603859.SH,21
603859.SH,36
603861.SH,20
603861.SH,14
603861.SH,28
603861.SH,19
603861.SH,45
603861.SH,11
603861.SH,21
603861.SH,17
603861.SH,27
603863.SH,29
603863.SH,24
603863.SH,20
603863.SH,19
603863.SH,84
603863.SH,36
603863.SH,19
603863.SH,32
603866.SH,15
603866.SH,64
603867.SH,20
603867.SH,14
603867.SH,28
603867.SH,31
603867.SH,61
603867.SH,17
603867.SH,27
603871.SH,69
603871.SH,17
603871.SH,19
603871.SH,12
603871.SH,17
603871.SH,34
603871.SH,47
603871.SH,25
603871.SH,26
603871.SH,21
603871.SH,19
603876.SH,11
603876.SH,20
603876.SH,14
603876.SH,8
603876.SH,17
603876.SH,40
603876.SH,19
603876.SH,36
603876.SH,21
603876.SH,17
603876.SH,27
603876.SH,26
603878.SH,27
603878.SH,43
603878.SH,56
603878.SH,32
603879.SH,37
603879.SH,142
603879.SH,21
603881.SH,60
603881.SH,17
603881.SH,19
603881.SH,19
603881.SH,17
603881.SH,56
603881.SH,53
603881.SH,17
603881.SH,19
603881.SH,28
603881.SH,20
603882.SH,27
603882.SH,18
603882.SH,19
603882.SH,7
603882.SH,19
603882.SH,16
603882.SH,134
603882.SH,19
603883.SH,25
603883.SH,17
603883.SH,40
603883.SH,97
603883.SH,7
603883.SH,59
603883.SH,14
603885.SH,10
603885.SH,21
603885.SH,41
603885.SH,23
603885.SH,21
603885.SH,12
603885.SH,28
603885.SH,26
603885.SH,24
603885.SH,19
603885.SH,8
603885.SH,21
603885.SH,19
603885.SH,58
603886.SH,27
603887.SH,19
603887.SH,23
603887.SH,19
603887.SH,18
603887.SH,48
603887.SH,40
603887.SH,29
603887.SH,19
603887.SH,17
603887.SH,27
603888.SH,36
603888.SH,14
603888.SH,13
603888.SH,26
603888.SH,8
603888.SH,64
603888.SH,19
603888.SH,48
603888.SH,21
603888.SH,18
603888.SH,54
603889.SH,60
603890.SH,54
603890.SH,7
603890.SH,17
603890.SH,10
603890.SH,7
603890.SH,31
603890.SH,7
603890.SH,29
603890.SH,19
603890.SH,19
603890.SH,23
603890.SH,29
603890.SH,69
603893.SH,46
603893.SH,17
603893.SH,19
603893.SH,14
603893.SH,19
603893.SH,17
603893.SH,68
603893.SH,17
603893.SH,24
603893.SH,7
603893.SH,17
603893.SH,69
603895.SH,133
603897.SH,74
603897.SH,9
603897.SH,19
603897.SH,53
603897.SH,35
603897.SH,39
603897.SH,10
603897.SH,42
603897.SH,19
603897.SH,21
603898.SH,35
603899.SH,49
603899.SH,14
603899.SH,21
603899.SH,87
603899.SH,60
603900.SH,17
603900.SH,45
603900.SH,24
603900.SH,19
603900.SH,153
603901.SH,18
603901.SH,73
603901.SH,30
603901.SH,28
603901.SH,19
603901.SH,24
603901.SH,19
603901.SH,23
603901.SH,19
603903.SH,20
603903.SH,27
603903.SH,23
603906.SH,20
603906.SH,45
603906.SH,24
603906.SH,17
603906.SH,27
603906.SH,19
603906.SH,17
603906.SH,19
603906.SH,17
603906.SH,61
603906.SH,19
603906.SH,8
603912.SH,59
603912.SH,18
603912.SH,19
603912.SH,145
603912.SH,23
603912.SH,8
603912.SH,27
603912.SH,21
603915.SH,67
603915.SH,21
603915.SH,15
603915.SH,17
603915.SH,11
603915.SH,49
603915.SH,24
603915.SH,26
603915.SH,23
603916.SH,158
603916.SH,19
603917.SH,29
603917.SH,19
603917.SH,77
603917.SH,8
603918.SH,20
603918.SH,20
603918.SH,19
603918.SH,18
603918.SH,32
603918.SH,29
603918.SH,37
603918.SH,19
603918.SH,47
603918.SH,17
603919.SH,72
603919.SH,77
603920.SH,20
603920.SH,20
603920.SH,19
603920.SH,17
603920.SH,19
603920.SH,17
603920.SH,19
603920.SH,50
603920.SH,25
603920.SH,17
603920.SH,21
603920.SH,19
603920.SH,30
603920.SH,41
603922.SH,21
603922.SH,24
603922.SH,20
603922.SH,20
603922.SH,177
603922.SH,40
603926.SH,17
603926.SH,19
603926.SH,107
603926.SH,21
603927.SH,27
603927.SH,8
603927.SH,19
603927.SH,15
603927.SH,12
603927.SH,7
603927.SH,31
603927.SH,27
603927.SH,15
603927.SH,55
603927.SH,9
603927.SH,19
603928.SH,51
603928.SH,19
603928.SH,40
603928.SH,49
603928.SH,22
603928.SH,23
603929.SH,49
603929.SH,34
603929.SH,46
603929.SH,19
603929.SH,19
603929.SH,21
603929.SH,17
603929.SH,46
603929.SH,17
603931.SH,28
603931.SH,27
603931.SH,21
603931.SH,19
603931.SH,17
603931.SH,26
603931.SH,20
603933.SH,30
603933.SH,19
603933.SH,18
603933.SH,32
603936.SH,19
603936.SH,19
603936.SH,21
603936.SH,17
603936.SH,19
603936.SH,28
603936.SH,41
603936.SH,17
603936.SH,22
603936.SH,39
603936.SH,17
603937.SH,181
603938.SH,59
603938.SH,98
603938.SH,19
603938.SH,49
603938.SH,22
603938.SH,20
603938.SH,27
603938.SH,32
603939.SH,26
603939.SH,15
603939.SH,21
603939.SH,35
603939.SH,76
603939.SH,10
603939.SH,13
603939.SH,35
603939.SH,19
603948.SH,20
603948.SH,54
603948.SH,59
603948.SH,34
603949.SH,21
603949.SH,104
603949.SH,126
603949.SH,57
603950.SH,47
603950.SH,17
603950.SH,19
603950.SH,27
603950.SH,88
603950.SH,19
603950.SH,27
603950.SH,17
603955.SH,20
603955.SH,36
603955.SH,20
603955.SH,19
603956.SH,30
603956.SH,40
603956.SH,30
603956.SH,63
603956.SH,74
603958.SH,254
603958.SH,27
603958.SH,29
603959.SH,33
603959.SH,20
603959.SH,25
603959.SH,20
603959.SH,88
603959.SH,29
603960.SH,56
603960.SH,20
603960.SH,10
603960.SH,24
603960.SH,9
603960.SH,27
603960.SH,73
603960.SH,17
603960.SH,15
603960.SH,14
603960.SH,27
603960.SH,30
603966.SH,19
603966.SH,17
603966.SH,43
603966.SH,11
603966.SH,23
603966.SH,46
603966.SH,22
603966.SH,73
603967.SH,26
603967.SH,186
603969.SH,21
603969.SH,18
603969.SH,19
603969.SH,19
603969.SH,17
603969.SH,19
603969.SH,27
603969.SH,46
603969.SH,38
603969.SH,17
603969.SH,35
603977.SH,49
603977.SH,22
603977.SH,17
603977.SH,13
603977.SH,35
603977.SH,18
603977.SH,21
603977.SH,14
603977.SH,31
603977.SH,22
603977.SH,19
603977.SH,30
603977.SH,19
603978.SH,39
603978.SH,24
603978.SH,27
603978.SH,19
603978.SH,17
603978.SH,34
603978.SH,26
603978.SH,36
603978.SH,17
603978.SH,19
603979.SH,14
603979.SH,18
603979.SH,19
603979.SH,19
603979.SH,18
603979.SH,19
603979.SH,19
603979.SH,25
603979.SH,19
603979.SH,33
603979.SH,17
603979.SH,21
603979.SH,19
603979.SH,34
603979.SH,37
603980.SH,20
603980.SH,17
603980.SH,19
603980.SH,31
603980.SH,54
603980.SH,78
603980.SH,40
603982.SH,18
603983.SH,72
603983.SH,25
603985.SH,60
603985.SH,8
603985.SH,9
603985.SH,19
603985.SH,9
603985.SH,32
603985.SH,93
603985.SH,14
603985.SH,19
603985.SH,17
603985.SH,27
603985.SH,19
603986.SH,28
603986.SH,19
603986.SH,30
603986.SH,19
603986.SH,8
603986.SH,19
603986.SH,17
603986.SH,31
603986.SH,17
603986.SH,29
603986.SH,19
603986.SH,21
603986.SH,19
603986.SH,35
603988.SH,19
603988.SH,62
603988.SH,21
603988.SH,25
603988.SH,87
603988.SH,17
603988.SH,41
603989.SH,20
603989.SH,117
603989.SH,42
603990.SH,17
603990.SH,20
603990.SH,20
603990.SH,49
603990.SH,22
603990.SH,27
603990.SH,27
603990.SH,42
603990.SH,21
603990.SH,59
603990.SH,19
603991.SH,18
603991.SH,25
603991.SH,20
603991.SH,17
603991.SH,32
603991.SH,21
603991.SH,38
603991.SH,8
603991.SH,21
603991.SH,19
603991.SH,22
603991.SH,19
603991.SH,27
603991.SH,17
603992.SH,21
603992.SH,26
603992.SH,85
603992.SH,21
603992.SH,66
603993.SH,12
603993.SH,16
603993.SH,7
603993.SH,13
603993.SH,25
603993.SH,17
603993.SH,19
603993.SH,17
603993.SH,27
603993.SH,19
603993.SH,17
603993.SH,17
603993.SH,17
603993.SH,21
603993.SH,19
603993.SH,31
603993.SH,40
603995.SH,27
603995.SH,29
603995.SH,54
603995.SH,67
603995.SH,21
603995.SH,20
603995.SH,29
603997.SH,88
603997.SH,28
603997.SH,9
603997.SH,32
603997.SH,17
603997.SH,36
603997.SH,28
603997.SH,20
603998.SH,48
603998.SH,13
603998.SH,17
603998.SH,39
603998.SH,27
603998.SH,22
603998.SH,69
603999.SH,56
603999.SH,119
603999.SH,50
603999.SH,28
605006.SH,35
605006.SH,19
605006.SH,155
605006.SH,27
605006.SH,30
605007.SH,17
605007.SH,27
605009.SH,19
605009.SH,61
605009.SH,17
605011.SH,108
605011.SH,143
605016.SH,18
605016.SH,26
605016.SH,19
605016.SH,29
605016.SH,20
605016.SH,66
605016.SH,68
605016.SH,17
605016.SH,61
605018.SH,26
605018.SH,33
605020.SH,7
605020.SH,26
605020.SH,14
605020.SH,17
605020.SH,32
605020.SH,42
605020.SH,29
605020.SH,16
605020.SH,12
605020.SH,13
605020.SH,7
605020.SH,17
605020.SH,27
605028.SH,25
605028.SH,58
605028.SH,117
605033.SH,40
605033.SH,37
605033.SH,180
605033.SH,19
605050.SH,34
605050.SH,28
605050.SH,17
605050.SH,126
605050.SH,63
605055.SH,35
605055.SH,25
605055.SH,174
605056.SH,41
605056.SH,39
605056.SH,19
605056.SH,27
605056.SH,21
605058.SH,32
605058.SH,25
605058.SH,45
605058.SH,77
605058.SH,66
605060.SH,67
605060.SH,19
605060.SH,22
605060.SH,25
605060.SH,14
605060.SH,17
605060.SH,27
605066.SH,57
605066.SH,10
605066.SH,79
605066.SH,71
605066.SH,19
605066.SH,29
605068.SH,21
605068.SH,17
605068.SH,82
605069.SH,71
605069.SH,148
605069.SH,21
605069.SH,29
605086.SH,17
605086.SH,24
605086.SH,24
605088.SH,28
605088.SH,21
605088.SH,21
605088.SH,17
605088.SH,29
605088.SH,19
605088.SH,98
605088.SH,22
605088.SH,14
605090.SH,31
605090.SH,18
605090.SH,18
605090.SH,19
605090.SH,19
605090.SH,25
605090.SH,24
605090.SH,24
605090.SH,19
605090.SH,21
605090.SH,38
605099.SH,24
605099.SH,36
605099.SH,54
605099.SH,30
605099.SH,55
605099.SH,40
605099.SH,22
605100.SH,43
605100.SH,46
605100.SH,17
605100.SH,19
605100.SH,31
605100.SH,19
605100.SH,19
605100.SH,28
605100.SH,21
605108.SH,90
605108.SH,43
605111.SH,19
605111.SH,8
605111.SH,7
605111.SH,9
605111.SH,8
605111.SH,34
605111.SH,21
605111.SH,19
605111.SH,57
605111.SH,21
605111.SH,21
605116.SH,133
605116.SH,25
605116.SH,70
605117.SH,58
605117.SH,35
605117.SH,19
605117.SH,17
605117.SH,27
605117.SH,19
605117.SH,28
605117.SH,17
605117.SH,21
605117.SH,18
605117.SH,17
605117.SH,27
605117.SH,19
605118.SH,20
605118.SH,17
605118.SH,25
605118.SH,133
605118.SH,17
605118.SH,28
605123.SH,19
605123.SH,17
605123.SH,31
605123.SH,18
605123.SH,28
605123.SH,31
605123.SH,36
605123.SH,17
605123.SH,21
605123.SH,19
605128.SH,17
605128.SH,24
605128.SH,17
605128.SH,103
605128.SH,21
605133.SH,34
605133.SH,18
605133.SH,33
605133.SH,19
605133.SH,17
605133.SH,40
605133.SH,38
605133.SH,32
605133.SH,21
605136.SH,43
605136.SH,40
605136.SH,17
605136.SH,19
605136.SH,43
605136.SH,13
605136.SH,20
605136.SH,35
605136.SH,17
605151.SH,168
605155.SH,68
605155.SH,22
605162.SH,71
605166.SH,71
605166.SH,19
605166.SH,184
605167.SH,180
605167.SH,21
605167.SH,17
605167.SH,43
605168.SH,19
605168.SH,19
605168.SH,98
605168.SH,17
605168.SH,21
605168.SH,19
605168.SH,71
605169.SH,52
605178.SH,41
605178.SH,46
605178.SH,19
605178.SH,36
605178.SH,26
605178.SH,17
605178.SH,32
605178.SH,17
605178.SH,12
605179.SH,91
605179.SH,17
605179.SH,59
605179.SH,28
605179.SH,18
605183.SH,201
605188.SH,20
605188.SH,44
605188.SH,28
605188.SH,19
605188.SH,41
605188.SH,17
605188.SH,39
605188.SH,31
605188.SH,27
605189.SH,52
605196.SH,21
605196.SH,17
605196.SH,25
605196.SH,15
605196.SH,19
605196.SH,22
605196.SH,27
605196.SH,17
605196.SH,19
605196.SH,17
605196.SH,25
605196.SH,21
605196.SH,17
605196.SH,27
605198.SH,61
605198.SH,27
605198.SH,161
605208.SH,43
605208.SH,21
605208.SH,27
605208.SH,17
605208.SH,19
605208.SH,42
605222.SH,22
605222.SH,19
605222.SH,32
605222.SH,19
605228.SH,34
605228.SH,28
605228.SH,33
605228.SH,79
605228.SH,70
605255.SH,90
605255.SH,19
605255.SH,22
605255.SH,20
605258.SH,53
605258.SH,125
605268.SH,183
605277.SH,19
605277.SH,28
605277.SH,24
605277.SH,19
605277.SH,63
605277.SH,21
605277.SH,20
605277.SH,10
605277.SH,19
605277.SH,35
605277.SH,22
605286.SH,20
605286.SH,57
605286.SH,118
605286.SH,17
605287.SH,25
605287.SH,63
605287.SH,17
605287.SH,21
605287.SH,48
605288.SH,42
605288.SH,19
605288.SH,50
605288.SH,21
605288.SH,42
605288.SH,19
605289.SH,33
605289.SH,17
605289.SH,19
605289.SH,27
605289.SH,30
605289.SH,22
605289.SH,34
605289.SH,19
605289.SH,17
605289.SH,27
605296.SH,40
605296.SH,21
605296.SH,28
605296.SH,192
605298.SH,19
605298.SH,17
605298.SH,33
605298.SH,72
605298.SH,62
605299.SH,90
605299.SH,23
605299.SH,33
605299.SH,7
605299.SH,19
605299.SH,36
605299.SH,17
605303.SH,36
605303.SH,19
605303.SH,19
605305.SH,19
605305.SH,19
605305.SH,25
605305.SH,19
605305.SH,36
605305.SH,36
605305.SH,19
605305.SH,13
605305.SH,17
605305.SH,48
605305.SH,19
605318.SH,17
605318.SH,48
605318.SH,21
605318.SH,32
605318.SH,29
605318.SH,23
605319.SH,28
605319.SH,51
605319.SH,20
605319.SH,22
605319.SH,127
605319.SH,20
605319.SH,44
605333.SH,56
605333.SH,19
605333.SH,20
605333.SH,22
605333.SH,28
605333.SH,82
605337.SH,20
605337.SH,56
605337.SH,34
605337.SH,146
605338.SH,79
605338.SH,55
605338.SH,35
605338.SH,33
605338.SH,30
605358.SH,43
605358.SH,20
605358.SH,9
605358.SH,14
605358.SH,13
605358.SH,22
605358.SH,19
605358.SH,27
605358.SH,17
605358.SH,27
605358.SH,19
605358.SH,21
605358.SH,37
605358.SH,42
605365.SH,42
605365.SH,21
605365.SH,91
605366.SH,19
605366.SH,49
605366.SH,20
605366.SH,25
605366.SH,19
605376.SH,20
605376.SH,21
605376.SH,12
605376.SH,17
605376.SH,19
605376.SH,19
605376.SH,37
605376.SH,37
605376.SH,19
605376.SH,26
605376.SH,17
605376.SH,57
605377.SH,39
605378.SH,19
605378.SH,21
605378.SH,19
605378.SH,17
605378.SH,28
605378.SH,22
605378.SH,76
605388.SH,15
605388.SH,96
605389.SH,24
605389.SH,27
605389.SH,27
605389.SH,34
605389.SH,38
605389.SH,45
605398.SH,22
605398.SH,27
605398.SH,17
605398.SH,27
605398.SH,58
605398.SH,59
605398.SH,28
605398.SH,30
605399.SH,17
605399.SH,53
605399.SH,35
605488.SH,20
605488.SH,48
605488.SH,19
605488.SH,17
605488.SH,22
605488.SH,27
605488.SH,35
605488.SH,19
605488.SH,27
605488.SH,21
605488.SH,18
605499.SH,8
605499.SH,20
605499.SH,48
605499.SH,18
605499.SH,20
605499.SH,19
605499.SH,73
605499.SH,19
605499.SH,35
605507.SH,25
605507.SH,78
605507.SH,35
605507.SH,29
605507.SH,43
605555.SH,85
605555.SH,12
605555.SH,23
605555.SH,48
605555.SH,42
605555.SH,29
605555.SH,19
605566.SH,27
605566.SH,32
605566.SH,70
605580.SH,19
605580.SH,19
605580.SH,25
605580.SH,21
605580.SH,19
605580.SH,57
605580.SH,55
605588.SH,74
605588.SH,21
605588.SH,30
605588.SH,27
605588.SH,92
605588.SH,43
605589.SH,21
605589.SH,25
605589.SH,17
605589.SH,19
605589.SH,19
605589.SH,24
605589.SH,19
605589.SH,44
605589.SH,29
605589.SH,10
605589.SH,21
605589.SH,11
605589.SH,18
605589.SH,27
605589.SH,25
605598.SH,46
605598.SH,19
605598.SH,19
605598.SH,18
605598.SH,19
605598.SH,21
605598.SH,84
605599.SH,20
605599.SH,156
605599.SH,65
605599.SH,27
