ts_code,trade_date,quadrant,selection_state,a_subtype,score_trend_axis,score_platform_axis,score_chip_axis,score_industry_axis,score_total
000007.SZ,20251230,missed_A,missed_A,steady_structure_A,0.6393969338568172,0.671536853110298,0.5775770518765737,0.2423368081409779,0.5675969364297285
000059.SZ,20251230,missed_A,missed_A,mixed_A,0.42437428271076266,0.5682174594877156,0.3327166648792786,0.5400843881856541,0.4332007117518206
000681.SZ,20251230,missed_A,missed_A,mixed_A,0.0759709159719152,0.7501045478306325,0.37026962260766705,0.4203896748572847,0.26862176964953033
000737.SZ,20251230,missed_A,missed_A,chip_support_A,0.4825275813981329,0.5982488238369054,0.6081865660848229,0.3905745842640854,0.5117215022435755
000969.SZ,20251230,missed_A,missed_A,mixed_A,0.8187998458935394,0.707344485101934,0.6753609643979667,0.427277240009928,0.713066198557944
002092.SZ,20251230,missed_A,missed_A,mixed_A,0.64185941953114,,,0.596270786795731,
002128.SZ,20251230,missed_A,missed_A,mixed_A,0.6030383277592963,,,0.12292132042690496,
002156.SZ,20251230,missed_A,missed_A,mixed_A,0.46100537118798346,,,0.24199553239017124,
002268.SZ,20251230,missed_A,missed_A,mixed_A,0.8497286554308473,,,0.42718416480516264,
002315.SZ,20251230,missed_A,missed_A,mixed_A,0.24921399052499962,,,0.4203896748572847,
002335.SZ,20251230,missed_A,missed_A,mixed_A,0.5577790506168905,,,0.7027798461156615,
002371.SZ,20251230,missed_A,missed_A,mixed_A,0.5235094565147467,,,0.24199553239017124,
002400.SZ,20251230,missed_A,missed_A,mixed_A,0.03445730962931852,,,0.22449739389426657,
002413.SZ,20251230,missed_A,missed_A,mixed_A,0.898883328613333,,,0.4854802680565897,
002418.SZ,20251230,missed_A,missed_A,mixed_A,0.5374553756615087,,,0.27727103499627703,
002446.SZ,20251230,missed_A,missed_A,mixed_A,0.8180013268993442,,,0.4854802680565897,
002488.SZ,20251230,missed_A,missed_A,mixed_A,0.5595366407596564,,,0.9144328617522959,
002519.SZ,20251230,missed_A,missed_A,mixed_A,0.607755124034957,,,0.4854802680565897,
002565.SZ,20251230,missed_A,missed_A,mixed_A,0.9040182035505742,,,0.44787788533134776,
002648.SZ,20251230,missed_A,missed_A,mixed_A,0.5558023994609094,,,0.596270786795731,
002787.SZ,20251230,missed_A,missed_A,mixed_A,0.44431225156838344,,,0.22449739389426657,
002792.SZ,20251230,missed_A,missed_A,mixed_A,0.9043278565307185,,,0.4854802680565897,
002842.SZ,20251230,missed_A,missed_A,mixed_A,0.9013614440785931,,,0.427277240009928,
600089.SH,20251230,missed_A,missed_A,mixed_A,0.45562901770623787,0.40859905906952426,0.5344335978276624,0.7027798461156615,0.5076997911343362
600295.SH,20251230,missed_A,missed_A,mixed_A,0.744237474264344,0.5130554103502352,0.5248834619040321,0.28930876147927526,0.5980414578650949
600302.SH,20251230,missed_A,missed_A,mixed_A,0.477692708285822,0.24383167799268168,0.5636454566667113,0.4629870935716059,0.4735889501445979
600552.SH,20251230,missed_A,missed_A,high_momentum_frontline_A,0.6636644709513145,0.31570831155253526,0.33535086819737486,0.651247207743857,0.5449278648418331
600577.SH,20251230,selected_A,selected_A,high_momentum_frontline_A,0.832289136368788,0.266257187663356,0.7206045212549388,0.7027798461156615,0.7283383941818136
600588.SH,20251230,missed_A,missed_A,mixed_A,0.04987951792375718,0.7574751698902248,0.23593939604429498,0.45876768428890546,0.22848727760531062
600875.SH,20251230,missed_A,missed_A,high_momentum_frontline_A,0.7913275864446369,0.4263199163617355,0.7121469683590065,0.7027798461156615,0.7217495038655928
600889.SH,20251230,missed_A,missed_A,high_momentum_frontline_A,0.6997873075165038,0.22639832723470987,0.39877807186895947,0.729523454951601,0.5816565226917029
600967.SH,20251230,missed_A,missed_A,mixed_A,0.09031597589358058,0.770151594354417,0.07108407709407771,0.3159282700421941,0.18733340716208055
603016.SH,20251230,missed_A,missed_A,high_momentum_frontline_A,0.6872733841493708,0.3755096706743335,0.5337962081871449,0.7027798461156615,0.6200536881062542
603037.SH,20251230,missed_A,missed_A,high_momentum_frontline_A,0.665160400739103,0.676215368531103,0.6584903946858018,0.9144328617522959,0.7019892651569567
603171.SH,20251230,missed_A,missed_A,chip_support_A,0.4231762157014227,0.5033978044955567,0.6240857236031523,0.45876768428890546,0.4867644718443909
603221.SH,20251230,missed_A,missed_A,mixed_A,0.5188540339981256,0.22943021432305277,0.3897308216971238,0.36122486969471335,0.433986474309856
603533.SH,20251230,missed_A,missed_A,mixed_A,0.03771873874177641,0.681102979613173,0.16517718178879143,0.4203896748572847,0.1913224140079961
605090.SH,20251230,missed_A,missed_A,mixed_A,0.8947531432247731,0.21210141139571353,0.6582321855485642,0.36348969967733935,0.6876682140906999
000021.SZ,20251231,missed_A,missed_A,mixed_A,0.5180121325540047,0.2766596968112911,0.3853963273046336,0.6498510796723753,0.4804987797351461
000050.SZ,20251231,missed_A,missed_A,mixed_A,0.13888164667775804,0.8497124934657605,0.18958710708848397,0.6498510796723753,0.2992865114084324
000636.SZ,20251231,missed_A,missed_A,mixed_A,0.2920529326770934,0.6267642446419237,0.39002459086216795,0.6498510796723753,0.40368670046913735
000792.SZ,20251231,missed_A,missed_A,mixed_A,0.7092608327402532,0.6684004181913226,0.7737715930759479,0.1530776867709109,0.6378750094738825
000801.SZ,20251231,missed_A,missed_A,mixed_A,0.5326125641040957,0.5934657605854678,0.35850229626571994,0.43332712831968234,0.480277501424977
000878.SZ,20251231,selected_A,selected_A,mixed_A,0.803659004386182,0.5148980658651332,0.857234158089746,0.538222884090345,0.7483612809155925
000917.SZ,20251231,selected_A,selected_A,mixed_A,0.8676408616041921,0.1594093047569263,0.6267343003376795,0.43149664929262843,0.6711694337561028
000922.SZ,20251231,selected_A,selected_A,high_momentum_frontline_A,0.7203154574425448,0.4017511761630946,0.6001397252522427,0.5994353437577562,0.6402830792143059
001339.SZ,20251231,missed_A,missed_A,mixed_A,0.1517153773129913,0.7057501306847883,0.13431076476196802,0.48498386696450735,0.2527579729601426
002115.SZ,20251231,missed_A,missed_A,mixed_A,0.842530100169994,,,0.497517994539588,
002131.SZ,20251231,missed_A,missed_A,mixed_A,0.7932741534007541,,,0.497517994539588,
002138.SZ,20251231,missed_A,missed_A,mixed_A,0.24333308562573774,,,0.6498510796723753,
002153.SZ,20251231,missed_A,missed_A,mixed_A,0.1491149259724002,,,0.5768180689997517,
002181.SZ,20251231,missed_A,missed_A,mixed_A,0.03325426716385648,,,0.2548088855795483,
002240.SZ,20251231,missed_A,missed_A,mixed_A,0.7030952943444042,,,0.42259245470340034,
002246.SZ,20251231,missed_A,missed_A,mixed_A,0.5525247411825338,,,0.5347480764457682,
002279.SZ,20251231,missed_A,missed_A,mixed_A,0.008514045883333913,,,0.5768180689997517,
002354.SZ,20251231,missed_A,missed_A,mixed_A,0.09392764239304763,,,0.497517994539588,
002409.SZ,20251231,missed_A,missed_A,mixed_A,0.518094596203345,,,0.18062794738148424,
002607.SZ,20251231,missed_A,missed_A,mixed_A,0.6703830893475137,,,0.28279349714569374,
002735.SZ,20251231,missed_A,missed_A,mixed_A,0.8868066960169357,,,0.4624286423430132,
002878.SZ,20251231,missed_A,missed_A,mixed_A,0.048866938011235816,,,0.43149664929262843,
600237.SH,20251231,missed_A,missed_A,mixed_A,0.6215223207598187,0.5680345007841087,0.4918222887219251,0.6498510796723753,0.5879978445896578
600257.SH,20251231,missed_A,missed_A,mixed_A,0.24859091963614832,0.5360036591740721,0.5033982550242229,0.08866964507321917,0.3170458362525199
600273.SH,20251231,missed_A,missed_A,mixed_A,0.48243500873965295,0.8287767903815995,0.31293604740982434,0.5347480764457682,0.4825414067273077
600468.SH,20251231,missed_A,missed_A,high_momentum_frontline_A,0.803406872181019,0.33578149503397803,0.42688485160806655,0.5994353437577562,0.6319181000595874
600550.SH,20251231,missed_A,missed_A,high_momentum_frontline_A,0.7783902373065155,0.24539989545216936,0.44295345899493094,0.5994353437577562,0.6143887745108709
600556.SH,20251231,missed_A,missed_A,mixed_A,0.1328924555478819,0.7661265028750653,0.24340627050167407,0.497517994539588,0.2785381448678042
600562.SH,20251231,missed_A,missed_A,mixed_A,0.6294741983206916,0.6045739675901725,0.2114547211568946,0.6328183172002979,0.5229809237886314
600633.SH,20251231,missed_A,missed_A,mixed_A,0.15423375598325334,0.7882645060115002,0.1875967780706174,0.497517994539588,0.27747022229136925
600638.SH,20251231,missed_A,missed_A,mixed_A,0.6623990305320993,0.2142707788813382,0.5935857758950102,0.3520414494911889,0.5538292545516142
600673.SH,20251231,missed_A,missed_A,mixed_A,0.5993187146272717,0.63575535807632,0.38690436268975553,0.16024447753785057,0.48399765542438433
600718.SH,20251231,missed_A,missed_A,mixed_A,0.2163976240384194,0.8451646628332461,0.1316676166810479,0.5768180689997517,0.31215489282275904
600756.SH,20251231,missed_A,missed_A,mixed_A,0.02664410935048355,0.71466283324621,0.24865422777519774,0.5768180689997517,0.233474605293625
600855.SH,20251231,selected_A,selected_A,high_momentum_frontline_A,0.887844567043495,0.5412963930998431,0.8261949276193861,0.6841958302308265,0.8072300292712024
600936.SH,20251231,selected_A,selected_A,mixed_A,0.853752434336323,0.3084422373235755,0.42507133321240104,0.5768180689997517,0.650510984553582
601179.SH,20251231,missed_A,missed_A,high_momentum_frontline_A,0.722991901968727,0.7074490329325667,0.46947026900855965,0.5994353437577562,0.6395237230934235
601727.SH,20251231,missed_A,missed_A,mixed_A,0.31635221262994456,0.5750784108729743,0.16707250936853413,0.5994353437577562,0.3473673763080667
601929.SH,20251231,missed_A,missed_A,mixed_A,0.04716013139609981,0.6033455305802404,0.22903058170213636,0.15022338049143708,0.16370577125532362
603156.SH,20251231,missed_A,missed_A,mixed_A,0.4884650465312806,0.4472033455305802,0.3300012820696343,0.10101762223876894,0.38660582167192226
603169.SH,20251231,selected_A,selected_A,high_momentum_frontline_A,0.7928279085589404,0.4714584422373236,0.5813951866615947,0.6841958302308265,0.6915379697032252
603680.SH,20251231,selected_A,selected_A,mixed_A,0.8984435529547862,0.3543648719289075,0.5855732709053814,0.18037974683544306,0.6581085434219457
603699.SH,20251231,missed_A,missed_A,mixed_A,0.7044611453254112,0.31978567694720333,0.4239257191225575,0.5988458674609085,0.5800174502572016
603712.SH,20251231,missed_A,missed_A,mixed_A,0.08507136909524984,0.5901463669628855,0.22531996007201804,0.6328183172002979,0.25280305884196264
603726.SH,20251231,missed_A,missed_A,mixed_A,0.5234871716532166,0.5492681651855724,0.474683423058652,0.43332712831968234,0.5003403273577809
603859.SH,20251231,missed_A,missed_A,mixed_A,0.5934673337853423,0.34200209095661266,0.35499837805284523,0.5768180689997517,0.5062061808515065
603986.SH,20251231,missed_A,missed_A,mixed_A,0.39596213229561106,0.348980658651333,0.5164855225083008,0.18062794738148424,0.3890947047472367
605088.SH,20251231,missed_A,missed_A,mixed_A,0.5735138228397367,0.6858599059069523,0.2252174492571466,0.7044241747331844,0.5173108905348279
000400.SZ,20260105,missed_A,missed_A,mixed_A,0.39767404821744445,0.6857292211186616,0.3460334455124707,0.7813663440059567,0.4711232591995996
000513.SZ,20260105,missed_A,missed_A,mixed_A,0.07900440982604133,0.8471772085729221,0.07117203849150075,0.7368763961280715,0.2525443948123988
000670.SZ,20260105,missed_A,missed_A,mixed_A,0.23826829603352787,0.7891270256142184,0.13451435491676833,0.7915735914619012,0.35041147802666306
000768.SZ,20260105,missed_A,missed_A,mixed_A,0.5699022621583426,0.7847882906429692,0.2388982430170423,0.5322660709853562,0.5029944315455323
000818.SZ,20260105,missed_A,missed_A,mixed_A,0.1557774440162384,0.7102718243596445,0.14715392274587868,0.6574522213948871,0.2843222183397864
000892.SZ,20260105,missed_A,missed_A,steady_structure_A,0.1418538118989883,0.7012023000522739,0.6587511656156277,0.32787292132042695,0.3549158655566925
000933.SZ,20260105,selected_A,selected_A,steady_structure_A,0.6524524361647961,0.715263983272347,0.734972970545956,0.698343261355175,0.686247348249398
000935.SZ,20260105,missed_A,missed_A,mixed_A,0.7174838794789886,0.7655514898065865,0.6928454647705804,0.2407855547282204,0.644626288122031
000938.SZ,20260105,missed_A,missed_A,mixed_A,0.18791343740828015,0.8250653423941453,0.326496300028387,0.526247207743857,0.3370244091122299
000962.SZ,20260105,selected_A,selected_A,high_momentum_frontline_A,0.8812143394934243,0.6300575013068478,0.8471135833126631,0.7329982625961777,0.8253410550949893
000981.SZ,20260105,selected_A,selected_A,high_momentum_frontline_A,0.8915902697291829,0.3444851019341349,0.6815171514556028,0.6896562422437329,0.7540713692584656
002044.SZ,20260105,missed_A,missed_A,mixed_A,0.49519177682260407,,,0.7044241747331844,
002063.SZ,20260105,missed_A,missed_A,mixed_A,0.20322470923934546,,,0.809071729957806,
002119.SZ,20260105,missed_A,missed_A,mixed_A,0.34521676016704117,,,0.7473938942665674,
002121.SZ,20260105,missed_A,missed_A,mixed_A,0.5047016688590638,,,0.4797716554976421,
002167.SZ,20260105,missed_A,missed_A,mixed_A,0.47909144242967383,,,0.7329982625961777,
002185.SZ,20260105,missed_A,missed_A,mixed_A,0.1871611119778823,,,0.7473938942665674,
002194.SZ,20260105,missed_A,missed_A,mixed_A,0.54532782190095,,,0.822505584512286,
002236.SZ,20260105,missed_A,missed_A,mixed_A,0.15045637967831532,,,0.526247207743857,
002291.SZ,20260105,missed_A,missed_A,mixed_A,0.10952267793847141,,,0.6002730206006454,
002292.SZ,20260105,missed_A,missed_A,mixed_A,0.12938037916761866,,,0.32787292132042695,
002298.SZ,20260105,missed_A,missed_A,mixed_A,0.40343164675270127,,,0.7813663440059567,
002366.SZ,20260105,missed_A,missed_A,mixed_A,0.6217039084561459,,,0.6956440804169769,
002374.SZ,20260105,missed_A,missed_A,mixed_A,0.499627166178276,,,0.6002730206006454,
002394.SZ,20260105,missed_A,missed_A,mixed_A,0.8985691016693028,,,0.17616033755274263,
002415.SZ,20260105,missed_A,missed_A,mixed_A,0.10217002945132397,,,0.526247207743857,
002439.SZ,20260105,missed_A,missed_A,mixed_A,0.11504099314231998,,,0.809071729957806,
002517.SZ,20260105,missed_A,missed_A,mixed_A,0.44365006200084145,,,0.8266008935219658,
002549.SZ,20260105,missed_A,missed_A,mixed_A,0.5653120481030898,,,0.4256018863241499,
002558.SZ,20260105,missed_A,missed_A,high_momentum_frontline_A,0.6884765194149762,,,0.8266008935219658,
002582.SZ,20260105,missed_A,missed_A,mixed_A,0.7493204000391402,,,0.4363365599404319,
002669.SZ,20260105,missed_A,missed_A,high_momentum_frontline_A,0.7720128066059303,,,0.6574522213948871,
002703.SZ,20260105,missed_A,missed_A,high_momentum_frontline_A,0.9086223945412641,,,0.6896562422437329,
002741.SZ,20260105,missed_A,missed_A,mixed_A,0.048633390416994174,,,0.6574522213948871,
002803.SZ,20260105,missed_A,missed_A,mixed_A,0.5469768612761057,,,0.8266008935219658,
002847.SZ,20260105,missed_A,missed_A,mixed_A,0.2515626590535401,,,0.4363365599404319,
002925.SZ,20260105,missed_A,missed_A,mixed_A,0.04298133159716189,,,0.7915735914619012,
002929.SZ,20260105,missed_A,missed_A,mixed_A,0.2023797398108993,,,0.822505584512286,
002940.SZ,20260105,missed_A,missed_A,mixed_A,0.01784717821612574,,,0.7368763961280715,
002943.SZ,20260105,missed_A,missed_A,mixed_A,0.9034838421937478,,,0.20451724993794987,
002970.SZ,20260105,missed_A,missed_A,mixed_A,0.41858946914906653,,,0.526247207743857,
002985.SZ,20260105,missed_A,missed_A,mixed_A,0.8041739438475226,,,0.5322660709853562,
600010.SH,20260105,missed_A,missed_A,mixed_A,0.1544484036825567,0.8559461578672243,0.35506540315145074,0.30956813104988834,0.2980203880733467
600126.SH,20260105,missed_A,missed_A,mixed_A,0.08791957003269826,0.802038682697334,0.20439329828801073,0.30956813104988834,0.2216971975155685
600131.SH,20260105,missed_A,missed_A,mixed_A,0.2002216423999233,0.8763460533193935,0.29537122799508164,0.822505584512286,0.3849640712075143
600184.SH,20260105,missed_A,missed_A,mixed_A,0.5991807923872252,0.7302404600104547,0.3248340877519171,0.6956440804169769,0.5581695761951839
600206.SH,20260105,missed_A,missed_A,mixed_A,0.42334788508442,0.3705436487192891,0.2316298664183566,0.7473938942665674,0.4187448581587132
600268.SH,20260105,missed_A,missed_A,mixed_A,0.4308315932505486,0.5743596445373758,0.19753764016427697,0.7813663440059567,0.43944112272097463
600312.SH,20260105,missed_A,missed_A,mixed_A,0.5814689261712445,0.7515682174594877,0.42741096167190634,0.7813663440059567,0.5899489768504411
600372.SH,20260105,missed_A,missed_A,mixed_A,0.619138235551856,0.5818609513852587,0.5825929205194267,0.5322660709853562,0.593243353692114
600378.SH,20260105,missed_A,missed_A,mixed_A,0.5880722871201327,0.3534239414532148,0.5743533429281267,0.6574522213948871,0.5715847066466526
600392.SH,20260105,missed_A,missed_A,mixed_A,0.4755668552462909,0.5342655514898065,0.4327720660884603,0.7329982625961777,0.5093527386836678
600475.SH,20260105,missed_A,missed_A,mixed_A,0.5663815639654302,0.2158128593831678,0.4228869728505523,0.7813663440059567,0.5276987627345634
600482.SH,20260105,missed_A,missed_A,mixed_A,0.6645460040682527,0.386382645060115,0.23726660798401628,0.4347853065276744,0.49544571451529307
600521.SH,20260105,missed_A,missed_A,mixed_A,0.1318101987239828,0.7387349712493465,0.05953311075853544,0.7368763961280715,0.26519333359577063
600570.SH,20260105,missed_A,missed_A,mixed_A,0.5357189386898041,0.5545216936748563,0.13514951521106394,0.809071729957806,0.4784597770088246
600584.SH,20260105,missed_A,missed_A,mixed_A,0.32725477655082524,0.6511500261369576,0.22739813706442974,0.7473938942665674,0.3977010092952009
600589.SH,20260105,missed_A,missed_A,mixed_A,0.2202125442562723,0.8254051228437009,0.16892226832927396,0.809071729957806,0.3562381109884956
600654.SH,20260105,missed_A,missed_A,mixed_A,0.24976479154150943,0.8307893361212755,0.4393509567454424,0.4278356912385208,0.381974422255021
600685.SH,20260105,missed_A,missed_A,mixed_A,0.3665047102674017,0.7651332984840564,0.42227845911030937,0.4347853065276744,0.430553095738835
600748.SH,20260105,missed_A,missed_A,mixed_A,0.30458623650555056,0.7923418714061682,0.3739065311005141,0.46363862000496403,0.3945497311692652
600760.SH,20260105,missed_A,missed_A,mixed_A,0.2741924535326759,0.661996863565081,0.1333453229137602,0.5322660709853562,0.31647215449908955
600764.SH,20260105,missed_A,missed_A,mixed_A,0.16586642887991673,0.7610820700470465,0.1457022780867704,0.4347853065276744,0.2606847869455068
600797.SH,20260105,missed_A,missed_A,mixed_A,0.026084909197381597,0.8169890224777835,0.157120203297602,0.809071729957806,0.25538216716454054
600839.SH,20260105,missed_A,missed_A,mixed_A,0.24681239045384673,0.711003659174072,0.1638999267601099,0.47998883097542816,0.30747986748067224
600850.SH,20260105,selected_A,selected_A,high_momentum_frontline_A,0.73991536011372,0.566466283324621,0.49762906682617836,0.809071729957806,0.6723723345895376
600871.SH,20260105,missed_A,missed_A,mixed_A,0.04491836604169692,0.8070308416100366,0.21195892104962,0.3395073219161082,0.20707809573167335
600880.SH,20260105,missed_A,missed_A,mixed_A,0.4085348978434123,0.8495033978044955,0.45380719534399866,0.6002730206006454,0.49271054062825215
600909.SH,20260105,missed_A,missed_A,steady_structure_A,0.5885819250150099,0.6235755358076319,0.6475248468458701,0.5083457433606354,0.5947815893038311
600965.SH,20260105,missed_A,missed_A,mixed_A,0.34765824215434527,0.31351280710925244,0.4785070686310884,0.3062484487465873,0.3707444362578581
600986.SH,20260105,missed_A,missed_A,mixed_A,0.03815015046231929,0.7050967067433351,0.29091448329582165,0.8266008935219658,0.2863035007577434
601020.SH,20260105,missed_A,missed_A,mixed_A,0.064610347208809,0.760794563512807,0.4303154282413736,0.5348721767187887,0.2961943135238469
601319.SH,20260105,missed_A,missed_A,mixed_A,0.707316535167039,0.7993465760585468,0.4960949441791262,0.44880863737900223,0.624937956841006
601360.SH,20260105,missed_A,missed_A,mixed_A,0.02153713453923961,0.7141662310507056,0.25902657983011124,0.8266008935219658,0.270931969360513
601567.SH,20260105,missed_A,missed_A,mixed_A,0.3351868858482523,0.7548353371667538,0.13384066995530436,0.7813663440059567,0.3937420957305211
601619.SH,20260105,missed_A,missed_A,steady_structure_A,0.5867216519942847,0.7601150026136957,0.5958321238152297,0.31521469347232567,0.5656125612331682
601636.SH,20260105,missed_A,missed_A,mixed_A,0.1387199012627937,0.5738107684265551,0.22792560820280514,0.3692913874410524,0.2391161376409115
601778.SH,20260105,missed_A,missed_A,mixed_A,0.7890605762473416,0.7441453214845792,0.4511703246327035,0.31521469347232567,0.6290196054511534
601975.SH,20260105,missed_A,missed_A,mixed_A,0.10644836784244276,0.9197072660742289,0.2504230008455089,0.035709853561677836,0.2131571387742732
601985.SH,20260105,missed_A,missed_A,mixed_A,0.15594371671375254,0.5796523784631469,0.2892804194487539,0.31521469347232567,0.2555394050862283
603000.SH,20260105,missed_A,missed_A,mixed_A,0.1490208983409878,0.8630946157867223,0.1887742444334985,0.8266008935219658,0.3320036058858356
603039.SH,20260105,missed_A,missed_A,mixed_A,0.6515702142156246,0.31677992681651856,0.23070183260863938,0.809071729957806,0.5364993174352949
603051.SH,20260105,missed_A,missed_A,mixed_A,0.5667176359199518,0.694903293256665,0.2715288942434917,0.5353685778108712,0.5010366575181461
603068.SH,20260105,missed_A,missed_A,mixed_A,0.11990655611921085,0.7665708311552535,0.2598530649638529,0.7473938942665674,0.31368271155607913
603078.SH,20260105,missed_A,missed_A,mixed_A,0.293264682962067,0.3889963408259279,0.14931140188565145,0.7473938942665674,0.3349689101750242
603108.SH,20260105,missed_A,missed_A,mixed_A,0.480795356599785,0.6354155776267643,0.1649689569405297,0.4465748324646314,0.4121677001673961
603186.SH,20260105,selected_A,selected_A,high_momentum_frontline_A,0.8264318866601087,0.20692629377940408,0.8169881227473337,0.7915735914619012,0.7568916421141133
603197.SH,20260105,missed_A,missed_A,mixed_A,0.5588655084169118,0.4188186095138526,0.1636642770421848,0.6896562422437329,0.4656791207569473
603200.SH,20260105,missed_A,missed_A,mixed_A,0.3981343570719524,0.786382645060115,0.30739520293191097,0.4256018863241499,0.4183945267235879
603220.SH,20260105,missed_A,missed_A,mixed_A,0.06518184491517932,0.8829848405645583,0.17809712314994575,0.822505584512286,0.28878952497837485
603236.SH,20260105,selected_A,selected_A,mixed_A,0.6399874770860001,0.8187663355985362,0.5296844254822253,0.822505584512286,0.657667316150253
603259.SH,20260105,missed_A,missed_A,mixed_A,0.4211319307803732,0.6707527443805541,0.42400482180209864,0.7368763961280715,0.4941739046979774
603269.SH,20260105,missed_A,missed_A,mixed_A,0.5453409908529147,0.3164924202822791,0.45190757725056213,0.5912757508066517,0.5059879943883235
603297.SH,20260105,selected_A,selected_A,high_momentum_frontline_A,0.7027907540288212,0.64594877156299,0.49696458085123013,0.7915735914619012,0.6589674381028023
603341.SH,20260105,missed_A,missed_A,mixed_A,0.3252384409046971,0.8382122320961839,0.5035404364684434,0.822505584512286,0.49570139045592065
603358.SH,20260105,selected_A,selected_A,high_momentum_frontline_A,0.8247548648035207,0.45360690015682176,0.7004443282576986,0.6896562422437329,0.7362976408184272
603499.SH,20260105,missed_A,missed_A,chip_support_A,0.4895001647005747,0.3314950339780449,0.7014872242425835,0.6002730206006454,0.5433123448988346
603579.SH,20260105,missed_A,missed_A,mixed_A,0.6381534361337479,0.53617354939885,0.2149152648967848,0.47998883097542816,0.4984212138772694
603598.SH,20260105,missed_A,missed_A,mixed_A,0.11750745029821891,0.7574228959749084,0.49880574705118114,0.8266008935219658,0.38318758553769044
603612.SH,20260105,missed_A,missed_A,mixed_A,0.37582104411753997,0.6487454260324098,0.3724975960216574,0.2781397369074212,0.3876304242035385
603778.SH,20260105,selected_A,selected_A,high_momentum_frontline_A,0.9083204886642775,0.4185311029796131,0.9737191956174651,0.7813663440059567,0.8566481051353598
603881.SH,20260105,missed_A,missed_A,mixed_A,0.1065709505987288,0.7549137480397281,0.2184673369880531,0.809071729957806,0.3047544438440214
603888.SH,20260105,missed_A,missed_A,mixed_A,0.35944569076177835,0.87723470987977,0.13419691557043456,0.8266008935219658,0.42498567928976966
603918.SH,20260105,missed_A,missed_A,mixed_A,0.2372800779689912,0.7199686356508103,0.10968290718011404,0.809071729957806,0.339418388838276
603969.SH,20260105,missed_A,missed_A,chip_support_A,0.41695243517958996,0.4611082070047047,0.6982469242648848,0.3817324398113676,0.4864086353281918
000063.SZ,20260106,missed_A,missed_A,mixed_A,0.01839271848468462,0.7644014636696288,0.1873852248475577,0.7559568131049889,0.24587633378694296
000066.SZ,20260106,missed_A,missed_A,mixed_A,0.233653397692222,0.7764113957135389,0.20978388483056618,0.46928518242740136,0.31730658698921665
000533.SZ,20260106,missed_A,missed_A,mixed_A,0.4553241075083888,0.30629900679560895,0.41614230096846705,0.7761851576073467,0.4787553033169741
000547.SZ,20260106,selected_A,selected_A,high_momentum_frontline_A,0.9092762017962825,0.38254051228437,0.9207302837597916,0.7559568131049889,0.8364682450322746
000659.SZ,20260106,missed_A,missed_A,mixed_A,0.8909105231637058,0.1564035546262415,0.6881028553075297,0.5527736411020104,0.716037377036661
000661.SZ,20260106,missed_A,missed_A,mixed_A,0.03587264646852708,0.8024176685833768,0.06983974598907369,0.1554355919583023,0.138953365383615
000756.SZ,20260106,missed_A,missed_A,mixed_A,0.022115170870501865,0.8749607945635127,0.3355253634284122,0.4251365103003227,0.24620548229375366
000831.SZ,20260106,missed_A,missed_A,mixed_A,0.3887157910377286,0.7276267642446419,0.5197723649772994,0.8406242243732935,0.5231572968436473
000880.SZ,20260106,missed_A,missed_A,mixed_A,0.35091098518704333,0.7000784108729743,0.41406604825384696,0.7524199553239017,0.4618428390428661
000952.SZ,20260106,missed_A,missed_A,mixed_A,0.06882512706960522,0.7023523261892315,0.44523517529740453,0.4251365103003227,0.2797270665231253
000983.SZ,20260106,missed_A,missed_A,mixed_A,0.0727800228821835,0.8514636696288551,0.2948826648149795,0.44157979647555223,0.261494014079055
001300.SZ,20260106,missed_A,missed_A,chip_support_A,0.4436327316907275,0.2049398849973863,0.5988444359859659,0.3716492926284438,0.4477688572358604
002065.SZ,20260106,missed_A,missed_A,mixed_A,0.013613881826054004,,,0.7519545793000745,
002112.SZ,20260106,missed_A,missed_A,mixed_A,0.5244626529449845,,,0.7761851576073467,
002176.SZ,20260106,missed_A,missed_A,mixed_A,0.48260780917396934,,,0.8406242243732935,
002213.SZ,20260106,missed_A,missed_A,mixed_A,0.49263697076460927,,,0.6890047158103748,
002258.SZ,20260106,missed_A,missed_A,mixed_A,0.13316304716541646,,,0.7763713080168777,
002368.SZ,20260106,missed_A,missed_A,mixed_A,0.36722814416736194,,,0.7519545793000745,
002667.SZ,20260106,missed_A,missed_A,mixed_A,0.02656071806118649,,,0.8406242243732935,
002772.SZ,20260106,missed_A,missed_A,mixed_A,0.7583738590419598,,,0.1680007446016381,
002782.SZ,20260106,missed_A,missed_A,mixed_A,0.3480622596065526,,,0.816734921816828,
002795.SZ,20260106,missed_A,missed_A,mixed_A,0.14732881813598103,,,0.5480888557954828,
002882.SZ,20260106,missed_A,missed_A,high_momentum_frontline_A,0.6800642129018932,,,0.7761851576073467,
002978.SZ,20260106,missed_A,missed_A,high_momentum_frontline_A,0.7811135194254791,,,0.8406242243732935,
003010.SZ,20260106,missed_A,missed_A,mixed_A,0.41414323115068336,,,0.6725924547034003,
003031.SZ,20260106,missed_A,missed_A,high_momentum_frontline_A,0.8730064242278991,,,0.816734921816828,
600111.SH,20260106,missed_A,missed_A,mixed_A,0.20720600834643882,0.6475953998954521,0.4077626226560868,0.8406242243732935,0.3963968334827804
600258.SH,20260106,missed_A,missed_A,mixed_A,0.35320095599073204,0.6641923680083638,0.5019517339502912,0.056372549019607844,0.3769635306367164
600301.SH,20260106,missed_A,missed_A,mixed_A,0.23380352401359406,0.27127548353371667,0.7737575051722787,0.8406242243732935,0.4635623203092324
600330.SH,20260106,selected_A,selected_A,high_momentum_frontline_A,0.8866711731498275,0.31664924202822786,0.5189310840246848,0.7524199553239017,0.717596275082493
600390.SH,20260106,missed_A,missed_A,mixed_A,0.34882399445954454,0.7630684788290643,0.15720915421185686,0.5992491933482254,0.37990851266787673
600409.SH,20260106,missed_A,missed_A,chip_support_A,0.46103336710276094,0.35190799790904337,0.6710677089994483,0.6295296599652519,0.5279038595869346
600452.SH,20260106,missed_A,missed_A,mixed_A,0.23255470000743003,0.7100104547830632,0.10807872439468752,0.13911640605609332,0.2351655374891072
600478.SH,20260106,missed_A,missed_A,mixed_A,0.44296471949470334,0.6629900679560898,0.39336046330351404,0.7761851576073467,0.5025492560099412
600536.SH,20260106,missed_A,missed_A,mixed_A,0.39749543407292565,0.6093831677992682,0.17721278452617828,0.7519545793000745,0.41678241684294537
600583.SH,20260106,missed_A,missed_A,mixed_A,0.1464192314979466,0.6212885520125457,0.4385108373995435,0.5603437577562671,0.3290177439635538
600586.SH,20260106,missed_A,missed_A,mixed_A,0.3560131897097595,0.1807370622059592,0.36614713121861464,0.39345991561181437,0.34663607122190143
600590.SH,20260106,missed_A,missed_A,mixed_A,0.4663059874665373,0.5083899634082593,0.2615314302225975,0.7559568131049889,0.4627683695954923
600649.SH,20260106,missed_A,missed_A,mixed_A,0.3162125237411367,0.3657605854678515,0.20007835565300014,0.3915673864482502,0.30343701729784106
600744.SH,20260106,missed_A,missed_A,mixed_A,0.1284633122651132,0.6692890747516989,0.05657106447840299,0.2556775874906925,0.1836549678509311
600773.SH,20260106,missed_A,missed_A,mixed_A,0.4517141389023485,0.7105070569785675,0.5152318985495717,0.3915673864482502,0.4844508577536614
600816.SH,20260106,missed_A,missed_A,mixed_A,0.08039479396910934,0.8057762676424463,0.04921078797063552,0.5992491933482254,0.222965099743692
600848.SH,20260106,missed_A,missed_A,mixed_A,0.26997237038504907,0.31651855723993727,0.343733311681297,0.21174609084139986,0.28433328246305245
600959.SH,20260106,missed_A,missed_A,mixed_A,0.22280897499195776,0.8709879769994773,0.21708902217511133,0.3144390667659469,0.29994140075459647
601099.SH,20260106,missed_A,missed_A,mixed_A,0.286253781799525,0.739231573444851,0.1358524398082387,0.8741933482253661,0.38214216043011223
601117.SH,20260106,missed_A,missed_A,mixed_A,0.1793539130870297,0.5210533193936225,0.22765660042535923,0.6704827500620502,0.29926885109852447
601699.SH,20260106,missed_A,missed_A,mixed_A,0.0163935227524454,0.8434396236278097,0.2439099071911434,0.44157979647555223,0.21975517000812234
601700.SH,20260106,missed_A,missed_A,mixed_A,0.6560383850278488,0.3283585990590695,0.5039063191170662,0.7761851576073467,0.6032594058401999
601898.SH,20260106,missed_A,missed_A,mixed_A,0.03455139489034649,0.754691583899634,0.24342798120496867,0.44157979647555223,0.21983882060771165
603012.SH,20260106,missed_A,missed_A,high_momentum_frontline_A,0.6931700251704915,0.43131207527443804,0.6888684401780756,0.7524199553239017,0.6747963234557938
603019.SH,20260106,missed_A,missed_A,mixed_A,0.007381759281985945,0.8021955044432827,0.23460688842951322,0.46928518242740136,0.21295492955680975
603100.SH,20260106,missed_A,missed_A,mixed_A,0.306738532548358,0.8053319393622581,0.407172851068643,0.428301067262348,0.39994083306691774
603181.SH,20260106,missed_A,missed_A,mixed_A,0.30400686297781654,0.8508886565603764,0.23845745042422894,0.8899230578307271,0.4301951184256122
603383.SH,20260106,missed_A,missed_A,mixed_A,0.10956594957425636,0.8847621536853111,0.12900706014392815,0.7519545793000745,0.2883041420866525
603650.SH,20260106,missed_A,missed_A,steady_structure_A,0.5981140838464013,0.7372974385781496,0.7187806031547048,0.8899230578307271,0.6859703952443008
603738.SH,20260106,missed_A,missed_A,mixed_A,0.29170892009835514,0.801437532671197,0.33011190457584655,0.816734921816828,0.4310364277327831
000545.SZ,20260107,missed_A,missed_A,mixed_A,0.08386997962217134,0.5340303188708834,0.33529379693409356,0.7553052866716308,0.292457263932442
000682.SZ,20260107,missed_A,missed_A,mixed_A,0.34362568628546974,0.6809984317825406,0.441354090815117,0.8565711094564408,0.4787368754432343
002090.SZ,20260107,missed_A,missed_A,mixed_A,0.17545394282405372,,,0.8565711094564408,
002201.SZ,20260107,missed_A,missed_A,mixed_A,0.9003807609294625,,,0.2147555224621494,
002218.SZ,20260107,missed_A,missed_A,mixed_A,0.6459332706628071,,,0.16573591461901216,
002222.SZ,20260107,missed_A,missed_A,mixed_A,0.483011424850855,,,0.7180752047654505,
002229.SZ,20260107,missed_A,missed_A,mixed_A,0.07803320660167963,,,0.34803921568627455,
002284.SZ,20260107,missed_A,missed_A,high_momentum_frontline_A,0.8969305824680176,,,0.6276371308016878,
002422.SZ,20260107,missed_A,missed_A,mixed_A,0.03816823675661225,,,0.46702035244477536,
002451.SZ,20260107,missed_A,missed_A,mixed_A,0.3840817807799122,,,0.8565711094564408,
002518.SZ,20260107,missed_A,missed_A,mixed_A,0.4620546320324324,,,0.8565711094564408,
002708.SZ,20260107,missed_A,missed_A,mixed_A,0.488965516238394,,,0.6276371308016878,
002821.SZ,20260107,missed_A,missed_A,mixed_A,0.5718011112016322,,,0.3007880367336808,
002899.SZ,20260107,missed_A,missed_A,mixed_A,0.7072679242806397,,,0.3334884586746091,
600026.SH,20260107,missed_A,missed_A,mixed_A,0.44628044827218555,0.8428123366440147,0.3091790045335515,0.04489327376520229,0.3914501999986625
600063.SH,20260107,missed_A,missed_A,mixed_A,0.3764255964813367,0.5601150026136958,0.555795271548841,0.42510548523206754,0.44693893917405836
600076.SH,20260107,missed_A,missed_A,mixed_A,0.8700868542429313,0.4709095661265029,0.7382281993210741,0.34803921568627455,0.7188973159173256
600343.SH,20260107,selected_A,selected_A,mixed_A,0.9056680928731202,0.49628855201254574,0.5950401935479278,0.5944713328369322,0.7403936499503365
600558.SH,20260107,missed_A,missed_A,steady_structure_A,0.5399103556266776,0.72318348144276,0.6353685308772665,0.2696388682055101,0.5415614889077579
600658.SH,20260107,missed_A,missed_A,mixed_A,0.4644012159572407,0.7604939884997386,0.1743866423206415,0.3122673119880864,0.3986867642069675
600682.SH,20260107,missed_A,missed_A,mixed_A,0.6942533394224522,0.46351280710925247,0.603665749192918,0.3007880367336808,0.5895125932304329
600879.SH,20260107,selected_A,selected_A,mixed_A,0.9084311997506311,0.31317302665969676,0.8404899062634226,0.28040456689004717,0.7377160641406479
600961.SH,20260107,missed_A,missed_A,mixed_A,0.7426026013502871,0.546968112911657,0.79207159611881,0.2958860759493671,0.6683989223884168
603067.SH,20260107,missed_A,missed_A,high_momentum_frontline_A,0.7715542714388385,0.16250653423941452,0.7815688370877479,0.7553052866716308,0.7107157914160422
603305.SH,20260107,missed_A,missed_A,high_momentum_frontline_A,0.8528175810867976,0.17017773131207525,0.6535920243222455,0.6276371308016878,0.7009701393754209
603444.SH,20260107,missed_A,missed_A,mixed_A,0.21919398990490435,0.5815734448510194,0.3090938787080775,0.503909158600149,0.3206141829045958
605222.SH,20260107,selected_A,selected_A,high_momentum_frontline_A,0.7133243882578326,0.7304234187140617,0.655878609986204,0.8565711094564408,0.7221598549153396
000338.SZ,20260108,missed_A,missed_A,mixed_A,0.1994247762340455,0.8405906952430736,0.5618816174915913,0.775409530900968,0.4405532916493731
000409.SZ,20260108,missed_A,missed_A,mixed_A,0.26142273010648265,0.8045739675901724,0.17263689104919056,0.8743484735666419,0.38548025560955246
000411.SZ,20260108,missed_A,missed_A,chip_support_A,0.44394647778338836,0.5833768949294302,0.7154297041375962,0.3572536609580541,0.5127564035627443
000506.SZ,20260108,missed_A,missed_A,chip_support_A,0.6279335646946796,0.4733925771040251,0.605904572091855,0.15354306279473817,0.5358136424999168
000593.SZ,20260108,missed_A,missed_A,mixed_A,0.2010598943868363,0.5815211709357031,0.6303160227336995,0.5837056341523952,0.40381691509327267
000630.SZ,20260108,missed_A,missed_A,mixed_A,0.31355656565312884,0.4723470987976999,0.5460003651434444,0.21537602382725243,0.37281948756628336
000751.SZ,20260108,missed_A,missed_A,steady_structure_A,0.5138111369649293,0.6805933089388395,0.6280098892233951,0.24047530404566891,0.5180386672890477
000762.SZ,20260108,missed_A,missed_A,steady_structure_A,0.5557932586336126,0.6649764767381077,0.6342066464711367,0.40804169769173493,0.5641521932621615
000833.SZ,20260108,missed_A,missed_A,steady_structure_A,0.1113226536775031,0.63700993204391,0.6656121194144219,0.386975676346488,0.3438117013487212
000852.SZ,20260108,missed_A,missed_A,steady_structure_A,0.2948032612224468,0.7267642446419237,0.7676568523023709,0.46959543310995283,0.48243158311750145
001337.SZ,20260108,missed_A,missed_A,steady_structure_A,0.4181590145871285,0.6910350235232618,0.6050270271073639,0.15354306279473817,0.4524712258419421
001360.SZ,20260108,missed_A,missed_A,steady_structure_A,0.5439604521815348,0.6890747516989022,0.6726772109267376,0.4399354678580293,0.5750473241710464
002114.SZ,20260108,missed_A,missed_A,mixed_A,0.2388735825231603,,,0.24047530404566891,
002212.SZ,20260108,missed_A,missed_A,mixed_A,0.2582412791810607,,,0.8743484735666419,
002416.SZ,20260108,missed_A,missed_A,mixed_A,0.5233605140738589,,,0.2295234549516009,
002432.SZ,20260108,missed_A,missed_A,mixed_A,0.1947290482151941,,,0.5331657979647555,
002828.SZ,20260108,missed_A,missed_A,mixed_A,0.08295538714931569,,,0.2993608835939439,
002877.SZ,20260108,missed_A,missed_A,mixed_A,0.05743897890690281,,,0.5751427153139737,
600133.SH,20260108,missed_A,missed_A,mixed_A,0.47809279348880324,0.5669628855201254,0.25923568859459434,0.46739265326383717,0.43066050543463835
600226.SH,20260108,selected_A,selected_A,mixed_A,0.8845446914269796,0.4773392577104025,0.7822043415618111,0.5837056341523952,0.7731132019978421
600382.SH,20260108,missed_A,missed_A,steady_structure_A,0.3319274106153942,0.6561160480920021,0.5958432783686067,0.2362558947629685,0.41597451392349427
600397.SH,20260108,selected_A,selected_A,high_momentum_frontline_A,0.8162757587757625,0.47603240982749606,0.6887232041384176,0.8664681062298337,0.7578921373397103
600497.SH,20260108,missed_A,missed_A,mixed_A,0.8166850176508164,0.5431782540512284,0.6974350315710625,0.24047530404566891,0.673090387730147
600498.SH,20260108,selected_A,selected_A,high_momentum_frontline_A,0.9032183840408079,0.21508102456874018,0.9075825149481574,0.8539650037230082,0.8281076737727685
600547.SH,20260108,missed_A,missed_A,mixed_A,0.7723321646308698,0.4358599059069524,0.545086196302774,0.15354306279473817,0.5890550814010344
600588.SH,20260108,missed_A,missed_A,mixed_A,0.2802719331976135,0.6653685311029796,0.18023826548415886,0.8743484735666419,0.3828846571151407
600640.SH,20260108,missed_A,missed_A,mixed_A,0.3247012736547543,0.49461578672242545,0.32462833474016817,0.5024199553239017,0.368332292483247
600644.SH,20260108,missed_A,missed_A,mixed_A,0.13524023940353724,0.6913225300575012,0.10879306950233247,0.25654628940183666,0.20243258349337737
600845.SH,20260108,missed_A,missed_A,mixed_A,0.5673799355654657,0.8010454783063251,0.2982831257186219,0.8743484735666419,0.5695175680780171
600853.SH,20260108,missed_A,missed_A,steady_structure_A,0.10082915210652887,0.8096706743335076,0.6071968928076363,0.7699491188880616,0.39867323452173353
601116.SH,20260108,missed_A,missed_A,mixed_A,0.021985504432103602,0.706717198118139,0.4818008338067761,0.2832278481012658,0.2445988576947496
601126.SH,20260108,missed_A,missed_A,chip_support_A,0.45061254872851064,0.5408259278619968,0.6830615838511478,0.843385455448002,0.5766620814304423
601212.SH,20260108,missed_A,missed_A,mixed_A,0.7477933752925835,0.45896497647673806,0.5937187622638487,0.21537602382725243,0.6005292794340156
601226.SH,20260108,missed_A,missed_A,steady_structure_A,0.47888209060021947,0.7245426032409827,0.6935929371808564,0.7699491188880616,0.6007859077526314
601231.SH,20260108,missed_A,missed_A,high_momentum_frontline_A,0.710259403469247,0.6199686356508103,0.5707275459661858,0.7650161330354927,0.6745608717465749
601992.SH,20260108,missed_A,missed_A,mixed_A,0.5358962290952431,0.3307109252483011,0.4640469892992164,0.3695395879870936,0.47246189259531984
603124.SH,20260108,missed_A,missed_A,mixed_A,0.6847521925423967,0.4035023523261892,0.697627971708736,0.21537602382725243,0.5894397280050891
603191.SH,20260108,missed_A,missed_A,mixed_A,0.5191920326435072,0.3432305279665447,0.2535788985574722,0.843385455448002,0.4838216120749764
603466.SH,20260108,missed_A,missed_A,mixed_A,0.35828658598958146,0.30454783063251434,0.30637609446232744,0.3694465127823281,0.3416090765909732
603613.SH,20260108,missed_A,missed_A,mixed_A,0.033382458292926485,0.7320177731312074,0.3431694865549694,0.7553363117398858,0.28898582485930924
603636.SH,20260108,missed_A,missed_A,mixed_A,0.012767603495089479,0.7665969681129117,0.2580804844048627,0.8743484735666419,0.2787158906950479
603687.SH,20260108,selected_A,selected_A,mixed_A,0.7820787775853582,0.44482488238369056,0.7622739667821155,0.5301873914122611,0.7056184774384162
603882.SH,20260108,missed_A,missed_A,mixed_A,0.49883967217310304,0.7135912179822268,0.39234798811672417,0.5331657979647555,0.4988408246086685
603920.SH,20260108,selected_A,selected_A,high_momentum_frontline_A,0.8961015118121528,0.24775222164140093,0.7481495018349867,0.7650161330354927,0.7746157734842871
603993.SH,20260108,selected_A,selected_A,mixed_A,0.8459743236222477,0.36900156821745944,0.7868425433101348,0.40804169769173493,0.7178042091141638
605168.SH,20260108,selected_A,selected_A,high_momentum_frontline_A,0.8730626185878436,0.16082070047046523,0.6808935211835215,0.7553363117398858,0.7361372063978315
605288.SH,20260108,missed_A,missed_A,mixed_A,0.5541188837641164,0.46340825927861995,0.5214753860230317,0.843385455448002,0.5802769326328784
000027.SZ,20260109,missed_A,missed_A,mixed_A,0.1481671841855584,0.3721118661787768,0.11758676087492688,0.3456502854306279,0.1925390117439828
000408.SZ,20260109,missed_A,missed_A,mixed_A,0.8430074781156685,0.529900679560899,0.5824094140362923,0.17805286671630677,0.6468040905304432
000426.SZ,20260109,missed_A,missed_A,high_momentum_frontline_A,0.7800120598445766,0.2221380031364349,0.8561485290578071,0.6903077686770911,0.7298031278019472
000510.SZ,20260109,selected_A,selected_A,high_momentum_frontline_A,0.9062675235550237,0.3820961840041819,0.865577861794145,0.7069992553983618,0.8137877339362205
000603.SZ,20260109,missed_A,missed_A,high_momentum_frontline_A,0.6860365195269027,0.45980135912179826,0.8918365017818735,0.6903077686770911,0.7155036864226632
000636.SZ,20260109,missed_A,missed_A,mixed_A,0.27498513403619645,0.3024307370622059,0.6404969463041233,0.8269731943410276,0.4519058564515038
000875.SZ,20260109,missed_A,missed_A,mixed_A,0.3652572994498954,0.9031887088342916,0.5252215833254914,0.3456502854306279,0.4561004592543439
001216.SZ,20260109,missed_A,missed_A,steady_structure_A,0.4000167923655447,0.8773653946680605,0.7095377610965318,0.33187515512534127,0.5149106491925126
001389.SZ,20260109,missed_A,missed_A,steady_structure_A,0.5905986568360555,0.7871667537898588,0.7110395386676973,0.8269731943410276,0.675821867615092
002010.SZ,20260109,missed_A,missed_A,mixed_A,0.5266155465487388,,,0.1630987838173244,
002026.SZ,20260109,missed_A,missed_A,mixed_A,0.1135963153669077,,,0.5592578803673368,
002082.SZ,20260109,missed_A,missed_A,mixed_A,0.8196078071265693,,,0.3571916108215438,
002155.SZ,20260109,missed_A,missed_A,mixed_A,0.53948041265601,,,0.6263340779349715,
002181.SZ,20260109,missed_A,missed_A,mixed_A,0.559896250153407,,,0.6111938446264582,
002230.SZ,20260109,missed_A,missed_A,mixed_A,0.6558484756079502,,,0.9241126830479026,
002264.SZ,20260109,missed_A,missed_A,mixed_A,0.036341860313491924,,,0.8775750806651775,
002410.SZ,20260109,missed_A,missed_A,mixed_A,0.30748510797270434,,,0.9241126830479026,
002467.SZ,20260109,missed_A,missed_A,mixed_A,0.21160306849083982,,,0.8775750806651775,
002729.SZ,20260109,missed_A,missed_A,mixed_A,0.4082478180374306,,,0.8269731943410276,
002841.SZ,20260109,missed_A,missed_A,mixed_A,0.39940182367770893,,,0.8269731943410276,
002881.SZ,20260109,missed_A,missed_A,mixed_A,0.21805547335731942,,,0.8269731943410276,
600367.SH,20260109,missed_A,missed_A,high_momentum_frontline_A,0.7388387068569305,0.7543910088865656,0.7676187617710459,0.7069992553983618,0.7428130330696376
600415.SH,20260109,missed_A,missed_A,mixed_A,0.0961858085761664,0.29464192368008363,0.16188199687156235,0.2446016381236039,0.15471784159252272
600633.SH,20260109,missed_A,missed_A,mixed_A,0.43424591985258987,0.6050444328280188,0.2196014132334148,0.8775750806651775,0.46416401861722717
600651.SH,20260109,missed_A,missed_A,mixed_A,0.013174322368167034,0.797151071615264,0.43508696053830337,0.4546103251427153,0.26326555725159306
600666.SH,20260109,missed_A,missed_A,mixed_A,0.18466310467693656,0.7434657605854678,0.19661817173741242,0.8269731943410276,0.3398786504825223
600714.SH,20260109,missed_A,missed_A,mixed_A,0.49633553374119205,0.8322530057501305,0.42002092534764307,0.7069992553983618,0.5424481870922742
603189.SH,20260109,missed_A,missed_A,mixed_A,0.34671018591954816,0.7063774176685834,0.3255185557090545,0.9241126830479026,0.46398937611108143
603275.SH,20260109,missed_A,missed_A,mixed_A,0.6513563699735259,0.22221641400940928,0.559716656353007,0.4546103251427153,0.5560205392473629
603596.SH,20260109,missed_A,missed_A,high_momentum_frontline_A,0.758946848584951,0.41170935703084155,0.6250232184453447,0.7767436088359394,0.6934117059322867
603871.SH,20260109,missed_A,missed_A,mixed_A,0.5365533995912283,0.8363303711447987,0.5142529496010526,0.1630987838173244,0.5049377918829558
603927.SH,20260109,missed_A,missed_A,mixed_A,0.2586366226494487,0.6654730789336121,0.2520974393259959,0.9241126830479026,0.3975068815067699
000591.SZ,20260112,missed_A,missed_A,mixed_A,0.18192806309592946,0.4214976476738107,0.2192331135041513,0.4807024075452966,0.2600274358231781
001255.SZ,20260112,selected_A,selected_A,high_momentum_frontline_A,0.6984282373639975,0.674594877156299,0.7216072459853582,0.8876582278481012,0.7302241520711833
001896.SZ,20260112,missed_A,missed_A,mixed_A,0.347909143180078,0.5644014636696288,0.4907783132641329,0.400409530900968,0.4131507259081803
002015.SZ,20260112,missed_A,missed_A,mixed_A,0.40298313710077527,,,0.4807024075452966,
002077.SZ,20260112,missed_A,missed_A,mixed_A,0.30425089491911167,,,0.7315711094564408,
002185.SZ,20260112,missed_A,missed_A,mixed_A,0.4701792190530885,,,0.7315711094564408,
002617.SZ,20260112,missed_A,missed_A,mixed_A,0.3133171568241728,,,0.8876582278481012,
002707.SZ,20260112,missed_A,missed_A,mixed_A,0.20538361302574326,,,0.12295234549516008,
002846.SZ,20260112,missed_A,missed_A,mixed_A,0.2608736035504018,,,0.8157110945644082,
002879.SZ,20260112,missed_A,missed_A,mixed_A,0.5085653133076923,,,0.8876582278481012,
600094.SH,20260112,missed_A,missed_A,mixed_A,0.7678344114520418,0.23037114479874543,0.47469995150976413,0.44282079920575823,0.5920524279642002
600101.SH,20260112,missed_A,missed_A,mixed_A,0.17594762035715267,0.6177208572922112,0.23220840131861525,0.48299826259617773,0.28024773562687794
600131.SH,20260112,missed_A,missed_A,mixed_A,0.4012589693326051,0.36913225300575014,0.3519879197594934,0.9405559692231322,0.4666230852902207
600170.SH,20260112,missed_A,missed_A,mixed_A,0.13084254415709082,0.6201123889179299,0.18734441216716152,0.6141412261106974,0.2663897979287334
600268.SH,20260112,missed_A,missed_A,mixed_A,0.5392300784956998,0.40527966544694194,0.31034231259235656,0.8876582278481012,0.5208773181178484
600278.SH,20260112,missed_A,missed_A,mixed_A,0.3281967781850944,0.6509147935180344,0.4579855103446749,0.34509183420203526,0.3954500211608246
600489.SH,20260112,missed_A,missed_A,chip_support_A,0.5714239531326876,0.31351280710925244,0.7082883259620196,0.2661640605609332,0.5340599478519139
600531.SH,20260112,selected_A,selected_A,mixed_A,0.7442425276764983,0.358337689492943,0.7700254192402904,0.470246959543311,0.6709984315291128
600595.SH,20260112,missed_A,missed_A,chip_support_A,0.6556782337435865,0.4810245687401986,0.7851646864987742,0.4232750062050137,0.6357239963012588
600686.SH,20260112,missed_A,missed_A,chip_support_A,0.4919735788218033,0.38985886042864604,0.8668676676509426,0.22862372797220154,0.5359831515623321
600763.SH,20260112,missed_A,missed_A,mixed_A,0.15989680202556633,0.4548614741244119,0.1744599956336103,0.651247207743857,0.26673662849520546
600785.SH,20260112,missed_A,missed_A,mixed_A,0.28707889596986746,0.6044432828018819,0.5615350714880932,0.8010052122114668,0.4645183259688652
600868.SH,20260112,missed_A,missed_A,steady_structure_A,0.3663404101348949,0.7089127025614218,0.7156299815621334,0.48299826259617773,0.5054187101035497
600995.SH,20260112,missed_A,missed_A,mixed_A,0.27184531857884237,0.5878724516466283,0.3651288010646419,0.48299826259617773,0.35844184410967117
601069.SH,20260112,missed_A,missed_A,chip_support_A,0.5077221217480664,0.33337689492943023,0.637415500933705,0.2661640605609332,0.48647723468454246
601168.SH,20260112,missed_A,missed_A,chip_support_A,0.49056823783973336,0.4572922111866179,0.7279152358761726,0.4267498138495905,0.5370046210850101
603005.SH,20260112,missed_A,missed_A,mixed_A,0.3404360075174491,0.6232357553580763,0.33131673323025146,0.7315711094564408,0.42510642902056117
603022.SH,20260112,missed_A,missed_A,steady_structure_A,0.4792557168812022,0.6969419759539989,0.6806446557447474,0.8157110945644082,0.6018398841568491
603078.SH,20260112,missed_A,missed_A,high_momentum_frontline_A,0.697374401215051,0.26596968112911656,0.580981928450189,0.7315711094564408,0.6302653172514505
603166.SH,20260112,missed_A,missed_A,mixed_A,0.17768099765109663,0.7883167799268165,0.303914911877855,0.8545855050881112,0.3718387305509104
603283.SH,20260112,missed_A,missed_A,mixed_A,0.3782587395894945,0.5384997386304233,0.44217449804705355,0.8785368577810871,0.48530349683671603
603618.SH,20260112,missed_A,missed_A,mixed_A,0.3264704593831238,0.6068478829064297,0.30009048798980786,0.8876582278481012,0.43209137415687204
603823.SH,20260112,missed_A,missed_A,mixed_A,0.18426017719086016,0.6391531625718766,0.5311639213245727,0.36383097542814596,0.3434110314979828
603889.SH,20260112,selected_A,selected_A,mixed_A,0.6569664920501799,0.5490852064819655,0.7637991915999487,0.5914619012161827,0.6630608497557011
603929.SH,20260112,selected_A,selected_A,mixed_A,0.9078486602106028,0.49911134343962354,0.8048932506895133,0.4831223628691983,0.7775271315520218
603988.SH,20260112,missed_A,missed_A,mixed_A,0.09399637519985173,0.7678254051228436,0.14749759406609048,0.8876582278481012,0.293803860805948
605118.SH,20260112,missed_A,missed_A,mixed_A,0.6205915065806947,0.7522216414009408,0.3782279583952368,0.9286113179448995,0.6193666047209856
605136.SH,20260112,missed_A,missed_A,steady_structure_A,0.28001624808068076,0.7547830632514374,0.6562164498060351,0.41260238272524197,0.4414309002257792
605155.SH,20260112,missed_A,missed_A,mixed_A,0.31915895231117475,0.17843700993204392,0.6718197261471102,0.4420141474311243,0.4116802308002379
000400.SZ,20260113,missed_A,missed_A,chip_support_A,0.40625342678597914,0.324594877156299,0.6780474282848654,0.8173554231819311,0.5277013716571255
000600.SZ,20260113,missed_A,missed_A,mixed_A,0.2271714375811423,0.6399372713016205,0.4591742290392761,0.3237776123107471,0.34093964502716434
000672.SZ,20260113,missed_A,missed_A,mixed_A,0.6503022413866195,0.31719811813904863,0.5782517576439393,0.1891908662199057,0.5298125018511853
000700.SZ,20260113,missed_A,missed_A,mixed_A,0.7368494128983452,0.16518557239937273,0.5475791940045136,0.5116654256639365,0.5985878760398288
000899.SZ,20260113,missed_A,missed_A,mixed_A,0.16308553431407738,0.542485624673288,0.5043877405669908,0.3237776123107471,0.31045490661272723
000975.SZ,20260113,missed_A,missed_A,mixed_A,0.5276918108968462,0.6890747516989022,0.5448273652952746,0.48821047406304297,0.5421917930515885
002028.SZ,20260113,missed_A,missed_A,mixed_A,0.31368121859673953,,,0.8173554231819311,
002094.SZ,20260113,missed_A,missed_A,mixed_A,0.4904603021127612,,,0.35247580044676097,
002150.SZ,20260113,missed_A,missed_A,mixed_A,0.013631633046336182,,,0.38495904690990324,
002350.SZ,20260113,missed_A,missed_A,mixed_A,0.03893524259154946,,,0.8173554231819311,
002356.SZ,20260113,missed_A,missed_A,mixed_A,0.1766087007494993,,,0.15397741375031027,
002782.SZ,20260113,missed_A,missed_A,mixed_A,0.25357702382020275,,,0.16486721270786797,
002919.SZ,20260113,missed_A,missed_A,mixed_A,0.4928410634267749,,,0.6514023330851328,
600251.SH,20260113,missed_A,missed_A,steady_structure_A,0.5933048734040461,0.6328802927339257,0.612946079467823,0.14662447257383968,0.5351706567284473
600312.SH,20260113,missed_A,missed_A,mixed_A,0.3671996482757489,0.3974647151071615,0.6306587045370794,0.8173554231819311,0.5036142852601502
600362.SH,20260113,selected_A,selected_A,mixed_A,0.9010293618135574,0.3345269210663879,0.7732370506078019,0.3458364358401589,0.7291521010413918
600406.SH,20260113,missed_A,missed_A,mixed_A,0.22040850949386132,0.3915838996340826,0.4014232498282817,0.8173554231819311,0.372321770644699
600517.SH,20260113,missed_A,missed_A,mixed_A,0.2911493761562157,0.5343962362780972,0.3661299848083744,0.16719409282700423,0.31562592183206184
600667.SH,20260113,missed_A,missed_A,mixed_A,0.31131374078573,0.4350235232618923,0.33276772473002814,0.1909282700421941,0.3109903944078904
600800.SH,20260113,missed_A,missed_A,mixed_A,0.017281122932680065,0.7121275483533716,0.29344628531079087,0.44161082154380743,0.21945651086094603
600966.SH,20260113,missed_A,missed_A,mixed_A,0.5214007153176583,0.6532148457919498,0.5187729216880734,0.1769669893273765,0.48226012105914895
601016.SH,20260113,missed_A,missed_A,mixed_A,0.06038741815064308,0.41979874542603235,0.1711508127687878,0.23358773889302556,0.14999944764407558
601669.SH,20260113,missed_A,missed_A,mixed_A,0.19593412801026044,0.3997647673810768,0.15679234860216473,0.3553921568627451,0.23045045142319084
601877.SH,20260113,missed_A,missed_A,mixed_A,0.24161993989691102,0.32161526398327234,0.47509431503415556,0.8173554231819311,0.3943483885826113
603061.SH,20260113,selected_A,selected_A,mixed_A,0.8995336943351729,0.1523000522739153,0.7827057880163958,0.1909282700421941,0.6893125399054061
603130.SH,20260113,missed_A,missed_A,mixed_A,0.763311015751065,0.6098797699947727,0.7605702104432432,0.32517374038222885,0.6815620985431549
603308.SH,20260113,missed_A,missed_A,mixed_A,0.07131018799417765,0.40763199163617353,0.8264940120151592,0.38495904690990324,0.3407856532009815
603530.SH,20260113,missed_A,missed_A,mixed_A,0.24415158749721985,0.3700470465237846,0.589925259799013,0.8173554231819311,0.42916512682803126
603556.SH,20260113,missed_A,missed_A,chip_support_A,0.41228935671112676,0.46706743335075795,0.626806883157305,0.427680565897245,0.4737052273645522
603568.SH,20260113,missed_A,missed_A,mixed_A,0.6680734010472118,0.6170151594354417,0.5495913451929859,0.14978902953586498,0.5556044071957763
603690.SH,20260113,missed_A,missed_A,mixed_A,0.28715402231302556,0.38233141662310505,0.34437345084882154,0.1909282700421941,0.29654275603735775
603861.SH,20260113,missed_A,missed_A,chip_support_A,0.5597217168738268,0.5056455828541557,0.6047062632973659,0.8173554231819311,0.6042052960239601
603867.SH,20260113,missed_A,missed_A,mixed_A,0.10772698950889166,0.8426555148980659,0.15508617909378564,0.44161082154380743,0.24314221424926996
605336.SH,20260113,missed_A,missed_A,mixed_A,0.744188645419783,0.3227130162049137,0.6217911005593939,0.3114606602134525,0.6065324985022492
000035.SZ,20260114,missed_A,missed_A,mixed_A,0.025212132183556668,0.7530318870883428,0.4120856417822348,0.3168590220898486,0.2384595185596486
000060.SZ,20260114,missed_A,missed_A,mixed_A,0.7715112016271715,0.2902901202300052,0.6904211172435081,0.4132849342268553,0.6493826322814916
000657.SZ,20260114,selected_A,selected_A,mixed_A,0.9026108907222459,0.469315211709357,0.8997744488293469,0.5993732936212459,0.8130865727825822
000778.SZ,20260114,missed_A,missed_A,mixed_A,0.30035079304492573,0.6046262415054888,0.6805807986644573,0.49469471332836934,0.45498742733838143
000887.SZ,20260114,missed_A,missed_A,mixed_A,0.24736332852773,0.7792995295347621,0.5310047577377283,0.6525192355423182,0.43224069198312104
001287.SZ,20260114,missed_A,missed_A,mixed_A,0.3769967206874354,0.6049398849973863,0.5963488862694722,0.7062236286919831,0.5040131147146218
002066.SZ,20260114,missed_A,missed_A,mixed_A,0.08147569148206574,0.5077888133821222,,0.30966120625465376,
002121.SZ,20260114,missed_A,missed_A,mixed_A,0.33952699909656714,0.4546523784631469,,0.38495904690990324,
002849.SZ,20260114,missed_A,missed_A,mixed_A,0.8568560238000246,0.4350757971772085,,0.38495904690990324,
600067.SH,20260114,missed_A,missed_A,steady_structure_A,0.18862850418498647,0.718086774699425,0.6251562713034565,0.7145073219161082,0.4295880956757161
600141.SH,20260114,missed_A,missed_A,mixed_A,0.8190283287369924,0.41936748562467324,0.7855416885005707,0.2818627450980392,0.690115746820812
600219.SH,20260114,missed_A,missed_A,mixed_A,0.8254383808776952,0.42182435964453735,0.8057578889327197,0.24531521469347234,0.6931383808405022
600316.SH,20260114,missed_A,missed_A,mixed_A,0.7798531118164562,0.15726607422895972,0.32582734753872744,0.3885889798957558,0.5453983472001693
600331.SH,20260114,missed_A,missed_A,mixed_A,0.6823661605077453,0.663016204913748,0.7182263720393989,0.2818627450980392,0.629320705519803
600426.SH,20260114,missed_A,missed_A,mixed_A,0.7085194440565055,0.5798484056455828,0.6174683630348738,0.2818627450980392,0.6088910651162354
600549.SH,20260114,selected_A,selected_A,mixed_A,0.852392642200867,0.2856508102456874,0.8397297852466874,0.5993732936212459,0.7545998424798609
600988.SH,20260114,missed_A,missed_A,mixed_A,0.05961135941269512,0.6013068478829064,0.8339083873245788,0.3650719781583519,0.3531742580495357
601339.SH,20260114,missed_A,missed_A,mixed_A,0.5677806230707356,0.56299006795609,0.5021374580462463,0.3341710101762224,0.5158493343689717
603009.SH,20260114,missed_A,missed_A,mixed_A,0.64538403147964,0.28180867746994254,0.3318522300150258,0.6525192355423182,0.5317138263219183
603187.SH,20260114,missed_A,missed_A,steady_structure_A,0.24224725514848322,0.6168060637741767,0.5798400846932541,0.5703338297344254,0.4133143295851366
603233.SH,20260114,missed_A,missed_A,mixed_A,0.3461153643927739,0.3517773131207527,0.43332755267769124,0.5486473070240754,0.39886439773149635
603319.SH,20260114,missed_A,missed_A,mixed_A,0.05364429982360713,0.31210141139571346,0.36847476423099246,0.6525192355423182,0.24802886744047076
603759.SH,20260114,missed_A,missed_A,mixed_A,0.15699021655621503,0.6622059592263461,0.4171868435406493,0.2864234301315463,0.2919759296056364
603799.SH,20260114,missed_A,missed_A,mixed_A,0.7958548775338231,0.28353371667537897,0.7087770416763369,0.5993732936212459,0.6933810648967206
603938.SH,20260114,missed_A,missed_A,high_momentum_frontline_A,0.846286080078918,0.1142707788813382,0.54156249557553,0.6423119880863738,0.6663075400344315
605111.SH,20260114,missed_A,missed_A,mixed_A,0.38333441864891044,0.7526921066387872,0.2782357532847461,0.3372114668652271,0.38707707833930455
000422.SZ,20260115,missed_A,missed_A,mixed_A,0.44186548431941414,0.3716152639832724,0.5164927307277517,0.676656738644825,0.48871596203669593
001979.SZ,20260115,missed_A,missed_A,mixed_A,0.21631175771693845,0.3858599059069524,0.3448890673408835,0.3518242740134028,0.2857377773863958
002079.SZ,20260115,missed_A,missed_A,mixed_A,0.29403390401580876,0.6520125457396759,,0.8025564656242243,
002130.SZ,20260115,missed_A,missed_A,mixed_A,0.5724209527230518,0.4390486147412441,,0.8025564656242243,
002346.SZ,20260115,missed_A,missed_A,mixed_A,0.63537670610596,0.7091479351803449,,0.8025564656242243,
002386.SZ,20260115,missed_A,missed_A,mixed_A,0.30899856169120127,0.6118400418191322,,0.7458426408538099,
002487.SZ,20260115,missed_A,missed_A,mixed_A,0.044276660496704666,0.6326189231573445,,0.8025564656242243,
002546.SZ,20260115,missed_A,missed_A,mixed_A,0.6360276744525699,0.6742812336644015,,0.8025564656242243,
003039.SZ,20260115,missed_A,missed_A,mixed_A,0.7406972477271515,0.21863565081024566,,0.11178332092330603,
600096.SH,20260115,selected_A,selected_A,high_momentum_frontline_A,0.74393131216184,0.54594877156299,0.6494134433644762,0.676656738644825,0.6904124048750618
600346.SH,20260115,missed_A,missed_A,mixed_A,0.8165331257197281,0.4421066387872451,0.5882793452167656,0.06568006949615289,0.6093990734672029
600724.SH,20260115,missed_A,missed_A,chip_support_A,0.6493047535929846,0.29317825405122844,0.6135996846687548,0.15192975924547036,0.5301595872556244
600770.SH,20260115,missed_A,missed_A,mixed_A,0.4343698732072978,0.31241505488761107,0.29725200615737607,0.15192975924547036,0.3455289075185746
600860.SH,20260115,missed_A,missed_A,mixed_A,0.11590717509706236,0.6694981704129639,0.2319120703609828,0.5220277984611565,0.26118559194924673
600893.SH,20260115,missed_A,missed_A,mixed_A,0.4263357974388623,0.3726084683742812,0.41889844952490285,0.21093943906676596,0.3867942737980999
600969.SH,20260115,missed_A,missed_A,chip_support_A,0.5785014284317784,0.20407736539466803,0.7892722021568025,0.3308823529411765,0.5566088542357331
601121.SH,20260115,missed_A,missed_A,steady_structure_A,0.42713402823079377,0.6795870360690015,0.6651957440294393,0.08137875403325887,0.4600314668346457
601717.SH,20260115,missed_A,missed_A,mixed_A,0.05233057638678698,0.4180867746994249,0.5253706327205291,0.5220277984611565,0.27762079361264175
603119.SH,20260115,missed_A,missed_A,mixed_A,0.7258848066198926,0.500810245687402,0.5639699947207517,0.5834574336063539,0.6415345415998275
603239.SH,20260115,missed_A,missed_A,chip_support_A,0.45352998379795606,0.4297177208572922,0.7799382463274258,0.5834574336063539,0.5522399406075168
603285.SH,20260115,missed_A,missed_A,mixed_A,0.5541586800600172,0.24200209095661263,0.45352358339323234,0.7458426408538099,0.5265368411020495
603356.SH,20260115,selected_A,selected_A,mixed_A,0.834206615408659,0.2255096706743335,0.7712338031152493,0.23476669148672125,0.6676777292735835
603360.SH,20260115,missed_A,missed_A,mixed_A,0.20098325416319168,0.5095138525875588,0.6379713708140407,0.676656738644825,0.4124343658405856
603728.SH,20260115,missed_A,missed_A,mixed_A,0.5540106698815727,0.4818086774699425,0.3114932810242665,0.8025564656242243,0.5234429927874809
603730.SH,20260115,missed_A,missed_A,chip_support_A,0.4952958732877031,0.35810245687401987,0.7229311412836827,0.5834574336063539,0.5517095826931273
603949.SH,20260115,missed_A,missed_A,mixed_A,0.5495480133907505,0.3955044432828019,0.3689401891439913,0.5834574336063539,0.4940781133506064
603991.SH,20260115,missed_A,missed_A,mixed_A,0.1335177476391465,0.3984056455828542,0.656192631001664,0.6656428394142467,0.3704940220404117
605066.SH,20260115,missed_A,missed_A,mixed_A,0.40860299724798343,0.35005227391531624,0.4839146803387386,0.8025564656242243,0.4806688659438416
000420.SZ,20260116,missed_A,missed_A,mixed_A,0.5813982239535402,0.7118923157344484,0.5178709516734842,0.22735170017374037,0.5254588364946471
000682.SZ,20260116,missed_A,missed_A,chip_support_A,0.4569451177394043,0.3419236800836382,0.6467643034266929,0.8386696450732193,0.5501564494957221
000720.SZ,20260116,missed_A,missed_A,mixed_A,0.11428838345039449,0.8387872451646629,0.4333875924914681,0.8386696450732193,0.37517026112551344
000830.SZ,20260116,missed_A,missed_A,chip_support_A,0.5959041033143568,0.59636696288552,0.7478854846641709,0.5540456689004716,0.6276669694468439
001389.SZ,20260116,missed_A,missed_A,steady_structure_A,0.22583660256188004,0.7082070047046524,0.8260227477795125,0.7878505832712832,0.5084222761869759
002009.SZ,20260116,missed_A,missed_A,mixed_A,0.8932284804086066,0.5999215891270255,,0.3440680069496153,
002064.SZ,20260116,missed_A,missed_A,mixed_A,0.745989726654505,0.652038682697334,,0.22735170017374037,
002125.SZ,20260116,missed_A,missed_A,mixed_A,0.3677182317873251,0.5852848928384735,,0.5540456689004716,
002160.SZ,20260116,missed_A,missed_A,mixed_A,0.7156311171855725,0.357135389440669,,0.37000496401092087,
002326.SZ,20260116,missed_A,missed_A,mixed_A,0.6596120901161499,0.6861212754835337,,0.5540456689004716,
002426.SZ,20260116,missed_A,missed_A,high_momentum_frontline_A,0.8086780141299257,0.547961317302666,,0.7878505832712832,
002460.SZ,20260116,missed_A,missed_A,mixed_A,0.4002512735968913,0.23962362780972293,,0.41806279473814845,
002466.SZ,20260116,missed_A,missed_A,mixed_A,0.4225493245295534,0.3487454260324098,,0.41806279473814845,
002498.SZ,20260116,missed_A,missed_A,mixed_A,0.5325366897084166,0.5766074228959749,,0.8386696450732193,
002533.SZ,20260116,missed_A,missed_A,mixed_A,0.3840555347349597,0.6833507579717721,,0.8386696450732193,
002636.SZ,20260116,missed_A,missed_A,mixed_A,0.6396358465208456,0.41523784631468896,,0.7878505832712832,
002658.SZ,20260116,missed_A,missed_A,mixed_A,0.47293890903914404,0.5030841610036592,,0.3254529659965252,
600021.SH,20260116,missed_A,missed_A,mixed_A,0.3755189551016694,0.28770256142185047,0.38119372025240583,0.2357905187391412,0.3471967415669924
600348.SH,20260116,missed_A,missed_A,steady_structure_A,0.5750563085233676,0.6999738630423419,0.6643050459022387,0.1462211466865227,0.5455349740444561
600416.SH,20260116,missed_A,missed_A,high_momentum_frontline_A,0.6653294734471366,0.30274438055410346,0.477200433165882,0.8386696450732193,0.6080397298314321
600418.SH,20260116,missed_A,missed_A,mixed_A,0.133645270415997,0.2640616832200732,0.2680791843440133,0.10976669148672127,0.1767136033390173
600509.SH,20260116,missed_A,missed_A,mixed_A,0.24984898869517716,0.6044955567171981,0.6305379678390604,0.2357905187391412,0.37837711978994465
600563.SH,20260116,missed_A,missed_A,mixed_A,0.2241936261778484,0.7825666492420282,0.154536682405851,0.7878505832712832,0.3471652361052822
600576.SH,20260116,missed_A,missed_A,mixed_A,0.48467917924767334,0.7161787767903816,0.21757573538896263,0.16288160833953835,0.39278364240104624
600862.SH,20260116,missed_A,missed_A,mixed_A,0.6628350429293339,0.31960271824359643,0.45661791594926693,0.023982377761231074,0.48112962894052796
601096.SH,20260116,missed_A,missed_A,mixed_A,0.6132168434392739,0.3208572922111866,0.5215519973103916,0.17873541821792008,0.49589246300104156
601616.SH,20260116,selected_A,selected_A,high_momentum_frontline_A,0.7503943993333,0.33783324621014116,0.5563765403315719,0.8386696450732193,0.67387510613154
601958.SH,20260116,selected_A,selected_A,mixed_A,0.8691967074712451,0.2152901202300052,0.6429048279582231,0.41806279473814845,0.6795629919589011
603080.SH,20260116,missed_A,missed_A,mixed_A,0.23977164483900787,0.6406429691583899,0.41767013060135955,0.26904939190866217,0.32872506077198216
603090.SH,20260116,selected_A,selected_A,high_momentum_frontline_A,0.9044958979100811,0.3428646105593309,0.8451895245445934,0.6390543559195829,0.7936899445350595
603161.SH,20260116,missed_A,missed_A,high_momentum_frontline_A,0.7179111393043959,0.4116309461578672,0.5624527407934454,0.812391412261107,0.6625905613055121
603290.SH,20260116,missed_A,missed_A,mixed_A,0.4276794117392955,0.4149503397804495,0.3990113709955173,0.8298275006205014,0.47956170768964723
603306.SH,20260116,missed_A,missed_A,steady_structure_A,0.24634131849425875,0.6716675378985886,0.8614063912774834,0.812391412261107,0.5275477226955252
603312.SH,20260116,missed_A,missed_A,mixed_A,0.11569274362458427,0.5816779926816518,0.28419977069805213,0.8386696450732193,0.31286456051595324
603399.SH,20260116,missed_A,missed_A,mixed_A,0.1367223307553227,0.2733925771040251,0.37492414160588183,0.41806279473814845,0.25214087770025656
603608.SH,20260116,missed_A,missed_A,mixed_A,0.81687405864104,0.40109775222164135,0.48929407321657975,0.12248696947133285,0.589243368267529
603638.SH,20260116,missed_A,missed_A,mixed_A,0.4739979275133989,0.7660219550444329,0.5543653532375622,0.6390543559195829,0.5480506509584707
603936.SH,20260116,missed_A,missed_A,mixed_A,0.22764857009428927,0.5863826450601151,0.4015285219035613,0.7878505832712832,0.39102226751973895
603997.SH,20260116,missed_A,missed_A,mixed_A,0.2130747376266552,0.6818870883429168,0.5596105003615061,0.812391412261107,0.4364874145771619
000025.SZ,20260119,missed_A,missed_A,mixed_A,0.12257811863365208,0.7407997909043387,0.2094097457786547,0.241530156366344,0.22395099830687518
000048.SZ,20260119,missed_A,missed_A,mixed_A,0.5992847356899127,0.44273392577104026,0.35813919052204013,0.5312422437329362,0.5131368946125109
000534.SZ,20260119,missed_A,missed_A,chip_support_A,0.5489242484970563,0.5140616832200732,0.8624305685763716,0.11528915363613801,0.5587693077600491
000571.SZ,20260119,missed_A,missed_A,steady_structure_A,0.6104799908444469,0.7203868269733402,0.7110179609429492,0.3048523206751055,0.6007610164565607
000655.SZ,20260119,missed_A,missed_A,mixed_A,0.5564198901745476,0.7542341871406167,0.5345573187207119,0.4751489203276247,0.5585450315306572
000722.SZ,20260119,missed_A,missed_A,mixed_A,0.2565097891312901,0.586983795086252,0.19751682511060492,0.5682551501613303,0.321570752876121
000816.SZ,20260119,missed_A,missed_A,steady_structure_A,0.45635001843195566,0.7634866701515943,0.6120077789320837,0.32132663191859023,0.5057246157519467
000932.SZ,20260119,missed_A,missed_A,mixed_A,0.08937535840743119,0.5078541557762677,0.5039088417983174,0.4751489203276247,0.2927226432800654
002001.SZ,20260119,missed_A,missed_A,mixed_A,0.35033423988605966,0.7323052796654469,,0.47266691486721274,
002008.SZ,20260119,missed_A,missed_A,high_momentum_frontline_A,0.8424956205672277,0.5681651855723994,,0.6392405063291139,
002169.SZ,20260119,missed_A,missed_A,high_momentum_frontline_A,0.8796681411332864,0.7010977522216414,,0.9391288160833955,
002170.SZ,20260119,missed_A,missed_A,mixed_A,0.2568179358984475,0.754861474124412,,0.8517932489451476,
002182.SZ,20260119,missed_A,missed_A,high_momentum_frontline_A,0.8908122200231479,0.45151594354417146,,0.6544117647058824,
002183.SZ,20260119,missed_A,missed_A,mixed_A,0.3882376455357567,0.559762153685311,,0.4223752792256143,
002192.SZ,20260119,missed_A,missed_A,mixed_A,0.3530477212790067,0.29276006272869837,,0.6544117647058824,
002195.SZ,20260119,missed_A,missed_A,mixed_A,0.9008262880648852,0.1010977522216414,,0.19570613055348723,
002196.SZ,20260119,missed_A,missed_A,mixed_A,0.9009188335634774,0.6872190277051751,,0.3615351203772649,
002237.SZ,20260119,missed_A,missed_A,high_momentum_frontline_A,0.6822919774989793,0.4616048092002091,,0.6193224125093075,
002239.SZ,20260119,missed_A,missed_A,mixed_A,0.24100535994743266,0.7260585467851541,,0.80994043186895,
002245.SZ,20260119,missed_A,missed_A,mixed_A,0.544742027725209,0.7499215891270256,,0.9391288160833955,
002250.SZ,20260119,missed_A,missed_A,high_momentum_frontline_A,0.9058633516432527,0.17553580763199164,,0.8681434599156117,
002290.SZ,20260119,missed_A,missed_A,mixed_A,0.9039592408824647,0.2173810768426555,,0.5362993298585257,
002340.SZ,20260119,missed_A,missed_A,high_momentum_frontline_A,0.7596039922712157,0.5728959749085206,,0.6544117647058824,
002405.SZ,20260119,missed_A,missed_A,mixed_A,0.6907296504106979,0.28614741244119185,,0.19570613055348723,
002434.SZ,20260119,missed_A,missed_A,mixed_A,0.4701722125982396,0.5703084161003659,,0.80994043186895,
002478.SZ,20260119,missed_A,missed_A,mixed_A,0.6923036126217801,0.28204391008886565,,0.4515698684537106,
002493.SZ,20260119,missed_A,missed_A,high_momentum_frontline_A,0.7984451572481239,0.7205959226346054,,0.7611690245718541,
002539.SZ,20260119,missed_A,missed_A,high_momentum_frontline_A,0.6688305751831599,0.7243335075797177,,0.8517932489451476,
002540.SZ,20260119,missed_A,missed_A,mixed_A,0.4149505446901954,0.7766074228959747,,0.6282266070985356,
002553.SZ,20260119,missed_A,missed_A,mixed_A,0.4785592570929118,0.76871406168322,,0.80994043186895,
002579.SZ,20260119,missed_A,missed_A,mixed_A,0.16387446462798155,0.6048614741244119,,0.6792938694465128,
002601.SZ,20260119,missed_A,missed_A,mixed_A,0.4423246060361412,0.5808677469942498,,0.8681434599156117,
002716.SZ,20260119,missed_A,missed_A,high_momentum_frontline_A,0.9090898572589748,0.14918975431259798,,0.6544117647058824,
002734.SZ,20260119,missed_A,missed_A,mixed_A,0.3538031590752001,0.44309984317825407,,0.8517932489451476,
002738.SZ,20260119,missed_A,missed_A,high_momentum_frontline_A,0.7895312357056965,0.5288290642969158,,0.6544117647058824,
002838.SZ,20260119,missed_A,missed_A,mixed_A,0.4532597256317141,0.22114479874542603,,0.5188942665673864,
002993.SZ,20260119,missed_A,missed_A,mixed_A,0.5507129947180982,0.5413486670151595,,0.6792938694465128,
003022.SZ,20260119,missed_A,missed_A,mixed_A,0.47852724958817683,0.8150026136957658,,0.8681434599156117,
600078.SH,20260119,missed_A,missed_A,mixed_A,0.27238801052754147,0.24304756926293777,0.5519322604154859,0.8681434599156117,0.42870334628127776
600166.SH,20260119,missed_A,missed_A,steady_structure_A,0.34921073638024563,0.779273392577104,0.5808570146613542,0.40689377016629436,0.45878102663811593
600189.SH,20260119,missed_A,missed_A,chip_support_A,0.40995074457901015,0.3122582331416623,0.6113411613892566,0.2812422437329362,0.4312228225109259
600282.SH,20260119,missed_A,missed_A,mixed_A,0.21596916222333487,0.345739675901725,0.453205545643439,0.4751489203276247,0.32713227316184335
600313.SH,20260119,missed_A,missed_A,mixed_A,0.10210820022677307,0.8616048092002091,0.3397754164438298,0.418807396376272,0.2849795446008057
600328.SH,20260119,missed_A,missed_A,mixed_A,0.3691774056489256,0.5765290120230004,0.5005707556552843,0.8681434599156117,0.4976058119279257
600361.SH,20260119,missed_A,missed_A,mixed_A,0.27921606373404906,0.4889832723470988,0.4428584614679408,0.6282266070985356,0.3934549655334999
600470.SH,20260119,missed_A,missed_A,mixed_A,0.1796805410582475,0.7110559330893884,0.41307621462017774,0.8517932489451476,0.3919839048348791
600610.SH,20260119,missed_A,missed_A,mixed_A,0.16149659857537596,0.5290120230005227,0.16110118204630047,0.8681434599156117,0.3041463160866571
600759.SH,20260119,missed_A,missed_A,mixed_A,0.8300451091451058,0.3680345007841087,0.5634406579715906,0.15860014892032764,0.6164761914819106
600801.SH,20260119,missed_A,missed_A,mixed_A,0.11843031034919482,0.4116832200731835,0.613404702919278,0.28291759741871436,0.2961722925245424
600841.SH,20260119,missed_A,missed_A,mixed_A,0.3296398409451282,0.2938839519079979,0.3662752482259684,0.80994043186895,0.40726819250019847
600938.SH,20260119,missed_A,missed_A,mixed_A,0.11191992795233097,0.46327757449032936,0.5344420106762999,0.15860014892032764,0.2596882464323226
600989.SH,20260119,selected_A,selected_A,chip_support_A,0.6326873440308179,0.6049921589127025,0.6059975984074488,0.8681434599156117,0.6585638064958832
601118.SH,20260119,missed_A,missed_A,chip_support_A,0.5090968555258168,0.5678254051228437,0.6380054641667013,0.18804293869446512,0.4990387751210379
601865.SH,20260119,missed_A,missed_A,mixed_A,0.2757026999574319,0.6654469419759539,0.2451461266048066,0.3021841648051626,0.3110102005482874
601965.SH,20260119,missed_A,missed_A,mixed_A,0.297002034324335,0.3654208050182959,0.35955279549456165,0.1535740878629933,0.29796740971708646
601991.SH,20260119,missed_A,missed_A,mixed_A,0.26801859407165535,0.3185311029796131,0.508700543811855,0.6514954082898983,0.3907618545302375
603050.SH,20260119,missed_A,missed_A,mixed_A,0.43973177765570926,0.6044432828018818,0.5790207060894865,0.9391288160833955,0.5659347160429238
603077.SH,20260119,missed_A,missed_A,mixed_A,0.1675419754028711,0.34137480397281755,0.5111927690646844,0.8681434599156117,0.3759281793522301
603379.SH,20260119,missed_A,missed_A,mixed_A,0.22259725068931258,0.5317302665969681,0.722046423279944,0.8681434599156117,0.47520477681168083
603380.SH,20260119,missed_A,missed_A,steady_structure_A,0.5313642141720685,0.7208834291688447,0.6683416018611364,0.6792938694465128,0.6067499308851797
603505.SH,20260119,missed_A,missed_A,chip_support_A,0.3869242719185062,0.5926032409827495,0.624253147504419,0.8681434599156117,0.5390072659209746
603619.SH,20260119,missed_A,missed_A,chip_support_A,0.5915437136447205,0.2673941453214846,0.6799378943253909,0.15860014892032764,0.5162857672739055
603628.SH,20260119,missed_A,missed_A,mixed_A,0.07503643718397729,0.8047307893361212,0.2726108898322022,0.9391288160833955,0.32701334239616064
603806.SH,20260119,missed_A,missed_A,mixed_A,0.5723074992991972,0.7529796131730266,0.2879116517132291,0.5188942665673864,0.5112637638803165
603989.SH,20260119,missed_A,missed_A,mixed_A,0.41884613638843127,0.8071353894406691,0.3217050595286286,0.6792938694465128,0.4724569524374166
605376.SH,20260119,missed_A,missed_A,steady_structure_A,0.464669194872573,0.6514898065865132,0.8563563119479581,0.6544117647058824,0.6097344207878097
000565.SZ,20260120,missed_A,missed_A,mixed_A,0.18808960229513363,0.27192890747516985,0.24619808468652693,0.5495470340034748,0.26521926816723673
000681.SZ,20260120,missed_A,missed_A,mixed_A,0.7618793279092861,0.13476215368531103,0.49164304928568225,0.28977413750310255,0.5607927622700601
000968.SZ,20260120,missed_A,missed_A,mixed_A,0.41049503013627653,0.5098797699947726,0.2220669958433253,0.174795234549516,0.33797152621087423
002043.SZ,20260120,missed_A,missed_A,mixed_A,0.03371297851102488,0.3249869315211709,,0.44527177959791514,
002078.SZ,20260120,missed_A,missed_A,mixed_A,0.16854889390329447,0.4969419759539989,,0.3302308265078183,
002156.SZ,20260120,missed_A,missed_A,mixed_A,0.9043745673467636,0.31008886565603766,,0.5821854058078928,
002165.SZ,20260120,missed_A,missed_A,mixed_A,0.6097740745925675,0.5979090433873496,,0.8486286919831223,
002271.SZ,20260120,missed_A,missed_A,mixed_A,0.5773705578772005,0.7562990067956089,,0.44527177959791514,
002312.SZ,20260120,missed_A,missed_A,mixed_A,0.31806101800793973,0.7065342394145321,,0.8486286919831223,
002318.SZ,20260120,missed_A,missed_A,mixed_A,0.6904528646761542,0.7451646628332461,,0.12655125341275753,
002335.SZ,20260120,missed_A,missed_A,mixed_A,0.6094739925896061,0.31220595922634603,,0.75,
002400.SZ,20260120,missed_A,missed_A,mixed_A,0.871876361113908,0.09030318870883428,,0.33187515512534127,
002470.SZ,20260120,missed_A,missed_A,mixed_A,0.0882428911602352,0.6942498693152117,,0.6715686274509803,
002488.SZ,20260120,missed_A,missed_A,high_momentum_frontline_A,0.9062193147852259,0.40585467851542073,,0.6587862993298585,
002490.SZ,20260120,missed_A,missed_A,mixed_A,0.7522893689773825,0.21366962885520124,,0.056806899975179945,
002603.SZ,20260120,missed_A,missed_A,mixed_A,0.14749852724886656,0.6630423418714062,,0.1295606850335071,
002648.SZ,20260120,missed_A,missed_A,high_momentum_frontline_A,0.7906127385687107,0.5972033455305803,,0.8486286919831223,
002785.SZ,20260120,missed_A,missed_A,mixed_A,0.593585720696761,0.46468897020386823,,0.44527177959791514,
002842.SZ,20260120,missed_A,missed_A,mixed_A,0.9082166793937693,0.2835075797177209,,0.296692727724001,
600028.SH,20260120,missed_A,missed_A,mixed_A,0.11587032591794204,0.2333768949294302,0.2972968942391112,0.19576818068999752,0.18496230311519146
600295.SH,20260120,missed_A,missed_A,mixed_A,0.8609493401534267,0.3589649764767381,0.5617700915134891,0.12655125341275753,0.6257963786146731
600352.SH,20260120,missed_A,missed_A,mixed_A,0.4486645048268172,0.5267642446419236,0.5776708525966447,0.5495470340034748,0.5038584451272834
600500.SH,20260120,missed_A,missed_A,mixed_A,0.3923998401019973,0.6348274960794563,0.274052091764271,0.2818627450980392,0.3704751043647179
600552.SH,20260120,missed_A,missed_A,mixed_A,0.8588360879781514,0.25865133298484055,0.5714899276182126,0.3911330354926781,0.6568256145160146
600728.SH,20260120,missed_A,missed_A,mixed_A,0.41652043924353166,0.43081547307893364,0.28208305339393713,0.031211218664681063,0.32654421307784565
600867.SH,20260120,missed_A,missed_A,mixed_A,0.1796150919303307,0.7330109775222164,0.2830157258082495,0.09983866964507324,0.24883837561621033
600968.SH,20260120,missed_A,missed_A,mixed_A,0.1807668773216724,0.416244119184527,0.2740080875987571,0.174795234549516,0.22672915766140556
601089.SH,20260120,missed_A,missed_A,mixed_A,0.4653543804312893,0.4842394145321484,0.29023373873798824,0.22164308761479276,0.38690602949557545
601298.SH,20260120,missed_A,missed_A,mixed_A,0.03614960191550556,0.8475431259801358,0.245960980026857,0.14432861752295856,0.1859686511909244
601609.SH,20260120,missed_A,missed_A,mixed_A,0.42665445574488453,0.8009670674333507,0.41948186943118115,0.2410958054107719,0.43445877278518835
603002.SH,20260120,missed_A,missed_A,mixed_A,0.6471022273515834,0.4966806063774176,0.5434633026536182,0.8486286919831223,0.6363793037744063
603037.SH,20260120,selected_A,selected_A,high_momentum_frontline_A,0.8387048310026268,0.2377417668583377,0.8042606169876027,0.6587862993298585,0.7430096913335267
603616.SH,20260120,missed_A,missed_A,mixed_A,0.712146529308145,0.3880292733925771,0.49339710280422816,0.5176222387689253,0.595868803509726
603737.SH,20260120,missed_A,missed_A,mixed_A,0.22261611117399766,0.23285415577626764,0.5843475959082345,0.5495470340034748,0.36311242524220544
605016.SH,20260120,missed_A,missed_A,mixed_A,0.22940888392149822,0.33173026659696814,0.6861328485404862,0.5128443782576322,0.3963373374942123
605090.SH,20260120,selected_A,selected_A,mixed_A,0.8185782210731827,0.4650810245687402,0.7547411154099686,0.3785678828493423,0.7012676742733589
605196.SH,20260120,missed_A,missed_A,chip_support_A,0.5463811349297057,0.4115525352848928,0.757460358508597,0.75,0.6162109106204914
000059.SZ,20260121,missed_A,missed_A,steady_structure_A,0.47581867794713384,0.8309722948248823,0.6315714575473421,0.20951228592702906,0.510326275731945
000737.SZ,20260121,missed_A,missed_A,chip_support_A,0.4306936443868855,0.4824490329325666,0.7897673164858902,0.5537664432861753,0.5440985211010982
000878.SZ,20260121,selected_A,selected_A,mixed_A,0.784446719708362,0.555279665446942,0.740635599905726,0.5537664432861753,0.715975192868233
000951.SZ,20260121,missed_A,missed_A,mixed_A,0.09053782010938988,0.5175640355462624,0.13477311161272706,0.17343013154628942,0.15673311124444636
001333.SZ,20260121,missed_A,missed_A,chip_support_A,0.5994496239345957,0.489022477783586,0.7726275864620643,0.8445023579051875,0.6684593100469506
001339.SZ,20260121,missed_A,missed_A,mixed_A,0.47901143278681013,0.7854678515420805,0.27278959735425884,0.36370687515512534,0.44080593215944663
002004.SZ,20260121,missed_A,missed_A,mixed_A,0.4851373418433611,0.23314166231050704,,0.5385951849094068,
002240.SZ,20260121,missed_A,missed_A,mixed_A,0.379876973696671,0.39398849973863037,,0.8319372052618517,
002246.SZ,20260121,missed_A,missed_A,high_momentum_frontline_A,0.8499144473876241,0.6484579194981704,,0.8445023579051875,
002279.SZ,20260121,missed_A,missed_A,mixed_A,0.793366952192464,0.23024046001045478,,0.18574708364358403,
002552.SZ,20260121,missed_A,missed_A,high_momentum_frontline_A,0.6815404805229086,0.42237323575535807,,0.8559816331595929,
002783.SZ,20260121,missed_A,missed_A,mixed_A,0.20326105443772685,0.7961970726607422,,0.8445023579051875,
002815.SZ,20260121,missed_A,missed_A,mixed_A,0.3104688018708408,0.6331416623105071,,0.8559816331595929,
002878.SZ,20260121,missed_A,missed_A,mixed_A,0.34539117249413703,0.3061421850496602,,0.38002606105733433,
600173.SH,20260121,missed_A,missed_A,mixed_A,0.386831525563872,0.4372713016204913,0.2706708345272069,0.4196450732191611,0.36775736255866104
600176.SH,20260121,selected_A,selected_A,mixed_A,0.8758201592209415,0.6354417145844223,0.7072966853845705,0.3635827748821048,0.7328158386473712
600302.SH,20260121,selected_A,selected_A,mixed_A,0.8620129800837364,0.20081024568740197,0.8027755047572294,0.45188011913626214,0.7195634086703551
600477.SH,20260121,missed_A,missed_A,mixed_A,0.8508114223426636,0.05812859383167799,0.42381769752027076,0.20746463142218913,0.5682926896478956
600556.SH,20260121,missed_A,missed_A,mixed_A,0.8026237312726617,0.24228959749085205,0.4478256834295511,0.27618515760734674,0.5789250198839059
600916.SH,20260121,missed_A,missed_A,mixed_A,0.1793522182023389,0.5038029273392577,0.2786898476433503,0.4311243484735667,0.2743975160169678
601857.SH,20260121,missed_A,missed_A,mixed_A,0.14382276058540594,0.7735232618923157,0.38820305464237104,0.4949118888061554,0.3205512534634506
603132.SH,20260121,missed_A,missed_A,mixed_A,0.49033774762919363,0.45708311552535286,0.5767053618592654,0.6858711839166045,0.5379342034194391
603315.SH,20260121,missed_A,missed_A,mixed_A,0.12769738469873523,0.34597490852064816,0.572294330490956,0.3135083147182924,0.2885460130319153
603663.SH,20260121,missed_A,missed_A,steady_structure_A,0.18008600503032207,0.6258755880815472,0.767806840369502,0.8319372052618517,0.469372852204969
000818.SZ,20260122,missed_A,missed_A,mixed_A,0.406004672904289,0.5385781495033978,0.1891725738474847,0.8683296103251428,0.4344027364131269
000933.SZ,20260122,missed_A,missed_A,steady_structure_A,0.6506016355422952,0.6314950339780449,0.767950441555264,0.6169645073219161,0.6729826076560556
000962.SZ,20260122,selected_A,selected_A,mixed_A,0.8070090591708748,0.6343700993204391,0.714682701063367,0.5831782079920576,0.7330889459821317
000990.SZ,20260122,missed_A,missed_A,steady_structure_A,0.18285928868415635,0.749189754312598,0.6314960978227735,0.8683296103251428,0.45447208577780274
001267.SZ,20260122,missed_A,missed_A,chip_support_A,0.41136052946402657,0.26759017250392053,0.7326305221590366,0.5860325142715314,0.5035017896628942
001288.SZ,20260122,missed_A,missed_A,mixed_A,0.2553957708287457,0.42320961840041815,0.8575354405426714,0.7466492926284438,0.4964001012843491
002145.SZ,20260122,missed_A,missed_A,mixed_A,0.17386407168796172,0.6797177208572922,,0.8683296103251428,
002266.SZ,20260122,missed_A,missed_A,mixed_A,0.7012645385833147,0.761199686356508,,0.5601886324149914,
002291.SZ,20260122,missed_A,missed_A,mixed_A,0.7079326967811833,0.3132775744903293,,0.2568875651526433,
002372.SZ,20260122,missed_A,missed_A,mixed_A,0.32180591387749663,0.3208572922111866,,0.6846612062546538,
002791.SZ,20260122,missed_A,missed_A,mixed_A,0.1877713752153317,0.367694720334553,,0.6846612062546538,
002929.SZ,20260122,missed_A,missed_A,mixed_A,0.5496284605847515,0.5209095661265029,,0.5860325142715314,
002943.SZ,20260122,missed_A,missed_A,mixed_A,0.9077718911170184,0.47976999477260845,,0.22058823529411767,
002945.SZ,20260122,missed_A,missed_A,mixed_A,0.7177994681000411,0.3582200731834814,,0.11978778853313479,
600022.SH,20260122,missed_A,missed_A,mixed_A,0.19771116666793737,0.4795086251960271,0.42946185850660246,0.6964507321916109,0.3586395203089637
600126.SH,20260122,missed_A,missed_A,mixed_A,0.36267679068774084,0.37017773131207526,0.2254207754104207,0.6964507321916109,0.37917897215642477
600127.SH,20260122,missed_A,missed_A,mixed_A,0.059135452096654204,0.9416100365917406,0.22823197121843625,0.3858277488210474,0.23866088483526737
600185.SH,20260122,missed_A,missed_A,mixed_A,0.01570697229601251,0.7110820700470465,0.29059138845012483,0.11677835691238522,0.16912629380209987
600206.SH,20260122,missed_A,missed_A,mixed_A,0.41394664239149503,0.7297438578149502,0.5080012604801761,0.4684475055845123,0.4772151479349634
600339.SH,20260122,missed_A,missed_A,mixed_A,0.42633548434559887,0.41398327234709875,0.46536345735460144,0.704144949118888,0.47652867611399286
600388.SH,20260122,missed_A,missed_A,mixed_A,0.06008088225119049,0.3966544694197595,0.5754084220945577,0.5601886324149914,0.2975862884534593
600392.SH,20260122,missed_A,missed_A,steady_structure_A,0.5295593917191158,0.6352587558808154,0.620013634994384,0.5831782079920576,0.5707857113950441
600522.SH,20260122,missed_A,missed_A,mixed_A,0.061707795445690605,0.543308938839519,0.5941631100772159,0.5860325142715314,0.3216304462668309
600589.SH,20260122,missed_A,missed_A,mixed_A,0.8577906567016813,0.19553058024046002,0.4558968124025492,0.5548212956068503,0.6456457838165515
600871.SH,20260122,missed_A,missed_A,high_momentum_frontline_A,0.72954495582253,0.26178776790381597,0.5499179522367657,0.704144949118888,0.6340524851286712
600880.SH,20260122,missed_A,missed_A,mixed_A,0.6884401144228498,0.21969419759539988,0.35495688092404754,0.2568875651526433,0.49346183197487326
600888.SH,20260122,missed_A,missed_A,steady_structure_A,0.4674765120001294,0.7010977522216414,0.6740276706453066,0.6169645073219161,0.5648996249818429
600909.SH,20260122,missed_A,missed_A,mixed_A,0.4095319784233375,0.713016204913748,0.42806727337737427,0.11978778853313479,0.40105259632735735
600965.SH,20260122,missed_A,missed_A,mixed_A,0.2886366640239518,0.32302665969681127,0.6961952569368454,0.3858277488210474,0.40854397453902547
600985.SH,20260122,missed_A,missed_A,mixed_A,0.14647634325867143,0.29291688447464714,0.31673357443126055,0.5536113179448995,0.26475495137635047
600986.SH,20260122,missed_A,missed_A,mixed_A,0.891864734756396,0.14984317825405122,0.7522097631753775,0.3483184413005709,0.7012168921925331
600998.SH,20260122,missed_A,missed_A,mixed_A,0.12414756075715648,0.5164924202822792,0.4729779536432093,0.30590717299578063,0.2778535867669756
601020.SH,20260122,missed_A,missed_A,mixed_A,0.7866900291418379,0.39137480397281754,0.8478492949438349,0.40565276743608836,0.7052927338195727
601061.SH,20260122,missed_A,missed_A,mixed_A,0.2909293018716039,0.49174072138003133,0.6651420128743571,0.5150471581037478,0.4381813000079566
601155.SH,20260122,missed_A,missed_A,mixed_A,0.44532814252023084,0.4313382122320962,0.473795877305232,0.560933234053115,0.46838684691760024
601360.SH,20260122,missed_A,missed_A,mixed_A,0.5786311660367952,0.21019341348667014,0.34785901411113584,0.3483184413005709,0.4495474440899342
601619.SH,20260122,missed_A,missed_A,chip_support_A,0.6523603641300687,0.4534500784108729,0.7596292816256425,0.24751799453958798,0.5985602094934704
601636.SH,20260122,missed_A,missed_A,mixed_A,0.5601873727358891,0.47368008363826447,0.4345196897031661,0.6576693968726731,0.5347420266884635
603045.SH,20260122,selected_A,selected_A,mixed_A,0.8282176418393375,0.22450339780449557,0.7799095816283723,0.5831782079920576,0.7190132873060201
603393.SH,20260122,missed_A,missed_A,mixed_A,0.4421466277263927,0.5873235755358075,0.463631906543929,0.7003909158600149,0.5007722854317616
603599.SH,20260122,missed_A,missed_A,mixed_A,0.5629194777457847,0.5752744380554103,0.5309294175688283,0.7509928021841648,0.5843684573982652
603612.SH,20260122,missed_A,missed_A,mixed_A,0.4727864894238943,0.7989022477783585,0.5240502848204911,0.32231943410275504,0.49564395581031906
603881.SH,20260122,missed_A,missed_A,mixed_A,0.5381974467233843,0.23721902770517508,0.4312063845033998,0.5548212956068503,0.48384541659908714
000301.SZ,20260123,missed_A,missed_A,mixed_A,0.5846280562633972,0.6494511238891792,0.54515245481917,0.5833953834698437,0.5810565617458856
000659.SZ,20260123,selected_A,selected_A,high_momentum_frontline_A,0.8993046487868277,0.5639832723470988,0.7215215295786919,0.6978158351948374,0.7911034093020222
000983.SZ,20260123,missed_A,missed_A,mixed_A,0.16356321898194004,0.7200731834814428,0.27090457561187536,0.1801315462894018,0.2485348036854934
002206.SZ,20260123,missed_A,missed_A,mixed_A,0.6993450750505751,0.40117616309461573,,0.5833953834698437,
002667.SZ,20260123,missed_A,missed_A,high_momentum_frontline_A,0.840373940510298,0.3478567694720334,,0.8965624224373294,
002948.SZ,20260123,missed_A,missed_A,mixed_A,0.0366602958695345,0.6834553058024047,,0.11758500868701913,
002995.SZ,20260123,missed_A,missed_A,mixed_A,0.9039771903356747,0.2674072138003136,,0.5665797964755522,
600075.SH,20260123,selected_A,selected_A,high_momentum_frontline_A,0.8213896346821095,0.41338212232096183,0.6539541092600236,0.9175663936460661,0.7531565159350668
600111.SH,20260123,missed_A,missed_A,mixed_A,0.3653118634458778,0.6552273915316257,0.4359992715904555,0.8965624224373294,0.4916628521393147
600230.SH,20260123,selected_A,selected_A,high_momentum_frontline_A,0.8726446133941691,0.26926293779404076,0.6179230714414725,0.9175663936460661,0.7553643273837667
600262.SH,20260123,missed_A,missed_A,chip_support_A,0.5040987995771189,0.5841348667015159,0.6937080926910533,0.7437639612807149,0.5954545038235816
600301.SH,20260123,selected_A,selected_A,high_momentum_frontline_A,0.9029154147921414,0.12848928384736016,0.833404813213249,0.8965624224373294,0.8071422024497183
600409.SH,20260123,missed_A,missed_A,mixed_A,0.7327203894377765,0.5171197072660743,0.7184365954769929,0.5833953834698437,0.6851906218352205
600452.SH,20260123,missed_A,missed_A,mixed_A,0.6833903368029747,0.31509409304756925,0.5313602015704453,0.2094192107222636,0.5374575097071951
600618.SH,20260123,missed_A,missed_A,high_momentum_frontline_A,0.7430139149258433,0.3080240460010455,0.7956824838389999,0.9175663936460661,0.7388649420696861
600750.SH,20260123,missed_A,missed_A,mixed_A,0.03003206616526776,0.9170151594354417,0.3832877920922665,0.3388868205510052,0.2533725201318955
600821.SH,20260123,missed_A,missed_A,mixed_A,0.20417978312473403,0.39553058024046,0.3734436132242315,0.6182985852568876,0.327748640681004
601108.SH,20260123,missed_A,missed_A,mixed_A,0.20491515004374047,0.39100888656560373,0.5246395284048825,0.25657731447009186,0.31120494295016504
601388.SH,20260123,selected_A,selected_A,high_momentum_frontline_A,0.7561205844232944,0.692890747516989,0.7964792912900538,0.7576942169272772,0.7601233223249513
601678.SH,20260123,missed_A,missed_A,high_momentum_frontline_A,0.7170950057468554,0.472164140094093,0.7575330586622343,0.9175663936460661,0.7327821405953054
601699.SH,20260123,missed_A,missed_A,mixed_A,0.22965331629644212,0.6749607945635128,0.11823431555198964,0.1801315462894018,0.23890104843598003
601702.SH,20260123,missed_A,missed_A,mixed_A,0.47411541845949656,0.5095530580240459,0.5392613487607221,0.7576942169272772,0.536482484761425
603012.SH,20260123,missed_A,missed_A,high_momentum_frontline_A,0.829373422091111,0.5431521170935703,0.611342565486263,0.7437639612807149,0.7334021583185855
605056.SH,20260123,missed_A,missed_A,mixed_A,0.2779464241856746,0.3530057501306848,0.6878799558855406,0.5206626954579301,0.42434318039598046
000998.SZ,20260126,missed_A,missed_A,mixed_A,0.12077782944159283,0.782932566649242,0.2823732829829622,0.3297654504839911,0.25874030970405987
002131.SZ,20260126,missed_A,missed_A,mixed_A,0.9050380880452763,0.17668583376894928,,0.22905807892777363,
002218.SZ,20260126,missed_A,missed_A,mixed_A,0.9024708189217298,0.19979090433873498,,0.3794676098287416,
002319.SZ,20260126,missed_A,missed_A,mixed_A,0.7113667016043259,0.5316779926816518,,0.41337800943162073,
002541.SZ,20260126,missed_A,missed_A,mixed_A,0.8180824178955501,0.6326973340303189,,0.29517249937949863,
002575.SZ,20260126,missed_A,missed_A,mixed_A,0.5304480202260202,0.680920020909566,,0.18726731198808635,
600059.SH,20260126,missed_A,missed_A,mixed_A,0.18128243631460028,0.5353894406691061,0.18274049541705084,0.15503226607098536,0.21312012598912128
600313.SH,20260126,missed_A,missed_A,steady_structure_A,0.23914012221426553,0.6870883429168845,0.6324604347757048,0.3297654504839911,0.3958588216653461
600354.SH,20260126,missed_A,missed_A,steady_structure_A,0.13390199713553685,0.6556717198118138,0.6805119431552696,0.3297654504839911,0.35211097391036594
600487.SH,20260126,selected_A,selected_A,mixed_A,0.7571615827510452,0.4365656037637219,0.8821591601450467,0.5135269297592454,0.7198061812520433
601579.SH,20260126,missed_A,missed_A,mixed_A,0.09946741106036464,0.6898588604286461,0.17420357779561774,0.15503226607098536,0.18552532593259918
603353.SH,20260126,selected_A,selected_A,mixed_A,0.8934583408158897,0.23076319916361732,0.8965692708324777,0.3709667411268305,0.7495928192014505
605337.SH,20260126,missed_A,missed_A,mixed_A,0.21244402979407603,0.656717198118139,0.25346933205736505,0.11134896996773394,0.25196341321835325
000607.SZ,20260127,missed_A,missed_A,mixed_A,0.7126337934650656,0.2737584945112389,0.5777485981127841,0.3773268801191363,0.5847289277297232
000630.SZ,20260127,missed_A,missed_A,mixed_A,0.8382866116361436,0.2301097752221641,0.7635683056428977,0.4298833457433606,0.6975288616125167
002137.SZ,20260127,missed_A,missed_A,mixed_A,0.33717656692380893,0.759174072138003,,0.8139426656738645,
002149.SZ,20260127,missed_A,missed_A,mixed_A,0.06935480842962383,0.4739153162571876,,0.5170327624720774,
002531.SZ,20260127,missed_A,missed_A,mixed_A,0.3877721050568841,0.6825535807631992,,0.6481757259865971,
600232.SH,20260127,missed_A,missed_A,steady_structure_A,0.5191839193705339,0.6082331416623104,0.6701975560576929,0.20284189625217178,0.518390947303747
601869.SH,20260127,missed_A,missed_A,mixed_A,0.21120910427511097,0.5649764767381076,0.9156140632478821,0.6830789277736411,0.4934675547893829
603163.SH,20260127,missed_A,missed_A,mixed_A,0.7885453945491475,0.3001829587036069,0.484783548473066,0.45563415239513533,0.6138320031224712
603191.SH,20260127,missed_A,missed_A,high_momentum_frontline_A,0.8334809455186272,0.24905906952430734,0.729356907144288,0.6481757259865971,0.7212119653958059
605289.SH,20260127,missed_A,missed_A,mixed_A,0.2832964515845205,0.36931521170935705,0.6115901793622458,0.45563415239513533,0.3998224146630277
000042.SZ,20260128,missed_A,missed_A,mixed_A,0.5338022839837903,0.6956612650287507,0.3774388597887503,0.47812732688011916,0.5025460824739757
002181.SZ,20260128,missed_A,missed_A,mixed_A,0.7998860417792798,0.3670674333507579,,0.07306403574087864,
002438.SZ,20260128,missed_A,missed_A,mixed_A,0.37481337223919364,0.5281756403554626,,0.29058078927773645,
002440.SZ,20260128,missed_A,missed_A,mixed_A,0.9047299076483563,0.14302143230527967,,0.5548833457433606,
002455.SZ,20260128,missed_A,missed_A,mixed_A,0.4832645880528281,0.5987454260324098,,0.8310374782824523,
002491.SZ,20260128,missed_A,missed_A,mixed_A,0.4138667572236928,0.7061421850496602,,0.48380491437081163,
002729.SZ,20260128,missed_A,missed_A,mixed_A,0.5395463238721302,0.7376372190277052,,0.44285182427401343,
600621.SH,20260128,missed_A,missed_A,mixed_A,0.28110408788925645,0.8066257187663356,0.19216880148078652,0.1390233308513279,0.2901103158191576
600722.SH,20260128,selected_A,selected_A,high_momentum_frontline_A,0.8508908968051513,0.19623627809722946,0.7601504049939859,0.8310374782824523,0.759762299203163
600740.SH,20260128,missed_A,missed_A,mixed_A,0.6099605714531064,0.592890747516989,0.4432312472675842,0.5727537850583271,0.5609902400538973
600792.SH,20260128,missed_A,missed_A,mixed_A,0.30201781849679077,0.4596576058546785,0.26096262622304084,0.5727537850583271,0.34812839414837254
601018.SH,20260128,missed_A,missed_A,mixed_A,0.22372824588704793,0.3020125457396759,0.40773101287334024,0.33178207992057585,0.293765442723913
601799.SH,20260128,missed_A,missed_A,mixed_A,0.287865733119885,0.3819393622582331,0.3425676608533922,0.46956440804169763,0.33820337920536847
603629.SH,20260128,missed_A,missed_A,mixed_A,0.7976986284981811,0.19950339780449555,0.6853481538705715,0.44285182427401343,0.6565644661382849
603833.SH,20260128,missed_A,missed_A,mixed_A,0.4532345311949738,0.5336644014636696,0.4581054022378099,0.2186336559940432,0.42730510470241284
603958.SH,20260128,missed_A,missed_A,high_momentum_frontline_A,0.7478399777205839,0.2987715629900679,0.365183506092021,0.6223938942665674,0.5884521058222891
000029.SZ,20260129,missed_A,missed_A,mixed_A,0.056051292432546425,0.5875718766335598,0.09683498543532913,0.5800757011665426,0.19800293541344288
000423.SZ,20260129,missed_A,missed_A,mixed_A,0.20422429288394123,0.4342394145321484,0.3669800619007312,0.32107843137254904,0.28544286807625063
000558.SZ,20260129,missed_A,missed_A,mixed_A,0.14438815924546194,0.3104547830632514,0.08086778983476009,0.21506577314470093,0.15571637135945127
000799.SZ,20260129,missed_A,missed_A,mixed_A,0.16224841527030337,0.36069001568217457,0.4900606788930271,0.7813042938694466,0.35690402300704294
000995.SZ,20260129,missed_A,missed_A,mixed_A,0.5853967645942622,0.4957135389440669,0.5352297169191812,0.7813042938694466,0.59327280950175
002161.SZ,20260129,missed_A,missed_A,mixed_A,0.6384514572960907,0.5405906952430737,,0.23166418466120625,
002905.SZ,20260129,missed_A,missed_A,mixed_A,0.09591950440560976,0.7475431259801358,,0.43875651526433357,
600054.SH,20260129,missed_A,missed_A,mixed_A,0.40685903551335056,0.5176816518557239,0.38258382713352146,0.21506577314470093,0.3831035056973332
600395.SH,20260129,missed_A,missed_A,mixed_A,0.24810067383580248,0.5017381076842655,0.17474152686123617,0.209915611814346,0.24939687117378873
600519.SH,20260129,missed_A,missed_A,mixed_A,0.16758531263255622,0.49887611082070044,0.45747552588517365,0.7813042938694466,0.36524479295005857
600754.SH,20260129,missed_A,missed_A,steady_structure_A,0.44311228415785564,0.6125980135912179,0.6118532578609681,0.1614854802680566,0.4600020799435001
600763.SH,20260129,missed_A,missed_A,mixed_A,0.6857155648162808,0.5726868792472556,0.5800006054435003,0.21025688756515265,0.576665154828514
600984.SH,20260129,missed_A,missed_A,mixed_A,0.08475917698634855,0.63170412963931,0.3738535391497054,0.10927029039463887,0.21540392980372747
601116.SH,20260129,missed_A,missed_A,mixed_A,0.7196612872274553,0.16220595922634606,0.4001459674216641,0.14901340282948622,0.49843974181620115
603317.SH,20260129,missed_A,missed_A,mixed_A,0.189014945075595,0.2653946680606377,0.46666250522038577,0.552680565897245,0.32061465053354443
603919.SH,20260129,missed_A,missed_A,mixed_A,0.1953015245066359,0.36578672242550964,0.45412206898661045,0.7813042938694466,0.3649555958229385
605118.SH,20260129,missed_A,missed_A,mixed_A,0.8805252874660037,0.32723470987976994,0.5189019695452534,0.200204765450484,0.6327423219248648
000672.SZ,20260130,missed_A,missed_A,chip_support_A,0.5276149592735149,0.5633559853633037,0.7616523350993666,0.10188632414991314,0.5258391105704163
001316.SZ,20260130,selected_A,selected_A,mixed_A,0.8588922014974417,0.21816518557239933,0.6597793244486456,0.10365475304045668,0.6317556633741906
001330.SZ,20260130,selected_A,selected_A,mixed_A,0.8256322985332547,0.5208311552535284,0.6815646873748682,0.38843385455448004,0.6935555148188692
002150.SZ,20260130,missed_A,missed_A,mixed_A,0.7576133032799882,0.18416100365917407,,0.38806155373541823,
002350.SZ,20260130,missed_A,missed_A,mixed_A,0.6345658618534441,0.6418452692106638,,0.4713948870687515,
002983.SZ,20260130,missed_A,missed_A,mixed_A,0.3864259340659601,0.45836382645060114,,0.5589786547530405,
600983.SH,20260130,missed_A,missed_A,mixed_A,0.6857707711100056,0.8027966544694198,0.47214611416740143,0.3578741623231571,0.5948827038922687
601599.SH,20260130,missed_A,missed_A,chip_support_A,0.5939763421107107,0.3570177731312075,0.723110881345042,0.3958488458674609,0.5728449955848557
603391.SH,20260130,missed_A,missed_A,steady_structure_A,0.3273589932154629,0.6700209095661265,0.8330487553325375,0.530994043186895,0.5185928828755128
603618.SH,20260130,missed_A,missed_A,mixed_A,0.5391062740495116,0.4042864610559331,0.44788345869690255,0.4713948870687515,0.4926618808648875
603867.SH,20260130,missed_A,missed_A,mixed_A,0.5786067828147049,0.3808416100365917,0.38979016141796435,0.6720340034748077,0.5256401932867238
000657.SZ,20260202,selected_A,selected_A,mixed_A,0.9060899318567455,0.2749607945635128,0.6254359212757618,0.1313291139240506,0.6565993927922721
000700.SZ,20260202,missed_A,missed_A,mixed_A,0.18211761507732827,0.43382122320961836,0.639202425575623,0.4162943658476049,0.35668569113067244
000767.SZ,20260202,missed_A,missed_A,mixed_A,0.6737976735667502,0.7348013591217981,0.40249550669402273,0.08507073715562175,0.5237634599424038
000778.SZ,20260202,missed_A,missed_A,mixed_A,0.7244942977487807,0.36319916361735494,0.6345480493337892,0.08730454206999257,0.570299758880072
000815.SZ,20260202,missed_A,missed_A,mixed_A,0.8178556437695941,0.22511761630946156,0.5030882976767006,0.30649664929262843,0.6031861553288126
002054.SZ,20260202,missed_A,missed_A,mixed_A,0.7263740336102987,0.3325666492420282,,0.07169893273765202,
002099.SZ,20260202,missed_A,missed_A,mixed_A,0.46674650754305846,0.75041819132253,,0.23867585008687023,
002723.SZ,20260202,missed_A,missed_A,mixed_A,0.3769439976190781,0.6664662833246209,,0.141319185902209,
002830.SZ,20260202,missed_A,missed_A,mixed_A,0.8974140069240675,0.5428254051228437,,0.1119384462645818,
600316.SH,20260202,selected_A,selected_A,mixed_A,0.819964854041312,0.6909827496079456,0.6315074635773716,0.14349094068006948,0.6584812089778039
600330.SH,20260202,missed_A,missed_A,chip_support_A,0.5690270157871403,0.3661265028750653,0.7248597878116088,0.28654753040456693,0.5453232346946639
600331.SH,20260202,missed_A,missed_A,mixed_A,0.6713143277414885,0.3079979090433873,0.5575177778627798,0.02509928021841648,0.5096012912735404
600345.SH,20260202,missed_A,missed_A,mixed_A,0.37624639393644566,0.5903554626241505,0.6047690369936147,0.30649664929262843,0.4443254998729358
600796.SH,20260202,missed_A,missed_A,mixed_A,0.5242470457046267,0.45935703084161006,0.518297323916262,0.1435529908165798,0.4591665055380268
600869.SH,20260202,selected_A,selected_A,high_momentum_frontline_A,0.9022715505024322,0.38408259278619966,0.7480511329107276,0.6804417969719533,0.778623087303311
600966.SH,20260202,missed_A,missed_A,chip_support_A,0.5857027914591366,0.4180867746994249,0.6757346693140349,0.0938818565400844,0.5176760190090322
601339.SH,20260202,missed_A,missed_A,mixed_A,0.7399841235328761,0.3801881860951385,0.5290224934775979,0.10418217920079426,0.5558938306254705
601975.SH,20260202,missed_A,missed_A,mixed_A,0.7166441396363301,0.2869053842132776,0.5324052056564067,0.04601017622238769,0.5270154360869527
603059.SH,20260202,missed_A,missed_A,mixed_A,0.8664892520851124,0.46377417668583376,0.5549360267590382,0.15106105733432612,0.641015209001048
603281.SH,20260202,missed_A,missed_A,mixed_A,0.620819787213755,0.6069524307370622,0.5488976899827339,0.027829486224869693,0.5125039821099977
000039.SZ,20260203,missed_A,missed_A,mixed_A,0.33424541973127375,0.512415054887611,0.7571048129864033,0.33302308265078184,0.4575938809986161
000070.SZ,20260203,missed_A,missed_A,mixed_A,0.2899271290667749,0.3691845269210664,0.5334419181388761,0.7620067014147431,0.4295435019724246
000425.SZ,20260203,missed_A,missed_A,mixed_A,0.08289967715922542,0.4525614218504965,0.607511907251062,0.6263651030032266,0.3325387230279118
000798.SZ,20260203,missed_A,missed_A,mixed_A,0.4210737928636427,0.42200731834814426,0.4667605886318831,0.1284748076445768,0.3886989965712931
001979.SZ,20260203,missed_A,missed_A,mixed_A,0.666608587164458,0.3250914793518034,0.4537457162330119,0.46562422437329365,0.5490935042316564
002079.SZ,20260203,missed_A,missed_A,mixed_A,0.6281136427469654,0.5077365394668061,,0.805565897244974,
002162.SZ,20260203,missed_A,missed_A,mixed_A,0.4736637377947607,0.7322530057501307,,0.19871556217423678,
002292.SZ,20260203,missed_A,missed_A,mixed_A,0.2465907372122142,0.7715107161526398,,0.6297778605112931,
002343.SZ,20260203,missed_A,missed_A,mixed_A,0.4202625580141946,0.7669106116048091,,0.6297778605112931,
002534.SZ,20260203,missed_A,missed_A,mixed_A,0.5363045903004136,0.20527966544694196,,0.7607967237527922,
600072.SH,20260203,missed_A,missed_A,mixed_A,0.24058434532923823,0.2797961317302666,0.2028924359221362,0.805565897244974,0.3198297794049259
600233.SH,20260203,missed_A,missed_A,mixed_A,0.2679548543176764,0.4029273392577104,0.19327766460260495,0.4637937453462398,0.29215863903719647
600893.SH,20260203,missed_A,missed_A,mixed_A,0.7668924661598461,0.6014898065865133,0.5513178995303276,0.5824646314221892,0.6687943833344846
601872.SH,20260203,selected_A,selected_A,mixed_A,0.8603657877142444,0.735363303711448,0.6473649401436185,0.381608339538347,0.7228017101949237
601921.SH,20260203,missed_A,missed_A,mixed_A,0.29175088271271504,0.745125457396759,0.24282071511638323,0.34056217423678337,0.3321774920106467
603042.SH,20260203,missed_A,missed_A,mixed_A,0.25942505219922213,0.4188578149503398,0.7479467330182681,0.7620067014147431,0.47288599606142356
603285.SH,20260203,selected_A,selected_A,high_momentum_frontline_A,0.8987209482875711,0.5468374281233663,0.9012022121059445,0.7725862496897493,0.8452327074360707
603730.SH,20260203,missed_A,missed_A,high_momentum_frontline_A,0.7542006954510702,0.6804234187140616,0.4674030823019087,0.7412819558203028,0.6731857535454638
002015.SZ,20260204,missed_A,missed_A,mixed_A,0.4274691697971152,0.3769210663878724,,0.5809754281459418,
002283.SZ,20260204,missed_A,missed_A,high_momentum_frontline_A,0.8930317880977428,0.25554103502352327,,0.7071543807396377,
002309.SZ,20260204,missed_A,missed_A,mixed_A,0.04521329300575143,0.589440669106116,,0.8153387937453462,
002342.SZ,20260204,missed_A,missed_A,mixed_A,0.9090138465489213,0.2532148457919498,,0.4433172002978407,
002408.SZ,20260204,missed_A,missed_A,mixed_A,0.7449614730757622,0.38136434918975426,,0.5886075949367089,
002429.SZ,20260204,missed_A,missed_A,mixed_A,0.8666749923770041,0.4991113434396236,,0.5028232812112187,
002506.SZ,20260204,missed_A,missed_A,high_momentum_frontline_A,0.9009203525630773,0.11510716152639833,,0.8153387937453462,
002548.SZ,20260204,missed_A,missed_A,mixed_A,0.4112197146951744,0.4630684788290642,,0.12800943162074957,
002556.SZ,20260204,missed_A,missed_A,mixed_A,0.3094529192387078,0.439231573444851,,0.363024323653512,
002636.SZ,20260204,missed_A,missed_A,mixed_A,0.9019462583622658,0.36134343962362775,,0.432644576818069,
002831.SZ,20260204,missed_A,missed_A,mixed_A,0.457915960848248,0.32987454260324095,,0.293993546785803,
002969.SZ,20260204,missed_A,missed_A,mixed_A,0.9096273427477815,0.5278097229482488,,0.293993546785803,
600149.SH,20260204,missed_A,missed_A,mixed_A,0.7480580614624512,0.39576581285938317,0.5004616819580262,0.2835691238520725,0.5812564010844814
600188.SH,20260204,missed_A,missed_A,mixed_A,0.5170610751632202,0.4534762153685311,0.46125183891729804,0.7737341772151899,0.5352512454300662
600418.SH,20260204,missed_A,missed_A,mixed_A,0.22617823946451218,0.3818609513852588,0.4200212577940095,0.3953524447753785,0.31558339603559116
600683.SH,20260204,selected_A,selected_A,high_momentum_frontline_A,0.8872556196408042,0.1782279142707789,0.6744798876597239,0.7521097046413503,0.7428870288586136
600708.SH,20260204,missed_A,missed_A,mixed_A,0.6372134156095061,0.5009670674333507,0.44296681160546014,0.6370687515512534,0.5750054301821411
600814.SH,20260204,missed_A,missed_A,chip_support_A,0.5786575255377326,0.39681129116570824,0.6330887584082531,0.5623603871928518,0.5716361395664282
601222.SH,20260204,missed_A,missed_A,mixed_A,0.48494708517239576,0.5489806586513329,0.3391344129157525,0.5809754281459418,0.46930152590216057
603150.SH,20260204,selected_A,selected_A,mixed_A,0.8426845679835233,0.3706743335075797,0.7878741126517589,0.40856912385207245,0.7166636140832702
603638.SH,20260204,missed_A,missed_A,high_momentum_frontline_A,0.8051087825000842,0.6534239414532148,0.5048044444872062,0.6377513030528668,0.6897605919750952
605006.SH,20260204,missed_A,missed_A,mixed_A,0.7058240483474555,0.6130946157867224,0.5179874213246118,0.5552246214941673,0.627002034307678
605111.SH,20260204,missed_A,missed_A,mixed_A,0.7357172201989671,0.19631468897020385,0.5167436847119337,0.021748572846860263,0.5199382861015164
000534.SZ,20260205,selected_A,selected_A,mixed_A,0.8982119614257272,0.3400156821745948,0.6316846966020149,0.16117522958550506,0.6652050075186525
000586.SZ,20260205,missed_A,missed_A,mixed_A,0.5264723679737512,0.2416884474647151,0.53451554390142,0.32449118888061557,0.46970759304079446
002001.SZ,20260205,missed_A,missed_A,mixed_A,0.5654491870222156,0.5316518557239938,,0.07523579051873913,
002008.SZ,20260205,missed_A,missed_A,mixed_A,0.7445372756324948,0.5816257187663355,,0.15894142467113428,
002126.SZ,20260205,missed_A,missed_A,mixed_A,0.6139567957483225,0.1975431259801359,,0.5848535616778358,
002290.SZ,20260205,missed_A,missed_A,mixed_A,0.7557748785385036,0.5170151594354416,,0.1802246214941673,
002378.SZ,20260205,missed_A,missed_A,mixed_A,0.900586848019747,0.43008363826450596,,0.07235045917101018,
002478.SZ,20260205,missed_A,missed_A,mixed_A,0.702075896630451,0.5913225300575012,,0.16133035492678086,
002493.SZ,20260205,missed_A,missed_A,mixed_A,0.8051187791120095,0.5990329325666492,,0.03552370315214694,
002498.SZ,20260205,missed_A,missed_A,mixed_A,0.9003632316712054,0.40896497647673813,,0.497517994539588,
002539.SZ,20260205,missed_A,missed_A,mixed_A,0.793857519300446,0.4659696811291165,,0.14265326383718044,
002545.SZ,20260205,missed_A,missed_A,mixed_A,0.8247861823105156,0.6028227914270778,,0.14265326383718044,
002634.SZ,20260205,missed_A,missed_A,mixed_A,0.4339929337247719,0.2179038159958181,,0.5534872176718788,
002922.SZ,20260205,missed_A,missed_A,mixed_A,0.7345549663101535,0.4754312598013591,,0.497517994539588,
600163.SH,20260205,missed_A,missed_A,mixed_A,0.4599458163405238,0.7833768949294302,0.3010575783808798,0.09000372300819062,0.39707555070965345
600259.SH,20260205,selected_A,selected_A,mixed_A,0.8845578434862276,0.6015682174594877,0.5618610292836751,0.07235045917101018,0.6537535696856328
600989.SH,20260205,missed_A,missed_A,mixed_A,0.633179171673004,0.5893361212754835,0.5036074811227176,0.20367957309506082,0.5319770042089887
603095.SH,20260205,selected_A,selected_A,mixed_A,0.8484034187648618,0.5046262415054887,0.6423963179961354,0.27466492926284436,0.6764631524214403
603115.SH,20260205,missed_A,missed_A,mixed_A,0.647227101537684,0.563003136434919,0.4526436330615017,0.13139116406056092,0.5127834472867935
603232.SH,20260205,missed_A,missed_A,mixed_A,0.3110395103242035,0.463617354939885,0.6524913452477418,0.20271779597915116,0.3954119963648984
603619.SH,20260205,missed_A,missed_A,mixed_A,0.8961911067191725,0.18716675378985884,0.5130992903091415,0.020600645321419708,0.5981771481140704
605060.SH,20260205,selected_A,selected_A,mixed_A,0.8784597616746104,0.321955044432828,0.7818325491901333,0.2213018118639861,0.7000787943577192
605376.SH,20260205,selected_A,selected_A,mixed_A,0.9064706129940607,0.2884474647151072,0.7829270721401576,0.07235045917101018,0.688664389879232
000973.SZ,20260206,missed_A,missed_A,mixed_A,0.06835748790336744,0.6825143753267119,0.4902308210322311,0.4741250930752048,0.2961066507036934
002092.SZ,20260206,missed_A,missed_A,high_momentum_frontline_A,0.8731606745798026,0.6055933089388394,,0.7213948870687517,
002318.SZ,20260206,missed_A,missed_A,mixed_A,0.7410719312930727,0.5876372190277052,,0.03192479523454952,
002624.SZ,20260206,missed_A,missed_A,mixed_A,0.7053686181918842,0.33659174072138,,0.20805410771903698,
002812.SZ,20260206,missed_A,missed_A,mixed_A,0.5442336572654055,0.3632775744903294,,0.8419893273765202,
002842.SZ,20260206,missed_A,missed_A,mixed_A,0.9077891404166005,0.38146889702038683,,0.5808513278729214,
002850.SZ,20260206,missed_A,missed_A,mixed_A,0.29264545054070223,0.19181913225300573,,0.8419893273765202,
002897.SZ,20260206,missed_A,missed_A,mixed_A,0.20721835374210784,0.26084683742812337,,0.526650533631174,
600352.SH,20260206,selected_A,selected_A,mixed_A,0.8980942434577969,0.4853110297961317,0.5488465401759087,0.4653139736907421,0.7045869558061001
600875.SH,20260206,missed_A,missed_A,mixed_A,0.2310265280428677,0.214427600627287,0.5777038821209327,0.8419893273765202,0.4076803937208737
601118.SH,20260206,missed_A,missed_A,mixed_A,0.7965949950540117,0.2361212754835337,0.46587501408985926,0.09816331595929512,0.5531028759917183
603002.SH,20260206,selected_A,selected_A,high_momentum_frontline_A,0.7897300901256561,0.574594877156299,0.6147029646471841,0.7213948870687517,0.7142095070005667
603301.SH,20260206,missed_A,missed_A,mixed_A,0.47220066161128993,0.4749869315211709,0.5183234659340644,0.3565400843881857,0.466660903099506
605196.SH,20260206,selected_A,selected_A,high_momentum_frontline_A,0.8710769276671586,0.5315995818086775,0.7352079749268168,0.8419893273765202,0.7987988148526293
000571.SZ,20260209,missed_A,missed_A,mixed_A,0.6991904500650993,0.3937271301620491,0.7610626456457309,0.4536175229585505,0.6472762279039699
001217.SZ,20260209,missed_A,missed_A,steady_structure_A,0.4769097773182001,0.689257710402509,0.6231042363288471,0.8803673368081409,0.5952118193027839
001231.SZ,20260209,missed_A,missed_A,steady_structure_A,0.34535112215001945,0.7341087297438578,0.7200512561896624,0.532638371804418,0.5059950038674738
002208.SZ,20260209,missed_A,missed_A,mixed_A,0.47339197388191634,0.6437271301620492,,0.7139798957557707,
002323.SZ,20260209,missed_A,missed_A,high_momentum_frontline_A,0.7304974205982478,0.3002875065342394,,0.6984053114916853,
002448.SZ,20260209,missed_A,missed_A,mixed_A,0.6282343755148128,0.22433350757971773,,0.796289401836684,
002497.SZ,20260209,missed_A,missed_A,mixed_A,0.6108077948245506,0.25891270256142185,,0.735728468602631,
002601.SZ,20260209,missed_A,missed_A,mixed_A,0.4757876026780113,0.3501306847882906,,0.8803673368081409,
003015.SZ,20260209,missed_A,missed_A,mixed_A,0.3355382667066971,0.3069524307370622,,0.8887130801687764,
600176.SH,20260209,selected_A,selected_A,high_momentum_frontline_A,0.8892607369039147,0.6762415054887612,0.6152281164832618,0.6664494911888806,0.7660289717999811
600207.SH,20260209,missed_A,missed_A,mixed_A,0.32192032653494373,0.27867224255096706,0.19648341362499752,0.9544551998014396,0.3811165208990339
600273.SH,20260209,selected_A,selected_A,high_momentum_frontline_A,0.8294087040682768,0.6428123366440147,0.5216743453955044,0.8803673368081409,0.7414592725686371
600550.SH,20260209,selected_A,selected_A,high_momentum_frontline_A,0.8926685137559546,0.5721118661787767,0.6547494969695362,0.9544551998014396,0.8104010977084548
600673.SH,20260209,missed_A,missed_A,chip_support_A,0.47211988565148033,0.576842655514898,0.7630221001739906,0.5222139488706875,0.5628318257513307
601515.SH,20260209,missed_A,missed_A,mixed_A,0.39638198172243666,0.4101150026136957,0.23147953808259172,0.7572908910399603,0.4106660092992299
603328.SH,20260209,missed_A,missed_A,mixed_A,0.2856901155081872,0.3147151071615264,0.4576291004619284,0.8887130801687764,0.4220308056110448
603466.SH,20260209,missed_A,missed_A,mixed_A,0.049651856447904694,0.6952692106638787,0.3650784843292996,0.500186150409531,0.26065039293409475
603608.SH,20260209,missed_A,missed_A,mixed_A,0.6066907474960065,0.588604286461056,0.5526907426671914,0.5185219657483247,0.5781567829231554
603986.SH,20260209,missed_A,missed_A,high_momentum_frontline_A,0.6943337152129118,0.4715891270256142,0.644267431747001,0.6749193348225366,0.656630528469148
605318.SH,20260209,missed_A,missed_A,chip_support_A,0.627038423297081,0.437611082070047,0.7191306613562858,0.3994787788533135,0.5969848020226137
605366.SH,20260209,selected_A,selected_A,high_momentum_frontline_A,0.8825692243921404,0.5399895452169368,0.7508235400500485,0.8803673368081409,0.8150445522514971
000823.SZ,20260210,missed_A,missed_A,chip_support_A,0.4549386699852392,0.48037114479874543,0.6378313796047049,0.6926656738644824,0.5388641454533427
000890.SZ,20260210,missed_A,missed_A,mixed_A,0.1414698050398517,0.7299006795608991,0.4055702053587695,0.2296475552246215,0.2795646550994013
000917.SZ,20260210,missed_A,missed_A,mixed_A,0.04892513042189849,0.6719289074751699,0.5270680139114333,0.6732439811367585,0.32440905660683833
000967.SZ,20260210,missed_A,missed_A,mixed_A,0.4528632938084772,0.7496863565081024,0.5136914163990864,0.2296475552246215,0.4642702699385136
001203.SZ,20260210,missed_A,missed_A,mixed_A,0.20583629758199257,0.41931521170935704,0.7017284747039996,0.22517994539587988,0.35405878044731387
001267.SZ,20260210,missed_A,missed_A,mixed_A,0.796179281525918,0.48136434918975424,0.5546155015281973,0.5887627202779846,0.6731943591056814
002080.SZ,20260210,missed_A,missed_A,mixed_A,0.7453106112111331,0.2064035546262415,,0.33749069247952346,
002266.SZ,20260210,missed_A,missed_A,mixed_A,0.5417744775720541,0.3255488761108207,,0.2296475552246215,
002357.SZ,20260210,missed_A,missed_A,mixed_A,0.8991786025751425,0.44563512807109246,,0.30637254901960786,
002386.SZ,20260210,missed_A,missed_A,mixed_A,0.5532454358442815,0.6380815473078933,,0.630801687763713,
002645.SZ,20260210,missed_A,missed_A,mixed_A,0.46449182397915534,0.13625196027182435,,0.5072908910399603,
002655.SZ,20260210,missed_A,missed_A,mixed_A,0.5958096801756702,0.47441191845269204,,0.6926656738644824,
002806.SZ,20260210,missed_A,missed_A,high_momentum_frontline_A,0.8977511270839299,0.28293256664924205,,0.6590034748076447,
600295.SH,20260210,missed_A,missed_A,mixed_A,0.44894501525699043,0.6806586513329849,0.3720440061993034,0.10554728220402085,0.4013814666422227
600299.SH,20260210,missed_A,missed_A,mixed_A,0.6218857767395065,0.36894929430214324,0.35056823688516686,0.12320054604120129,0.45395995892743946
600339.SH,20260210,missed_A,missed_A,mixed_A,0.6662030051916321,0.22196811291165708,0.47340152551424175,0.31484239265326386,0.5208750541635317
600388.SH,20260210,selected_A,selected_A,mixed_A,0.7752200544745398,0.7386957658128595,0.7421852575759247,0.2296475552246215,0.6814730514962303
600392.SH,20260210,missed_A,missed_A,mixed_A,0.8265804612080008,0.24307370622059588,0.746408362879993,0.3456813104988831,0.6760518885208906
600482.SH,20260210,missed_A,missed_A,mixed_A,0.8610009433295708,0.7172242550967066,0.1607890168637917,0.4174733184413006,0.605041149156599
600507.SH,20260210,missed_A,missed_A,mixed_A,0.4811937956395101,0.29140094093047564,0.5593274437917283,0.10554728220402085,0.42540094519133775
600522.SH,20260210,selected_A,selected_A,mixed_A,0.8986718846172396,0.5198379508625196,0.768109906299405,0.5887627202779846,0.7816616220114206
600589.SH,20260210,selected_A,selected_A,mixed_A,0.7648892645527653,0.4949032932566648,0.8945039732034148,0.5163502109704642,0.7330134865484725
600685.SH,20260210,missed_A,missed_A,steady_structure_A,0.44654592165068313,0.6599320439100889,0.659928545933567,0.4174733184413006,0.5168692994659373
600871.SH,20260210,missed_A,missed_A,mixed_A,0.8876080845792117,0.29499477260846835,0.5170557071380616,0.31484239265326386,0.6497938052329576
601568.SH,20260210,missed_A,missed_A,mixed_A,0.4721385455137284,0.6080763199163617,0.41975994321659615,0.630801687763713,0.4964371437172064
601636.SH,20260210,missed_A,missed_A,mixed_A,0.7705442876649378,0.5324621014113957,0.49237716517429536,0.33749069247952346,0.6122362491391108
601778.SH,20260210,missed_A,missed_A,mixed_A,0.5965346108161265,0.3296001045478306,0.580744937213397,0.11386200049640109,0.49349285024065576
601866.SH,20260210,missed_A,missed_A,mixed_A,0.38930993138393244,0.43154730789336115,0.4687867710125855,0.34087242491933484,0.4061372529723489
603088.SH,20260210,missed_A,missed_A,mixed_A,0.4062524032751929,0.5519341348667014,0.5076647660903455,0.203307272275999,0.41573189748825284
603186.SH,20260210,selected_A,selected_A,high_momentum_frontline_A,0.9025500273200904,0.6713016204913748,0.8419628001120462,0.6926656738644824,0.8327957268168665
603279.SH,20260210,missed_A,missed_A,mixed_A,0.5495431586896746,0.2744119184526921,0.44011616614715077,0.2296475552246215,0.4466889460105874
603338.SH,20260210,missed_A,missed_A,mixed_A,0.28115207750319043,0.336983795086252,0.42450241970110025,0.25102382725241995,0.31805359727335847
603612.SH,20260210,missed_A,missed_A,mixed_A,0.7772894778130945,0.3409827496079456,0.6176216442765994,0.18838421444527179,0.6054060571032824
603960.SH,20260210,selected_A,selected_A,high_momentum_frontline_A,0.8307117227585973,0.4647412441191845,0.7341967591250856,0.6590034748076447,0.7442296967936352
605589.SH,20260210,missed_A,missed_A,mixed_A,0.5510458300675152,0.3675901725039205,0.45732253406734363,0.630801687763713,0.5212328189655425
000422.SZ,20260211,missed_A,missed_A,mixed_A,0.47989122391339784,0.2770778881338212,0.512669726581246,0.5655869942913874,0.48065888155910064
000533.SZ,20260211,missed_A,missed_A,mixed_A,0.7841026725824954,0.06957658128593831,0.5832617947864118,0.5135269297592454,0.6218534825803314
000792.SZ,20260211,missed_A,missed_A,steady_structure_A,0.29386323258428315,0.6219811813904861,0.642437940281212,0.5655869942913874,0.4545772686452013
000899.SZ,20260211,missed_A,missed_A,steady_structure_A,0.33264872961245595,0.8345007841087297,0.5996106036154364,0.19126954579300073,0.4283675259899102
002145.SZ,20260211,missed_A,missed_A,mixed_A,0.41695095041011776,0.29952953476215366,,0.7904566890047159,
002169.SZ,20260211,missed_A,missed_A,mixed_A,0.8182387561135784,0.5091217982226869,,0.5135269297592454,
002240.SZ,20260211,missed_A,missed_A,mixed_A,0.47415710138512335,0.3666231050705698,,0.7863924050632912,
002407.SZ,20260211,missed_A,missed_A,mixed_A,0.06725449591472744,0.7173549398849973,,0.7904566890047159,
002859.SZ,20260211,missed_A,missed_A,mixed_A,0.8995164032190355,0.697569262937794,,0.5264023330851328,
002886.SZ,20260211,missed_A,missed_A,mixed_A,0.5731460131630319,0.6561421850496602,,0.38433854554480024,
600111.SH,20260211,missed_A,missed_A,high_momentum_frontline_A,0.6996209184158036,0.1757971772085729,0.6685467721139607,0.7863924050632912,0.652485730716743
600230.SH,20260211,selected_A,selected_A,high_momentum_frontline_A,0.8970772153966604,0.4897020386826973,0.5742691753304145,0.7904566890047159,0.7596446087499109
600262.SH,20260211,missed_A,missed_A,mixed_A,0.748935921617737,0.31359121798222683,0.6498084170257283,0.5061429635145197,0.6442006313907013
600428.SH,20260211,missed_A,missed_A,mixed_A,0.5792915519293296,0.45060115002613693,0.53988668819824,0.24618391660461653,0.506605150507531
600590.SH,20260211,selected_A,selected_A,mixed_A,0.8782192377965634,0.32746994249869316,0.7592181002262435,0.356819310002482,0.7151840347050843
600596.SH,20260211,missed_A,missed_A,chip_support_A,0.5267161013959021,0.22386304234187138,0.6254474943204472,0.7904566890047159,0.5606747318629574
600821.SH,20260211,missed_A,missed_A,chip_support_A,0.6559303634604146,0.45595922634605324,0.6071906819272846,0.1678766443286175,0.5505402714959263
601208.SH,20260211,missed_A,missed_A,chip_support_A,0.5066741236063171,0.22124934657605855,0.756994429059348,0.7904566890047159,0.5832791070763088
603181.SH,20260211,missed_A,missed_A,mixed_A,0.43118956386175933,0.7424986931521171,0.24612615111509945,0.7904566890047159,0.46994469237557357
603256.SH,20260211,selected_A,selected_A,mixed_A,0.9081461017363802,0.4610559330893884,0.6630198317164315,0.5384710846363862,0.7467042648016948
603315.SH,20260211,missed_A,missed_A,chip_support_A,0.4593734982985924,0.33588604286461055,0.6149312849005129,0.2598969967733929,0.4559927241768944
603393.SH,20260211,missed_A,missed_A,mixed_A,0.44636051623743433,0.3674333507579718,0.3581970518343334,0.22787912633407795,0.3836547251032094
603688.SH,20260211,missed_A,missed_A,mixed_A,0.6865138508802264,0.3529796131730266,0.671763116397608,0.3401278232812113,0.5975148393489995
605056.SH,20260211,missed_A,missed_A,mixed_A,0.8646323979460706,0.6229221118661787,0.49080460781615043,0.11615785554728222,0.6347332404457832
000688.SZ,20260212,selected_A,selected_A,mixed_A,0.8388661468031134,0.27237323575535805,0.8336540775876629,0.37847480764457686,0.7118551375206948
000779.SZ,20260212,missed_A,missed_A,mixed_A,0.694466394181467,0.42051751176163094,0.5231269248155724,0.43857036485480266,0.5858522341990102
000922.SZ,20260212,missed_A,missed_A,chip_support_A,0.488736632525986,0.4515159435441714,0.7651621200128254,0.9005336311739885,0.6158904852967148
001339.SZ,20260212,missed_A,missed_A,mixed_A,0.3113720984113584,0.5596968112911657,0.30171532547242386,0.46686522710349965,0.3571143457684267
002056.SZ,20260212,missed_A,missed_A,mixed_A,0.2622328624887226,0.21238891792995296,,0.9005336311739885,
002131.SZ,20260212,missed_A,missed_A,mixed_A,0.6524974052906997,0.5753005750130684,,0.372517994539588,
002155.SZ,20260212,missed_A,missed_A,mixed_A,0.9032765337718923,0.5524046001045477,,0.106819310002482,
002170.SZ,20260212,missed_A,missed_A,mixed_A,0.48574717048626925,0.2456351280710925,,0.3835629188384215,
002182.SZ,20260212,missed_A,missed_A,mixed_A,0.4729182868776918,0.6094877156299006,,0.7706937205261851,
002248.SZ,20260212,missed_A,missed_A,mixed_A,0.6950992031988152,0.6311552535284892,,0.4996276991809382,
002261.SZ,20260212,missed_A,missed_A,mixed_A,0.0249836365008054,0.6285676947203346,,0.6687763713080169,
002296.SZ,20260212,missed_A,missed_A,high_momentum_frontline_A,0.7752761795663843,0.47811029796131727,,0.7370315214693473,
002358.SZ,20260212,missed_A,missed_A,high_momentum_frontline_A,0.9009859857901376,0.5339780449555671,,0.9005336311739885,
002384.SZ,20260212,missed_A,missed_A,mixed_A,0.11469234147608955,0.46897543125980135,,0.7804355919583024,
002510.SZ,20260212,missed_A,missed_A,mixed_A,0.15661520747349778,0.5087166753789859,,0.674981384959047,
002585.SZ,20260212,missed_A,missed_A,mixed_A,0.4739141891125206,0.34218504966021956,,0.2581285678828493,
002706.SZ,20260212,missed_A,missed_A,mixed_A,0.15894256499545367,0.6598274960794563,,0.9005336311739885,
002796.SZ,20260212,missed_A,missed_A,high_momentum_frontline_A,0.8417540422944236,0.5907736539466806,,0.7370315214693473,
002885.SZ,20260212,missed_A,missed_A,mixed_A,0.4088414707584703,0.37710402509147933,,0.7804355919583024,
002913.SZ,20260212,missed_A,missed_A,mixed_A,0.3383204588298841,0.6811291165708311,,0.7804355919583024,
002925.SZ,20260212,missed_A,missed_A,mixed_A,0.5222319427222378,0.727861996863565,,0.7804355919583024,
600089.SH,20260212,missed_A,missed_A,steady_structure_A,0.29460003097482595,0.6902509147935181,0.6801670241834002,0.9005336311739885,0.521446907688713
600114.SH,20260212,missed_A,missed_A,mixed_A,0.603957988156866,0.5888395190799791,0.45703287159270833,0.6319496152891536,0.569913606177981
600150.SH,20260212,missed_A,missed_A,mixed_A,0.19882394903234707,0.45412963930998435,0.2717657505461703,0.40869322412509307,0.2740703597024785
600206.SH,20260212,missed_A,missed_A,mixed_A,0.39238386867438857,0.23413486670151595,0.43656867399347166,0.5569310002482005,0.4122872395429439
600256.SH,20260212,missed_A,missed_A,mixed_A,0.6329493906130912,0.4777313120752744,0.41194094156789685,0.3313787540332589,0.5169398750110361
600563.SH,20260212,missed_A,missed_A,mixed_A,0.5159785233165498,0.3677731312075274,0.23312938530979738,0.7804355919583024,0.4701142599002223
601001.SH,20260212,missed_A,missed_A,mixed_A,0.7160390820388702,0.4293518034500784,0.6164811576830663,0.33857656986845375,0.6058614962654777
601005.SH,20260212,missed_A,missed_A,mixed_A,0.392265833771572,0.4125718766335599,0.3512720942877344,0.1869260362372797,0.35324703355666753
601015.SH,20260212,missed_A,missed_A,mixed_A,0.7848155892567849,0.21557762676424466,0.4977219953634292,0.034717051377513033,0.5436036138523012
601567.SH,20260212,missed_A,missed_A,mixed_A,0.20183198263209445,0.6917668583376895,0.30603442173144796,0.9005336311739885,0.38168132725877646
603045.SH,20260212,selected_A,selected_A,high_momentum_frontline_A,0.7882132058307534,0.6815995818086774,0.6763729350485063,0.7706937205261851,0.7469638529372988
603050.SH,20260212,selected_A,selected_A,high_momentum_frontline_A,0.7341362027932563,0.742890747516989,0.5388830599959308,0.9005336311739885,0.711157985823408
603336.SH,20260212,missed_A,missed_A,mixed_A,0.6615411456052988,0.4463146889702039,0.31441005593155896,0.10939439066765948,0.47041371428270845
603353.SH,20260212,selected_A,selected_A,mixed_A,0.8831531998739816,0.530475692629378,0.8225097322695988,0.1260548523206751,0.7191598301154296
603681.SH,20260212,missed_A,missed_A,mixed_A,0.3388485209909663,0.731521170935703,0.5232231934610224,0.6044924298833457,0.4640560404368109
603713.SH,20260212,missed_A,missed_A,mixed_A,0.698691749770889,0.548562467328803,0.5339133740200752,0.09670513775130306,0.552186235786039
603738.SH,20260212,missed_A,missed_A,mixed_A,0.32237352319888174,0.3906952430737062,0.6503847792912041,0.7804355919583024,0.4799178195233579
603790.SH,20260212,missed_A,missed_A,mixed_A,0.7921899857410755,0.3208834291688447,0.5070626235869368,0.3078307272275999,0.6011236007682963
603912.SH,20260212,missed_A,missed_A,mixed_A,0.6042226371631446,0.38355985363303713,0.40432613238859116,0.6180503847108463,0.5342563947486507
605007.SH,20260212,missed_A,missed_A,mixed_A,0.6908820087362676,0.4599320439100888,0.5744251630766761,0.24928642343013152,0.5724334630428315
605020.SH,20260212,missed_A,missed_A,mixed_A,0.5317475259800719,0.26811291165708306,0.4661757998288019,0.6044924298833457,0.4999028685954466
000021.SZ,20260213,missed_A,missed_A,chip_support_A,0.6539417124677617,0.23510193413486669,0.8137159392075277,0.49637006701414743,0.6283655445013715
000338.SZ,20260213,missed_A,missed_A,mixed_A,0.9007980077263987,0.47861996863565076,0.6039237001953298,0.5860325142715315,0.7371468029163266
000831.SZ,20260213,missed_A,missed_A,chip_support_A,0.5070805346036809,0.40483533716675374,0.6124448324810581,0.27351700173740384,0.48816255939939085
000970.SZ,20260213,missed_A,missed_A,mixed_A,0.2696965817296925,0.42033455305802403,0.4741658197106591,0.18416480516257133,0.32304792187269915
002452.SZ,20260213,missed_A,missed_A,mixed_A,0.5828340636953265,0.688630423418714,,0.4174733184413006,
002703.SZ,20260213,missed_A,missed_A,mixed_A,0.1658553497674594,0.7153685311029796,,0.5860325142715315,
002828.SZ,20260213,missed_A,missed_A,mixed_A,0.6503952201436173,0.38651332984840564,,0.05705510052122115,
600080.SH,20260213,missed_A,missed_A,mixed_A,0.7082676143339666,0.33293256664924203,0.5797673180503436,0.16955199801439563,0.5578016930466528
600172.SH,20260213,missed_A,missed_A,mixed_A,0.893755459283661,0.17292211186617878,0.5820733537823048,0.18416480516257133,0.6373130000484103
600397.SH,20260213,selected_A,selected_A,mixed_A,0.9078837355851281,0.2612650287506534,0.7667965788843991,0.4971767187887814,0.7463440232070464
600498.SH,20260213,missed_A,missed_A,mixed_A,0.5826235634060033,0.5878985886042865,0.5836536199850172,0.20160089352196575,0.5262551795879794
601126.SH,20260213,missed_A,missed_A,mixed_A,0.8083212163707996,0.39166231050705697,0.8457665810363049,0.4174733184413006,0.7173894822613769
601226.SH,20260213,missed_A,missed_A,mixed_A,0.8600040824054336,0.4720595922634605,0.5356155228829873,0.44381360138992304,0.6776839213582981
601869.SH,20260213,missed_A,missed_A,mixed_A,0.9090467134016075,0.1161787767903816,0.6387862085915561,0.20160089352196575,0.6560779205560258
601890.SH,20260213,missed_A,missed_A,mixed_A,0.7897166505932065,0.2658389963408259,0.3332059809526223,0.31633159592951104,0.552193459558268
603163.SH,20260213,selected_A,selected_A,mixed_A,0.9073243335227763,0.5263199163617354,0.8737640367655957,0.44381360138992304,0.791307207797449
603191.SH,20260213,selected_A,selected_A,mixed_A,0.8996256613193782,0.45836382645060114,0.747045463096615,0.4174733184413006,0.7450315768450981
605289.SH,20260213,selected_A,selected_A,mixed_A,0.8916829080684994,0.2156299006795609,0.8906934788181211,0.44381360138992304,0.7566498540152244
000155.SZ,20260224,missed_A,missed_A,mixed_A,0.4455761622836086,0.7476476738107685,0.5344727991209648,0.6462211466865228,0.5281042203061007
000510.SZ,20260224,missed_A,missed_A,chip_support_A,0.5044371034797525,0.6013068478829064,0.7495683555489641,0.8851451973194342,0.632513105013323
000601.SZ,20260224,missed_A,missed_A,mixed_A,0.4215766858919514,0.859383167799268,0.45597066634063455,0.5720712335567139,0.4965300113445682
000629.SZ,20260224,missed_A,missed_A,mixed_A,0.6408474906005868,0.7379769994772608,0.4708439373946389,0.8477599900719782,0.6390964281074759
000630.SZ,20260224,selected_A,selected_A,high_momentum_frontline_A,0.8848677350618007,0.631521170935703,0.6069663979639576,0.6618267560188633,0.7566015975182896
000751.SZ,20260224,selected_A,selected_A,high_momentum_frontline_A,0.810895539827868,0.670517511761631,0.561874710429437,0.6914867212707868,0.7166912068880743
000819.SZ,20260224,missed_A,missed_A,mixed_A,0.4511520568220943,0.6016989022477783,0.359759037398026,0.5179945395879871,0.45338485892352953
000852.SZ,20260224,missed_A,missed_A,chip_support_A,0.4713477094244326,0.4866178776790382,0.6319780629202855,0.47462149416728716,0.5135233823352846
000875.SZ,20260224,selected_A,selected_A,high_momentum_frontline_A,0.73110143859643,0.5994249869315211,0.8111504310421366,0.7478282452221395,0.7404550625352222
000912.SZ,20260224,missed_A,missed_A,high_momentum_frontline_A,0.6939509177699985,0.5829848405645582,0.45671947244751004,0.8639550757011665,0.6490470724085076
000937.SZ,20260224,missed_A,missed_A,mixed_A,0.4465266709149712,0.4075797177208572,0.1613616870190332,0.7282824522213949,0.4136040968175389
000988.SZ,20260224,missed_A,missed_A,steady_structure_A,0.33223769089388316,0.7164140094093048,0.6974837369193111,0.7720277984611567,0.5279353503868733
000998.SZ,20260224,missed_A,missed_A,mixed_A,0.30687597505410286,0.6456089911134344,0.3047090597579775,0.46025688756515265,0.36321468471266216
001286.SZ,20260224,missed_A,missed_A,mixed_A,0.36573914898736937,0.5804495556717197,0.7089683352267132,0.7478282452221395,0.530330850650856
002281.SZ,20260224,missed_A,missed_A,mixed_A,0.24144706697701715,0.5485624673288029,,0.6263961280714817,
002413.SZ,20260224,missed_A,missed_A,mixed_A,0.5098082739898712,0.5970726607422896,,0.6263961280714817,
002428.SZ,20260224,missed_A,missed_A,mixed_A,0.17847986619077133,0.7203084161003659,,0.8477599900719782,
002432.SZ,20260224,missed_A,missed_A,mixed_A,0.577266136932316,0.8241766858337689,,0.446481757259866,
002443.SZ,20260224,missed_A,missed_A,mixed_A,0.16002818652498751,0.6511238891792995,,0.5295358649789029,
002490.SZ,20260224,missed_A,missed_A,mixed_A,0.4845562577059763,0.6655776267642446,,0.47462149416728716,
002511.SZ,20260224,missed_A,missed_A,mixed_A,0.22713724156121617,0.28719289074751697,,0.3143770166294366,
002531.SZ,20260224,missed_A,missed_A,high_momentum_frontline_A,0.9025200293034232,0.3306063774176685,,0.8568193100024821,
002536.SZ,20260224,missed_A,missed_A,mixed_A,0.11859332056803497,0.2375849451123889,,0.7708488458674608,
002608.SZ,20260224,missed_A,missed_A,mixed_A,0.35812820277151564,0.4788552012545739,,0.7478282452221395,
002725.SZ,20260224,missed_A,missed_A,mixed_A,0.35739709447160906,0.7591740721380031,,0.7708488458674608,
002756.SZ,20260224,missed_A,missed_A,mixed_A,0.5168451544006011,0.6178515420805017,,0.8477599900719782,
002795.SZ,20260224,missed_A,missed_A,mixed_A,0.6308636424246578,0.3261369576581286,,0.5693100024820055,
002797.SZ,20260224,missed_A,missed_A,mixed_A,0.24390965959070957,0.6176685833768949,,0.09971456937205263,
002826.SZ,20260224,missed_A,missed_A,mixed_A,0.468501192576285,0.2016466283324621,,0.4409282700421941,
002843.SZ,20260224,missed_A,missed_A,mixed_A,0.03749129708105017,0.37537898588604285,,0.5295358649789029,
002903.SZ,20260224,missed_A,missed_A,mixed_A,0.13619115445721164,0.7226084683742812,,0.2990506329113924,
600023.SH,20260224,missed_A,missed_A,mixed_A,0.27898051409156793,0.5063904861474124,0.3073075778919881,0.7478282452221395,0.37913043691684317
600096.SH,20260224,selected_A,selected_A,high_momentum_frontline_A,0.6562216117322986,0.7079456351280711,0.7708381919392003,0.8639550757011665,0.7212081787189315
600101.SH,20260224,missed_A,missed_A,steady_structure_A,0.42253686974632254,0.9066126502875065,0.6945033278663506,0.5720712335567139,0.5613662169020066
600110.SH,20260224,missed_A,missed_A,mixed_A,0.30210336270545696,0.644916361735494,0.3389453291559296,0.8568193100024821,0.42880254631563264
600152.SH,20260224,missed_A,missed_A,steady_structure_A,0.6423717996916303,0.6123889179299529,0.7534627574415773,0.8568193100024821,0.6993133774995771
600157.SH,20260224,missed_A,missed_A,mixed_A,0.4039031740028209,0.6082462101411394,0.4493065168796318,0.7478282452221395,0.48727707401875325
600227.SH,20260224,missed_A,missed_A,mixed_A,0.6350179130167874,0.5203084161003659,0.46205586241007035,0.8639550757011665,0.6146470250761229
600313.SH,20260224,missed_A,missed_A,mixed_A,0.7382465423740422,0.42592786199686355,0.40358983017622707,0.46025688756515265,0.5816520480655372
600367.SH,20260224,missed_A,missed_A,steady_structure_A,0.5768476462328065,0.6842394145321484,0.6081122740997607,0.8851451973194342,0.6416476126924733
600389.SH,20260224,missed_A,missed_A,chip_support_A,0.5278629427724282,0.5891008886565603,0.7785905478692652,0.8639550757011665,0.6470824585743613
600459.SH,20260224,missed_A,missed_A,mixed_A,0.5968934220696418,0.6720073183481443,0.5144230487177857,0.8477599900719782,0.6214172035598785
600506.SH,20260224,missed_A,missed_A,mixed_A,0.04522323342816527,0.7633559853633036,0.26705341912483377,0.5179945395879871,0.24340975096981948
600644.SH,20260224,missed_A,missed_A,mixed_A,0.2924729858137184,0.7630684788290643,0.4879058593241858,0.5720712335567139,0.43033049065431916
600645.SH,20260224,missed_A,missed_A,mixed_A,0.08862943330662926,0.8561944589649764,0.3328490293778552,0.446481757259866,0.28011868348325597
600681.SH,20260224,missed_A,missed_A,mixed_A,0.26643697954332257,0.3685703084161004,0.1922973350238818,0.6751054852320675,0.3194156771540519
600688.SH,20260224,missed_A,missed_A,mixed_A,0.6866509303526594,0.758755880815473,0.4443832091274597,0.5179945395879871,0.60799603647794
600714.SH,20260224,selected_A,selected_A,high_momentum_frontline_A,0.8741809927325912,0.6986147412441192,0.7768382934722318,0.8851451973194342,0.8339333234566806
600722.SH,20260224,selected_A,selected_A,high_momentum_frontline_A,0.902985227566397,0.23695765812859382,0.765479293402066,0.8851451973194342,0.7993299825444895
600740.SH,20260224,missed_A,missed_A,mixed_A,0.8115097526391141,0.6376110820700469,0.568401661230582,0.42048275006205016,0.6746888123435147
600792.SH,20260224,missed_A,missed_A,mixed_A,0.8092134732655313,0.261996863565081,0.5139906572402085,0.42048275006205016,0.6223764998086334
600803.SH,20260224,missed_A,missed_A,mixed_A,0.2260203013093884,0.6757971772085729,0.2514770709394395,0.6751054852320675,0.3447249588952215
601011.SH,20260224,missed_A,missed_A,mixed_A,0.5389566175700439,0.4729482488238369,0.4911486115827287,0.42048275006205016,0.5026326990723953
601020.SH,20260224,missed_A,missed_A,mixed_A,0.446858295766706,0.6829064296915838,0.43679061909883254,0.6914867212707868,0.5046404538178375
601117.SH,20260224,missed_A,missed_A,mixed_A,0.6222197422014011,0.7623889179299529,0.39944541688265905,0.7643646066021346,0.6018648081046808
601606.SH,20260224,missed_A,missed_A,mixed_A,0.05111377789811528,0.8191845269210664,0.1279977959979246,0.7720277984611567,0.2552789604098189
601857.SH,20260224,missed_A,missed_A,high_momentum_frontline_A,0.7257759733334816,0.6033716675378986,0.5076834573984061,0.7549329858525688,0.6633859656480177
601919.SH,20260224,missed_A,missed_A,mixed_A,0.34509417768680667,0.7576581285938317,0.3038742223981711,0.617367833209233,0.41688663228371425
603067.SH,20260224,missed_A,missed_A,steady_structure_A,0.2633176428133622,0.6566387872451647,0.7971398387533433,0.8851451973194342,0.5293794394174485
603124.SH,20260224,selected_A,selected_A,high_momentum_frontline_A,0.8651871979626985,0.4021693674856246,0.8273456066274005,0.6618267560188633,0.7789209507895913
603267.SH,20260224,missed_A,missed_A,steady_structure_A,0.21991817957324866,0.7023523261892315,0.6091307724324834,0.8431062298337058,0.4589429499887242
603936.SH,20260224,missed_A,missed_A,mixed_A,0.2205576611893924,0.7642707788813381,0.38370138666117226,0.8431062298337058,0.409097189623179
603958.SH,20260224,missed_A,missed_A,mixed_A,0.8902800504157562,0.3822007318348144,0.53274453952932,0.5204144949118888,0.6946084075104728
000007.SZ,20260225,missed_A,missed_A,mixed_A,0.7477567880581513,0.21714584422373234,0.8273403578859446,0.19182799702159342,0.631202267476174
000035.SZ,20260225,missed_A,missed_A,mixed_A,0.3805861297573598,0.5659958180867747,0.7679346249304894,0.566517746339042,0.523853964870836
000159.SZ,20260225,missed_A,missed_A,steady_structure_A,0.598508202288427,0.7699163617354939,0.5963948694686498,0.17215810374782825,0.5511681702470995
000708.SZ,20260225,missed_A,missed_A,mixed_A,0.27188280153651573,0.29877156299006796,0.5141463360069062,0.5168466120625466,0.3718821328783732
000960.SZ,20260225,missed_A,missed_A,steady_structure_A,0.4650276527913646,0.6607161526398327,0.7134942874371959,0.9110201042442293,0.613612029155599
002167.SZ,20260225,missed_A,missed_A,mixed_A,0.399524711662831,0.5694458964976477,,0.9110201042442293,
002470.SZ,20260225,missed_A,missed_A,high_momentum_frontline_A,0.9044954680668553,0.25028750653423937,,0.7478592702903947,
002733.SZ,20260225,missed_A,missed_A,mixed_A,0.13051959008364492,0.6084683742812336,,0.7795668900471582,
600010.SH,20260225,selected_A,selected_A,high_momentum_frontline_A,0.8524863201734343,0.34814427600627285,0.6146581313213211,0.7995160089352198,0.7346495218579576
600108.SH,20260225,missed_A,missed_A,mixed_A,0.4002296448388523,0.7567956089911134,0.4847085387949656,0.43230330106726234,0.4618170131773683
600123.SH,20260225,missed_A,missed_A,mixed_A,0.37363809195828684,0.3411395713538944,0.34229664666434656,0.22244973938942667,0.3398746256890335
600268.SH,20260225,missed_A,missed_A,steady_structure_A,0.10396052489204992,0.7114741244119184,0.5685655807560331,0.7795668900471582,0.3822041035832988
600301.SH,20260225,selected_A,selected_A,high_momentum_frontline_A,0.7381887597649044,0.6714061683220073,0.702654517746652,0.9110201042442293,0.7485516417879503
600359.SH,20260225,missed_A,missed_A,mixed_A,0.3047724644085652,0.7023784631468897,0.5049318809572922,0.43230330106726234,0.413702543918384
600395.SH,20260225,missed_A,missed_A,mixed_A,0.8471353260595444,0.647569262937794,0.5945520175700643,0.22244973938942667,0.6703300546244817
600399.SH,20260225,missed_A,missed_A,steady_structure_A,0.49538346996222216,0.63617354939885,0.5745173406762523,0.5168466120625466,0.5324654168994412
600435.SH,20260225,missed_A,missed_A,mixed_A,0.16867188800785388,0.7354155776267642,0.3013349559844922,0.6188880615537354,0.32604444999578674
600478.SH,20260225,missed_A,missed_A,steady_structure_A,0.2793572061512384,0.7088081547307893,0.570376963672686,0.7795668900471582,0.47008869297394335
600483.SH,20260225,missed_A,missed_A,mixed_A,0.20679763156506353,0.8505227391531626,0.14972660784165104,0.48520104244229334,0.2986628980246048
600497.SH,20260225,missed_A,missed_A,high_momentum_frontline_A,0.6746305401136757,0.7010193413486671,0.5798419424817725,0.6955510052122114,0.6567103405939795
600516.SH,20260225,missed_A,missed_A,mixed_A,0.45213594156955156,0.6809722948248823,0.34180914731261697,0.6034686026309258,0.47013777749005714
600598.SH,20260225,missed_A,missed_A,mixed_A,0.26219505430881385,0.8043125980135911,0.31004004062259927,0.43230330106726234,0.35388429227150525
600691.SH,20260225,missed_A,missed_A,mixed_A,0.573881361294469,0.5225823314166231,0.5749337317057698,0.7478592702903947,0.5951112372588985
600773.SH,20260225,missed_A,missed_A,mixed_A,0.28533304025400896,0.7860690015682175,0.5420157842405873,0.7442603623727972,0.46841642069989264
600961.SH,20260225,selected_A,selected_A,high_momentum_frontline_A,0.7846187843786133,0.6772869837950862,0.5558526869918899,0.6955510052122114,0.7033339130986195
600995.SH,20260225,missed_A,missed_A,mixed_A,0.21861925866626447,0.38915316257187665,0.5260610925345297,0.25487093571605857,0.31797085908136113
601083.SH,20260225,missed_A,missed_A,mixed_A,0.2250863363726368,0.5001045478306325,0.5531790203345318,0.557644576818069,0.38449506457572497
601225.SH,20260225,missed_A,missed_A,mixed_A,0.42421236927890216,0.221955044432828,0.3473550977756052,0.22244973938942667,0.3545079244350492
603505.SH,20260225,missed_A,missed_A,steady_structure_A,0.3852553226326525,0.7083638264506011,0.6234514120248745,0.9313415239513527,0.5590281255603078
603588.SH,20260225,selected_A,selected_A,mixed_A,0.8768624172296735,0.5156299006795608,0.7701767410040209,0.566517746339042,0.7675160458846544
000010.SZ,20260226,missed_A,missed_A,mixed_A,0.6532331733514112,0.41008886565603764,0.5397196319435432,0.5061429635145197,0.5784768257543731
000400.SZ,20260226,missed_A,missed_A,steady_structure_A,0.22631812830924342,0.7203084161003659,0.7220056731776874,0.9245780590717299,0.5043780329198396
000543.SZ,20260226,missed_A,missed_A,mixed_A,0.07780530325455726,0.8035807631991635,0.42932756581910053,0.6517125837676843,0.3243495069671227
000554.SZ,20260226,missed_A,missed_A,mixed_A,0.8527933876756741,0.584343962362781,0.6283159510817297,0.13542442293373047,0.6622237412846071
000791.SZ,20260226,missed_A,missed_A,mixed_A,0.34748012033666364,0.34043387349712495,0.5333521400198389,0.43438198064035743,0.4062787796190576
000993.SZ,20260226,missed_A,missed_A,steady_structure_A,0.25805733402402253,0.7079979090433873,0.5736467692431886,0.43438198064035743,0.40839744732320077
001696.SZ,20260226,missed_A,missed_A,mixed_A,0.039721894679065145,0.8180867746994249,0.12650654719874044,0.174174733184413,0.15942247158682216
002350.SZ,20260226,missed_A,missed_A,high_momentum_frontline_A,0.8354110740263996,0.697595399895452,,0.9245780590717299,
002921.SZ,20260226,missed_A,missed_A,high_momentum_frontline_A,0.7077826921187873,0.6164401463669629,,0.6725924547034003,
600233.SH,20260226,missed_A,missed_A,mixed_A,0.48343134313980096,0.5825405122843701,0.38175695479754135,0.3639550757011666,0.45000222285289787
600312.SH,20260226,missed_A,missed_A,steady_structure_A,0.34577283482869264,0.6535807631991636,0.7638833670199281,0.9245780590717299,0.5679020443500042
600406.SH,20260226,missed_A,missed_A,chip_support_A,0.5521553500494937,0.5216675378985887,0.6308771843779619,0.9245780590717299,0.6246504337698556
600505.SH,20260226,missed_A,missed_A,chip_support_A,0.4655892963846189,0.3823575535807632,0.7001234940472936,0.43438198064035743,0.5112185741582628
600583.SH,20260226,missed_A,missed_A,mixed_A,0.7435527744401184,0.3921850496602195,0.5397284202610181,0.22319434102755026,0.5794061484054682
600744.SH,20260226,missed_A,missed_A,mixed_A,0.4928242596252797,0.8112388917929952,0.5270564369556142,0.6517125837676843,0.5570570157959956
600979.SH,20260226,missed_A,missed_A,mixed_A,0.6373903340668571,0.522373235755358,0.4068319292754382,0.43438198064035743,0.5377977700238774
601022.SH,20260226,missed_A,missed_A,mixed_A,0.24701263688025682,0.33946680606377416,0.20782920188544807,0.2766815586994291,0.25091253332278224
601808.SH,20260226,missed_A,missed_A,mixed_A,0.6984484470285862,0.3727260846837428,0.419691967712496,0.22319434102755026,0.5248989750649239
603530.SH,20260226,selected_A,selected_A,high_momentum_frontline_A,0.690682991529748,0.5496863565081024,0.7506031672204442,0.9245780590717299,0.7266476320815548
603861.SH,20260226,selected_A,selected_A,high_momentum_frontline_A,0.8664288265557512,0.5911134343962362,0.8127536360441323,0.9245780590717299,0.8342008745892918
000065.SZ,20260227,missed_A,missed_A,steady_structure_A,0.16722127973729947,0.6556194458964976,0.6438808064006798,0.7571357656986846,0.4237131509132721
000803.SZ,20260227,missed_A,missed_A,steady_structure_A,0.14461353075512132,0.6593831677992681,0.6681683699262915,0.6575142715313974,0.40391431536877
000822.SZ,20260227,selected_A,selected_A,high_momentum_frontline_A,0.7722975518847335,0.25410350235232615,0.6963679921577076,0.7944899478778853,0.7048246163987091
000862.SZ,20260227,missed_A,missed_A,chip_support_A,0.6265524231618208,0.3851280710925248,0.800076877244453,0.766536361379995,0.6667886922082753
001289.SZ,20260227,missed_A,missed_A,mixed_A,0.448211509713496,0.33849973863042343,0.40889167700574863,0.766536361379995,0.47515910217822677
001339.SZ,20260227,missed_A,missed_A,mixed_A,0.602404851069363,0.24320439100888658,0.5463971770375462,0.28701290642839417,0.5051740948592158
002041.SZ,20260227,missed_A,missed_A,mixed_A,0.7002077732674031,0.5434657605854678,,0.5080044676098288,
002128.SZ,20260227,missed_A,missed_A,mixed_A,0.5048544739563471,0.6907475169890225,,0.7522958550508811,
002207.SZ,20260227,missed_A,missed_A,mixed_A,0.8943144046965541,0.20990590695243072,,0.408879374534624,
002261.SZ,20260227,missed_A,missed_A,mixed_A,0.6141397720638779,0.6439623627809723,,0.6355795482750062,
002356.SZ,20260227,missed_A,missed_A,mixed_A,0.058190946176591846,0.7879247255619446,,0.4087552742616034,
002638.SZ,20260227,missed_A,missed_A,mixed_A,0.17243274716912144,0.43761108207004695,,0.20864358401588484,
600025.SH,20260227,missed_A,missed_A,mixed_A,0.29966772617513027,0.6886696288552012,0.22516042883860368,0.7173306031273269,0.3825905236518352
600098.SH,20260227,missed_A,missed_A,mixed_A,0.4874989192401834,0.7056194458964977,0.511872876107721,0.8534686026309258,0.5702999136313105
600219.SH,20260227,missed_A,missed_A,steady_structure_A,0.6338061737399265,0.6747516989022478,0.6402305433417368,0.6148237776123107,0.6366594592374689
600318.SH,20260227,missed_A,missed_A,mixed_A,0.33403704218049657,0.6646366962885519,0.30340947997800694,0.5944403077686771,0.39850060687890676
600354.SH,20260227,missed_A,missed_A,mixed_A,0.3453334097004522,0.7406429691583899,0.42904465396127056,0.5080044676098288,0.430192835397857
600642.SH,20260227,missed_A,missed_A,mixed_A,0.3620734748589228,0.8750914793518034,0.5153647832289335,0.8534686026309258,0.525407371566514
600674.SH,20260227,missed_A,missed_A,mixed_A,0.3024339382475692,0.8343178254051229,0.3771740095464516,0.7173306031273269,0.43654184452000877
600863.SH,20260227,missed_A,missed_A,chip_support_A,0.5430319316891462,0.389636696288552,0.6200041074726355,0.8534686026309258,0.593500952736226
601101.SH,20260227,missed_A,missed_A,mixed_A,0.5557745639715135,0.4794302143230528,0.5501718552157745,0.7522958550508811,0.5762176454796378
601952.SH,20260227,missed_A,missed_A,mixed_A,0.193831919515981,0.8992158912702561,0.220662765858337,0.5080044676098288,0.3182039104910747
603093.SH,20260227,missed_A,missed_A,mixed_A,0.5034257780463358,0.8787767903815995,0.22588780975494638,0.5944403077686771,0.485228566665366
603897.SH,20260227,missed_A,missed_A,steady_structure_A,0.6446686225488006,0.66787767903816,0.6900810793665247,0.7638061553735419,0.6762132723258788
000807.SZ,20260302,missed_A,missed_A,steady_structure_A,0.3356049284448348,0.7433873497124933,0.5924941706507431,0.5938198064035741,0.47933771281688864
000933.SZ,20260302,missed_A,missed_A,steady_structure_A,0.5748698785352699,0.7196549921589126,0.7620330174779961,0.5938198064035741,0.6389816638135614
002039.SZ,20260302,missed_A,missed_A,mixed_A,0.384549962057233,0.772556194458965,,0.5546041201290643,
002053.SZ,20260302,missed_A,missed_A,mixed_A,0.17295127654868975,0.5341871406168321,,0.3597977165549764,
002140.SZ,20260302,missed_A,missed_A,mixed_A,0.4559750858273182,0.2723732357553581,,0.4597915115413254,
002162.SZ,20260302,missed_A,missed_A,mixed_A,0.5568643176677317,0.5116832200731835,,0.03837800943162075,
002383.SZ,20260302,missed_A,missed_A,mixed_A,0.2799252890359372,0.7417668583376895,,0.8157421196326633,
600546.SH,20260302,missed_A,missed_A,high_momentum_frontline_A,0.7322730424281118,0.6033193936225824,0.6470299828293408,0.7013526929759245,0.6934288602300379
600617.SH,20260302,missed_A,missed_A,mixed_A,0.35284498002091486,0.47198118139048617,0.28814012841190684,0.7052308265078183,0.40144026422865553
600800.SH,20260302,missed_A,missed_A,mixed_A,0.21535407287296993,0.7357030841610036,0.5236295074545035,0.8641412261106974,0.44177590563281577
600989.SH,20260302,selected_A,selected_A,high_momentum_frontline_A,0.8144779515045477,0.6359644537375849,0.5826711431938802,0.8641412261106974,0.746124390841107
601088.SH,20260302,missed_A,missed_A,high_momentum_frontline_A,0.7112954981688026,0.6596968112911656,0.49300856686908345,0.7013526929759245,0.6500724758771773
002100.SZ,20260303,missed_A,missed_A,mixed_A,0.3624988887599127,0.5677339257710403,,0.1987776123107471,
002533.SZ,20260303,missed_A,missed_A,mixed_A,0.6005378959364298,0.4754835337166754,,0.4313104988830976,
002534.SZ,20260303,missed_A,missed_A,mixed_A,0.4566037745283216,0.37286983795086254,,0.2015698684537106,
002805.SZ,20260303,missed_A,missed_A,mixed_A,0.22942883097808972,0.47895974908520644,,0.4313104988830976,
600127.SH,20260303,missed_A,missed_A,mixed_A,0.44248635518499,0.585781495033978,0.3657046763939691,0.08386075949367089,0.3838266101184357
600149.SH,20260303,selected_A,selected_A,mixed_A,0.816690100462007,0.6982488238369053,0.7305491575926409,0.1430565897244974,0.6822657104715288
600860.SH,20260303,missed_A,missed_A,mixed_A,0.39498684429643044,0.47200731834814424,0.4727645152536953,0.2015698684537106,0.3931207630645101
601222.SH,20260303,missed_A,missed_A,mixed_A,0.5080691353452909,0.822556194458965,0.3986773406199319,0.26464383221643084,0.4756560971059895
603980.SH,20260303,missed_A,missed_A,mixed_A,0.8886076659287264,0.5486670151594354,0.5427862814950888,0.0285740878629933,0.639153218033528
605006.SH,20260303,missed_A,missed_A,mixed_A,0.8319492838587979,0.1866701515943544,0.5250625800951297,0.02516133035492678,0.5696815016658557
000534.SZ,20260304,missed_A,missed_A,mixed_A,0.8268865447497958,0.4087036069001568,0.6751594354106382,0.08184413005708613,0.635380111426136
000586.SZ,20260304,missed_A,missed_A,mixed_A,0.7449418913923599,0.6581024568740198,0.5879604079062161,0.4459543310995284,0.6521644430250653
000682.SZ,20260304,missed_A,missed_A,mixed_A,0.46181189730886757,0.7102979613173026,0.5338765976296809,0.7603623727972202,0.5494592501131672
001309.SZ,20260304,missed_A,missed_A,steady_structure_A,0.08862144468320213,0.6500784108729745,0.6108518394492123,0.2360076942169273,0.2974326774237407
002001.SZ,20260304,missed_A,missed_A,mixed_A,0.8749482980254873,0.40807631991636173,0.5485231559063164,0.13598287416232316,0.6358100011053074
002126.SZ,20260304,selected_A,selected_A,mixed_A,0.8756285117429005,0.6804756926293779,0.63950931463874,0.31561801935964257,0.7130818566980194
002178.SZ,20260304,missed_A,missed_A,mixed_A,0.5089914978802782,0.5240982749607945,0.331225365235356,0.1876396128071482,0.4178578596661298
002198.SZ,20260304,missed_A,missed_A,mixed_A,0.38197328643827283,0.5049398849973863,0.4904409349580809,0.08047902705385952,0.3761627195164742
002451.SZ,20260304,missed_A,missed_A,mixed_A,0.46882148858735107,0.747177208572922,0.22287010413080646,0.7603623727972202,0.4789003471032524
002734.SZ,20260304,missed_A,missed_A,mixed_A,0.674691604412352,0.5264244641923679,0.5263125745217642,0.36494787788533134,0.5763085739386535
002922.SZ,20260304,selected_A,selected_A,high_momentum_frontline_A,0.7848961947003804,0.5491374803972817,0.6628870721933489,0.7603623727972202,0.7271379693578386
601096.SH,20260304,missed_A,missed_A,mixed_A,0.8451380403095423,0.532723470987977,0.7175739480008514,0.17346115661454453,0.6812540277459633
601616.SH,20260304,missed_A,missed_A,mixed_A,0.5570664494895208,0.6927600627286983,0.5416387079272501,0.7603623727972202,0.5972732639190258
603113.SH,20260304,missed_A,missed_A,mixed_A,0.6691899137450871,0.5082592786199686,0.448446708886573,0.46627575080665173,0.5674739245771814
603269.SH,20260304,missed_A,missed_A,mixed_A,0.7813111824798149,0.17532671197072658,0.6893330320195914,0.3856726234797717,0.6383724139638436
603333.SH,20260304,missed_A,missed_A,mixed_A,0.6100184150774646,0.296353894406691,0.4606120791297446,0.7603623727972202,0.5638519726814206
603826.SH,20260304,selected_A,selected_A,mixed_A,0.8870275108643935,0.5037898588604286,0.7634224946665825,0.2374348473566642,0.7203635920883849
605060.SH,20260304,missed_A,missed_A,mixed_A,0.8989098232628225,0.42023000522739146,0.45835476439056677,0.3856726234797717,0.6639174967737578
605066.SH,20260304,missed_A,missed_A,steady_structure_A,0.5181769738846501,0.6437924725561944,0.6287629389103597,0.7603623727972202,0.5947128248451174
000536.SZ,20260305,missed_A,missed_A,mixed_A,0.2178159336493566,0.5362258233141662,0.16039829264932925,0.7384896996773394,0.31340357727002816
000591.SZ,20260305,missed_A,missed_A,mixed_A,0.6872684085700362,0.7533978044955566,0.7759360966118866,0.5492678083891784,0.6953481801459223
000731.SZ,20260305,missed_A,missed_A,mixed_A,0.688273978304448,0.12982226868792474,0.48021903052851067,0.16542566393646063,0.5019878232436132
000973.SZ,20260305,missed_A,missed_A,mixed_A,0.7318319430296909,0.3151855723993727,0.5500803933536698,0.44015264333581533,0.6009775235935725
002092.SZ,20260305,selected_A,selected_A,high_momentum_frontline_A,0.8285258087713986,0.6431259801359122,0.623621913988381,0.6508128567882849,0.7321029094146285
002274.SZ,20260305,missed_A,missed_A,mixed_A,0.27938895898882776,0.438003136434919,0.5289113899019378,0.16542566393646063,0.34053649020385934
002334.SZ,20260305,missed_A,missed_A,mixed_A,0.5976904259746532,0.35326711970726604,0.44489269687297817,0.8065586994291388,0.5663789040906685
002498.SZ,20260305,selected_A,selected_A,high_momentum_frontline_A,0.9076137922541455,0.25360690015682175,0.4942989026845005,0.8065586994291388,0.7237261167282508
002539.SZ,20260305,missed_A,missed_A,mixed_A,0.32548777641477655,0.547778358599059,0.602478833530963,0.16542566393646063,0.39295528204050406
002556.SZ,20260305,missed_A,missed_A,chip_support_A,0.5540082576875862,0.5141662310507057,0.62402378688952,0.16542566393646063,0.5092405482617127
002635.SZ,20260305,missed_A,missed_A,mixed_A,0.36635747399118285,0.3297438578149503,0.4232776599092445,0.7384896996773394,0.4327459927059985
002648.SZ,20260305,missed_A,missed_A,steady_structure_A,0.4340024774293285,0.621772085729221,0.6228819900661897,0.6508128567882849,0.5325208733223765
002730.SZ,20260305,missed_A,missed_A,high_momentum_frontline_A,0.7365082600372458,0.3854678515420805,0.6233395066668013,0.643584015884835,0.6591733942222565
002812.SZ,20260305,missed_A,missed_A,high_momentum_frontline_A,0.8866944536362676,0.4184004181913225,,0.8065586994291388,
600251.SH,20260305,missed_A,missed_A,mixed_A,0.33046535969549184,0.33993727130162044,0.5256903757246255,0.09592951104492431,0.345038427565803
600775.SH,20260305,missed_A,missed_A,mixed_A,0.4860471432182898,0.6909566126502874,0.4089005513681654,0.6496339041945892,0.5117894563454034
600935.SH,20260305,missed_A,missed_A,mixed_A,0.56423535300724,0.396131730266597,0.5870125759375947,0.6508128567882849,0.5661059220329211
601118.SH,20260305,missed_A,missed_A,mixed_A,0.49059488316618693,0.5239675901725038,0.5023269055415055,0.028201787043931496,0.42750619504230997
601200.SH,20260305,missed_A,missed_A,mixed_A,0.3349734091052793,0.39521693674856245,0.4689124435613626,0.4818503350707371,0.3965140593784471
601669.SH,20260305,missed_A,missed_A,mixed_A,0.3765984235995939,0.797569262937794,0.37901265697628533,0.5424422933730454,0.44417564634360446
601700.SH,20260305,missed_A,missed_A,mixed_A,0.23893266675492197,0.6779142707788813,0.5334078365196165,0.8065586994291388,0.44159352449962413
601868.SH,20260305,missed_A,missed_A,mixed_A,0.6404877992188487,0.3323836905384213,0.5891974291022923,0.5424422933730454,0.5821479699447963
603556.SH,20260305,missed_A,missed_A,steady_structure_A,0.4368845285609686,0.6345791949817041,0.6224165534197896,0.4460474063042939,0.5044114330792462
000516.SZ,20260306,missed_A,missed_A,mixed_A,0.25460333288074266,0.7201515943544171,0.3169376886779797,0.577686770910896,0.3652042636819424
000537.SZ,20260306,missed_A,missed_A,mixed_A,0.6492755536310043,0.4759801359121798,0.47043472525106933,0.669210722263589,0.5902260800590259
000539.SZ,20260306,missed_A,missed_A,chip_support_A,0.5180457832057206,0.40458703606900154,0.6477581616169628,0.5343137254901962,0.5415681944375306
000677.SZ,20260306,missed_A,missed_A,mixed_A,0.5887708582326486,0.5351280710925248,0.25517443382623783,0.48786919831223624,0.4848722244289717
000690.SZ,20260306,missed_A,missed_A,mixed_A,0.5987816021287119,0.3050967067433351,0.5554510839589779,0.5343137254901962,0.5489103015519634
000920.SZ,20260306,missed_A,missed_A,chip_support_A,0.426303397853486,0.30718766335598535,0.7345227912322081,0.2835691238520725,0.4700365316482044
002063.SZ,20260306,missed_A,missed_A,chip_support_A,0.5492574297144971,0.3026921066387872,0.7115860531161683,0.576849094068007,0.5693218029103704
002256.SZ,20260306,missed_A,missed_A,mixed_A,0.31994737680930035,0.29474647151071615,0.5751063417703528,0.669210722263589,0.4336065293378484
002310.SZ,20260306,missed_A,missed_A,mixed_A,0.5375140354215436,0.5879900679560899,0.419691826911682,0.669210722263589,0.5328605895738396
002323.SZ,20260306,selected_A,selected_A,high_momentum_frontline_A,0.891436768995344,0.34736016727652896,0.5176523975210608,0.6418776371308017,0.7061491461752104
002379.SZ,20260306,missed_A,missed_A,mixed_A,0.13721076259834336,0.27062205959226343,0.7173469340661859,0.21298709357160586,0.30695238481068543
002449.SZ,20260306,missed_A,missed_A,mixed_A,0.37479244873613327,0.39592263460533195,0.42102095139579365,0.3206751054852321,0.380344991500333
002637.SZ,20260306,missed_A,missed_A,steady_structure_A,0.28047986288136784,0.688421327757449,0.7227033020998017,0.19126954579300076,0.41844832161032935
002723.SZ,20260306,missed_A,missed_A,mixed_A,0.7457191456437432,0.28863042341871403,0.5060281560952242,0.5523392901464383,0.6110805477095148
003035.SZ,20260306,selected_A,selected_A,high_momentum_frontline_A,0.9052755779104253,0.35117616309461575,0.7467413255160721,0.669210722263589,0.7748223449832307
600396.SH,20260306,selected_A,selected_A,mixed_A,0.8369999833886982,0.48008363826450595,0.7107098340060093,0.5343137254901962,0.7243328728458315
600674.SH,20260306,missed_A,missed_A,mixed_A,0.6846959670493652,0.32893361212754835,0.4622722849946147,0.5827748821047407,0.5782256483018022
600873.SH,20260306,missed_A,missed_A,steady_structure_A,0.5956600003495874,0.7552796654469419,0.6201788647496322,0.648765202283445,0.6257174632494127
600930.SH,20260306,missed_A,missed_A,mixed_A,0.2814111204537156,0.8458180867746994,0.12473431473065157,0.669210722263589,0.356852555926529
601016.SH,20260306,missed_A,missed_A,chip_support_A,0.6109874623930308,0.36091217982226864,0.6045017110036697,0.669210722263589,0.593091985269198
603158.SH,20260306,missed_A,missed_A,mixed_A,0.5222746404050851,0.23789858860428645,0.49687115559999645,0.7277860511293125,0.5183128756323672
603218.SH,20260306,missed_A,missed_A,mixed_A,0.4237522910181887,0.4139309984317825,0.4442670328113613,0.8122362869198312,0.4861714465930876
603421.SH,20260306,missed_A,missed_A,chip_support_A,0.5757463410029855,0.5618400418191323,0.7439282230303668,0.517777364110201,0.6077058350575278
603716.SH,20260306,missed_A,missed_A,mixed_A,0.2544521301229724,0.6888787245164663,0.2984824449153971,0.5066083395383469,0.34672579967273415
000048.SZ,20260309,missed_A,missed_A,steady_structure_A,0.4270534197159213,0.6923418714061683,0.6620580643783562,0.2776433358153388,0.4899219134654674
000695.SZ,20260309,missed_A,missed_A,mixed_A,0.6452582394766894,0.3868792472556194,0.39498742844287515,0.5295048399106478,0.5394896275612225
000839.SZ,20260309,missed_A,missed_A,mixed_A,0.7642327775174843,0.3162049137480397,0.47287549758421,0.1538222884090345,0.5550290977909538
001203.SZ,20260309,selected_A,selected_A,mixed_A,0.8938625503556041,0.28996340825927863,0.7599462907472667,0.19657483246463142,0.6954004135602414
001267.SZ,20260309,selected_A,selected_A,mixed_A,0.905991097950427,0.3163878724516466,0.9541172465587304,0.4281769669893274,0.7873901929084598
002140.SZ,20260309,missed_A,missed_A,mixed_A,0.7160026567122953,0.23716675378985885,0.6327186204461399,0.36711963266319186,0.5949656037461473
002235.SZ,20260309,missed_A,missed_A,mixed_A,0.6948834226145769,0.22124934657605855,,0.21174609084139986,
002294.SZ,20260309,missed_A,missed_A,mixed_A,0.46871103869436526,0.44244641923680084,0.13808408577679457,0.2965065773144701,0.3575971693122319
002298.SZ,20260309,missed_A,missed_A,mixed_A,0.6105946943019309,0.6695504443282801,0.34335287179295837,0.825204765450484,0.5818713243496056
002594.SZ,20260309,missed_A,missed_A,mixed_A,0.5786853174381987,0.31432305279665446,0.4646431477680294,0.0935716058575329,0.4509714918194021
003018.SZ,20260309,missed_A,missed_A,mixed_A,0.8912420894592052,0.32117093570308414,0.5304689676179248,0.25521221146686524,0.6486372119244219
600063.SH,20260309,missed_A,missed_A,mixed_A,0.3200137165656993,0.48035807631991634,0.6301284095601563,0.07824522213948872,0.37731155162580365
600135.SH,20260309,missed_A,missed_A,mixed_A,0.4927542191045031,0.655906952430737,0.31124529559058,0.25521221146686524,0.42806096041300007
600405.SH,20260309,missed_A,missed_A,high_momentum_frontline_A,0.7096288550053067,0.226424464192368,0.4881577715361298,0.825204765450484,0.6232770316234952
600522.SH,20260309,selected_A,selected_A,mixed_A,0.8600880653065839,0.4024046001045478,0.5788723215871818,0.4281769669893274,0.6792291181089413
600628.SH,20260309,missed_A,missed_A,mixed_A,0.42989694045858406,0.7152117093570307,0.29234063518532555,0.1120004964010921,0.3763548744214903
600886.SH,20260309,missed_A,missed_A,mixed_A,0.6603433360109839,0.30010454783063256,0.41148501679871047,0.5879250434350956,0.5512421335034972
601218.SH,20260309,missed_A,missed_A,chip_support_A,0.580406071314668,0.45542341871406167,0.6524966057225987,0.825204765450484,0.6226502437769624
601778.SH,20260309,selected_A,selected_A,high_momentum_frontline_A,0.8371343750809794,0.506913225300575,0.8370052425618646,0.6722201538843385,0.7793428437936641
601789.SH,20260309,missed_A,missed_A,mixed_A,0.7823823644519037,0.27665969681129116,0.6732921447929864,0.36711963266319186,0.6422481330048063
603055.SH,20260309,missed_A,missed_A,mixed_A,0.5742601081841718,0.3165838996340826,0.4374883105990863,0.16340903449987587,0.4526718768802471
603226.SH,20260309,missed_A,missed_A,mixed_A,0.8480813162775708,0.2143491897543126,0.4077517301486692,0.2847170513775131,0.5901210673580108
603395.SH,20260309,missed_A,missed_A,mixed_A,0.18039228477046026,0.33084161003659174,0.34411421699454875,0.3566952097294614,0.2628131390969457
605286.SH,20260309,missed_A,missed_A,mixed_A,0.8123192106477481,0.3121798222686879,0.5204786883496791,0.22459046909903202,0.6011858300030175
000533.SZ,20260310,selected_A,selected_A,high_momentum_frontline_A,0.9080312249602934,0.24553058024046,0.7928748060957679,0.9534313725490196,0.8198020779104875
000723.SZ,20260310,missed_A,missed_A,mixed_A,0.6616289681185454,0.24385781495033979,0.5048114102163663,0.020693720526185157,0.4845071761873261
000890.SZ,20260310,selected_A,selected_A,mixed_A,0.9060803481510455,0.19840564558285415,0.612607304887032,0.5368267560188633,0.7065565782583958
000927.SZ,20260310,missed_A,missed_A,steady_structure_A,0.4113733425795131,0.772373235755358,0.6158757337384643,0.46618267560188636,0.5068203296401914
000990.SZ,20260310,missed_A,missed_A,mixed_A,0.3706046825505015,0.39051228437009927,0.3902597595106453,0.6893770166294365,0.42532506208433746
002459.SZ,20260310,missed_A,missed_A,mixed_A,0.5580707220183743,0.7385781495033977,0.4961113592073602,0.9534313725490196,0.6199357216437199
002729.SZ,20260310,missed_A,missed_A,chip_support_A,0.4627409508988649,0.29720334553058025,0.7588601258900078,0.9217858029287664,0.5890737119143074
600075.SH,20260310,missed_A,missed_A,high_momentum_frontline_A,0.7867982068130697,0.34926816518557235,0.6176837491689819,0.6893770166294365,0.686153409711753
600769.SH,20260310,missed_A,missed_A,mixed_A,0.6530485793409806,0.3266727652901202,0.5313986323704044,0.2548088855795483,0.5302625571290356
601963.SH,20260310,missed_A,missed_A,mixed_A,0.36322359301548524,0.2076842655514898,0.4807862857191132,0.0687825763216679,0.3328941809409201
603077.SH,20260310,selected_A,selected_A,high_momentum_frontline_A,0.8538421931601746,0.28476215368531105,0.7226678242058032,0.6893770166294365,0.7394708204944846
603393.SH,20260310,missed_A,missed_A,mixed_A,0.8971862552567987,0.10862519602718243,0.6716578247666598,0.07849342268552992,0.639144116825612
603538.SH,20260310,missed_A,missed_A,high_momentum_frontline_A,0.6988519181399598,0.24796131730266593,0.5486477489821862,0.7861752295855051,0.6293103124836188
603803.SH,20260310,missed_A,missed_A,mixed_A,0.6286444518544816,0.3051489806586513,0.4546900047144806,0.8620625465376024,0.5878190071523665
603817.SH,20260310,missed_A,missed_A,mixed_A,0.463473699455081,0.29989545216936747,0.2992461876419595,0.5368267560188633,0.4170619552577966
603829.SH,20260310,missed_A,missed_A,chip_support_A,0.5005510710985235,0.20784108729743855,0.6340885224104442,0.9534313725490196,0.5725964807639696
000062.SZ,20260311,missed_A,missed_A,mixed_A,0.32421115033841286,0.4167537898588604,0.2997193174883919,0.695457930007446,0.38302947302830737
000420.SZ,20260311,missed_A,missed_A,mixed_A,0.12529319049681928,0.3495033978044955,0.38143061371085474,0.6526433358153387,0.29085108882887367
000509.SZ,20260311,missed_A,missed_A,high_momentum_frontline_A,0.7685416416564511,0.13115525352848928,0.581420300051228,0.695457930007446,0.6470601106949984
002384.SZ,20260311,selected_A,selected_A,high_momentum_frontline_A,0.8956424897241042,0.21952430737062206,0.6199381344690014,0.695457930007446,0.7290768987174815
002585.SZ,20260311,missed_A,missed_A,mixed_A,0.5398098309026352,0.25831155253528487,0.5029178191799965,0.5346860263092579,0.5016684294462339
600026.SH,20260311,missed_A,missed_A,mixed_A,0.904966532869429,0.3703084161003659,0.4714418949849644,0.14088483494663687,0.6285073070329877
600177.SH,20260311,missed_A,missed_A,mixed_A,0.205000896556816,0.38832984840564555,0.36620976020291585,0.41157855547282207,0.2946226564906248
600527.SH,20260311,missed_A,missed_A,mixed_A,0.5553993231838414,0.28533716675378984,0.5109759749224363,0.6526433358153387,0.5318738723702096
600563.SH,20260311,missed_A,missed_A,mixed_A,0.6369095839394877,0.6008625196027182,0.47157740012392035,0.695457930007446,0.6007540834621127
600844.SH,20260311,missed_A,missed_A,high_momentum_frontline_A,0.7450651268577286,0.24647151071615264,0.6998387244009453,0.9112372797220153,0.7088249875590182
601998.SH,20260311,missed_A,missed_A,mixed_A,0.24314329054108957,0.8604547830632514,0.13485143402109057,0.1266753536857781,0.2603312851350093
603290.SH,20260311,missed_A,missed_A,mixed_A,0.318713248365051,0.34660219550444327,0.33135916903114254,0.29957805907172996,0.32179334485151495
603499.SH,20260311,missed_A,missed_A,chip_support_A,0.40675250589369416,0.2331677992681652,0.7760083704519479,0.3620004964010921,0.4749951999468144
603738.SH,20260311,selected_A,selected_A,high_momentum_frontline_A,0.9001646955407966,0.15227391531625717,0.646131501546032,0.695457930007446,0.7311613041896489
603757.SH,20260311,missed_A,missed_A,mixed_A,0.7602624522940021,0.1709879769994773,0.5479901818027934,0.3663750310250683,0.5891838239514073
000014.SZ,20260312,missed_A,missed_A,mixed_A,0.609782344386433,0.30088865656037633,0.34253311380921975,0.15878629932985855,0.4444312612010379
000021.SZ,20260312,missed_A,missed_A,mixed_A,0.6514515293535904,0.2790120230005227,0.48249472368505136,0.4587056341523952,0.5430564930209696
002840.SZ,20260312,missed_A,missed_A,mixed_A,0.42178210225486995,0.3059984317825405,0.5256427381158832,0.3794676098287416,0.4298217203089711
600054.SH,20260312,missed_A,missed_A,mixed_A,0.1302521721665417,0.7987454260324098,0.35786471497965,0.22151898734177217,0.2676946555326902
603353.SH,20260312,missed_A,missed_A,mixed_A,0.6678238348354809,0.15818086774699425,0.5724078628806579,0.022369074211963266,0.4961873310443988
603985.SH,20260312,selected_A,selected_A,high_momentum_frontline_A,0.804740847935575,0.3752483010977522,0.722067508201843,0.7856478034251676,0.7382593016417985
001258.SZ,20260313,missed_A,missed_A,mixed_A,0.8665292886313514,0.11021955044432828,0.43362536595500456,0.41973814842392654,0.6156536631124486
002382.SZ,20260313,missed_A,missed_A,mixed_A,0.8926316272118626,0.22665969681129117,0.6644563774438035,0.25316455696202533,0.6730705611923151
002432.SZ,20260313,missed_A,missed_A,mixed_A,0.8969966551865578,0.09691583899634082,0.5716380774524941,0.25316455696202533,0.6390741144003402
002969.SZ,20260313,missed_A,missed_A,mixed_A,0.436742022353986,0.5230789336121275,,0.11150409530900969,
600370.SH,20260313,missed_A,missed_A,mixed_A,0.5916366668291483,0.5905906952430737,0.5849958780561697,0.7083953834698437,0.6073856799734005
600641.SH,20260313,missed_A,missed_A,mixed_A,0.4684436838268912,0.28708834291688445,0.23725447955834225,0.23299826259617773,0.35719403548414624
600666.SH,20260313,missed_A,missed_A,mixed_A,0.8251463060012894,0.1590433873497125,0.5756173861470929,0.40037850583271284,0.6324386141472961
600667.SH,20260313,missed_A,missed_A,mixed_A,0.5426308717666986,0.3161003659174072,0.5419872642534815,0.23299826259617773,0.473372027927887
000617.SZ,20260316,missed_A,missed_A,mixed_A,0.6535333132376482,0.2331155253528489,0.292858402800935,0.2783258873169521,0.4650416929518855
600307.SH,20260316,missed_A,missed_A,mixed_A,0.6302717281803956,0.16620491374803972,0.4623665042059941,0.04284561926036237,0.45377482440555467
600328.SH,20260316,missed_A,missed_A,mixed_A,0.729933153879591,0.2898065865133298,0.6025425498104391,0.5381298088855795,0.6253023443765753
600681.SH,20260316,missed_A,missed_A,mixed_A,0.5236962284975863,0.36455828541557755,0.3234174907620977,0.23005088111193844,0.4136659476476661
601225.SH,20260316,missed_A,missed_A,mixed_A,0.815147701076726,0.580096706743335,0.5092941561326146,0.08804914370811616,0.6061144318020676
603929.SH,20260316,selected_A,selected_A,mixed_A,0.7665796425345425,0.5840303188708834,0.7147674123086664,0.23315338793745344,0.6553577144221442
000020.SZ,20260317,selected_A,selected_A,mixed_A,0.8218245834131426,0.23996340825927864,0.7241541879989679,0.2912943658476049,0.6596413344093818
000791.SZ,20260317,missed_A,missed_A,mixed_A,0.8804739106152235,0.5489283847360167,0.3712642043576757,0.034158600148920325,0.5930696348929704
002350.SZ,20260317,selected_A,selected_A,mixed_A,0.8987410209093538,0.2778097229482488,0.4888220345764559,0.45557210225862493,0.6676928067324095
600744.SH,20260317,missed_A,missed_A,mixed_A,0.8799822064014969,0.3426293779404077,0.49227705188439597,0.123138495904691,0.615794078351592
601858.SH,20260317,missed_A,missed_A,mixed_A,0.7596618422391115,0.12166753789858858,0.5697958161351006,0.11122486969471333,0.5511303593973967
603105.SH,20260317,missed_A,missed_A,chip_support_A,0.6366413601610995,0.3152117093570308,0.7617545721348775,0.45557210225862493,0.6086163093887659
603529.SH,20260317,missed_A,missed_A,mixed_A,0.2659004122693355,0.7852326189231573,0.3562722616842578,0.05004343509555721,0.3080480487123815
603618.SH,20260317,selected_A,selected_A,mixed_A,0.8878450559512706,0.613016204913748,0.5328000580725135,0.45557210225862493,0.7067599783239322
603806.SH,20260317,missed_A,missed_A,mixed_A,0.10535631844622387,0.5685311029796132,0.4910278083954363,0.0926408538098784,0.24618434969141412
605299.SH,20260317,missed_A,missed_A,mixed_A,0.7606654459739022,0.2701515943544171,0.5526893776815222,0.08817324398113677,0.5587462134399439
000065.SZ,20260318,missed_A,missed_A,mixed_A,0.7016943064666145,0.4351542080501829,0.39212090769278546,0.4725117895259369,0.5632695693904124
000552.SZ,20260318,missed_A,missed_A,mixed_A,0.7548116704590708,0.4335075797177208,0.5756319707647447,0.10179324894514769,0.5799335732342659
000670.SZ,20260318,missed_A,missed_A,mixed_A,0.32884101384822173,0.5900156821745948,0.24394546721895002,0.7665053363117399,0.3993842423930688
000767.SZ,20260318,missed_A,missed_A,mixed_A,0.8066046228021311,0.4972033455305802,0.5154316479710563,0.4943844626458178,0.6560382273437603
000862.SZ,20260318,missed_A,missed_A,mixed_A,0.8730106217523603,0.1758755880815473,0.5565521267689177,0.16167163067758747,0.6174816459782024
001287.SZ,20260318,missed_A,missed_A,mixed_A,0.5869180259119251,0.7564035546262415,0.5350802412105679,0.7665053363117399,0.6178452291679897
001289.SZ,20260318,missed_A,missed_A,mixed_A,0.8536102128508828,0.42145844223732354,0.5315097907019366,0.16167163067758747,0.6260791429262961
600121.SH,20260318,missed_A,missed_A,mixed_A,0.7847735283379343,0.1635389440669106,0.4165336568310258,0.10179324894514769,0.5281430601251869
600163.SH,20260318,missed_A,missed_A,mixed_A,0.7178741374003597,0.29602718243596443,0.5431239492250362,0.16167163067758747,0.5485715188516734
600310.SH,20260318,missed_A,missed_A,mixed_A,0.762931164809958,0.3917929952953476,0.5564273459586294,0.2461528915363614,0.5966746521546253
600979.SH,20260318,missed_A,missed_A,mixed_A,0.8060425070002296,0.486186617877679,0.4549518707617488,0.2461528915363614,0.6023008167087741
600982.SH,20260318,missed_A,missed_A,mixed_A,0.7371617862768148,0.3825405122843701,0.5434880835968852,0.4035740878629933,0.6032430784455146
603687.SH,20260318,missed_A,missed_A,mixed_A,0.13502228473068859,0.6885258755880814,0.5507137897266563,0.479120129064284,0.3459101967154591
002039.SZ,20260319,missed_A,missed_A,mixed_A,0.7778400311359399,0.6289336121275483,0.4466619021235657,0.19244849838669645,0.5923461270696206
002246.SZ,20260319,selected_A,selected_A,mixed_A,0.8834899518406146,0.6184265551489806,0.5986522233191649,0.31533879374534624,0.7005515063267985
600617.SH,20260319,selected_A,selected_A,mixed_A,0.8446266986496519,0.49495556717198114,0.46472287622896624,0.5383159592951104,0.6687370189935322
600758.SH,20260319,missed_A,missed_A,mixed_A,0.7410726657080495,0.36084683742812335,0.36793700681092645,0.38176346487962276,0.5558697880315121
600780.SH,20260319,selected_A,selected_A,mixed_A,0.8044838895342986,0.6703606900156822,0.5784400709104188,0.33544303797468356,0.6642044871925248
600815.SH,20260319,missed_A,missed_A,mixed_A,0.709457456646495,0.30865133298484054,0.2980731799715223,0.0746463142218913,0.4713091037478958
605228.SH,20260319,missed_A,missed_A,mixed_A,0.28887862700877887,0.6917145844223731,0.18691261518191038,0.08147182923802433,0.272559700127808
000809.SZ,20260320,missed_A,missed_A,mixed_A,0.7755381394812191,0.21894929430214324,0.46759302651115053,0.582216430876148,0.6138947204300337
000815.SZ,20260320,selected_A,selected_A,mixed_A,0.8995130700459972,0.30005227391531625,0.6294771432171906,0.1900595681310499,0.6656399834384854
001283.SZ,20260320,missed_A,missed_A,mixed_A,0.4721326382014219,0.5822268687924725,0.2619690274191594,0.582216430876148,0.4471137274661703
002309.SZ,20260320,selected_A,selected_A,mixed_A,0.8550241022216172,0.6691061160480919,0.7115744448712795,0.582216430876148,0.7596487385648598
600250.SH,20260320,missed_A,missed_A,mixed_A,0.652762148777802,0.35810245687401987,0.2546592592922866,0.02323777612310747,0.4293418013178408
601133.SH,20260320,missed_A,missed_A,mixed_A,0.5882649483387938,0.5239414532148458,0.5795164227331675,0.18791883842144452,0.51959355093739
603992.SH,20260320,missed_A,missed_A,mixed_A,0.05078896950591617,0.6606900156821746,0.2802960642183126,0.13616902457185404,0.1819628560615318
001309.SZ,20260323,missed_A,missed_A,mixed_A,0.8986103459245036,0.17064819654992158,0.6290701780199448,0.020445519980143954,0.6267043651192519
002980.SZ,20260323,missed_A,missed_A,mixed_A,0.8986324174758956,0.5781233664401463,0.5619316760921078,0.020197319434102756,0.6506410623201047
600207.SH,20260323,selected_A,selected_A,mixed_A,0.8530000938578366,0.7843962362780972,0.6709796068012113,0.4808885579548275,0.7448178559502551
600508.SH,20260323,missed_A,missed_A,mixed_A,0.791914613664876,0.51340825927862,0.33619918136842275,0.3141598411516505,0.5784719042751533
601908.SH,20260323,selected_A,selected_A,mixed_A,0.8538331541453196,0.615865133298484,0.530571368921052,0.4808885579548275,0.6932792163259953
603115.SH,20260323,missed_A,missed_A,mixed_A,0.8943876906080734,0.3697856769472033,0.7268790787746919,0.020073219161082154,0.6689031655665924
603727.SH,20260323,missed_A,missed_A,mixed_A,0.8879941622814659,0.18915316257187662,0.6000856929398639,0.19986348969967735,0.6429133440878382
603826.SH,20260323,missed_A,missed_A,mixed_A,0.8847014343950845,0.6423549398849974,0.42844198736594297,0.020135269297592455,0.6167169984221667
000593.SZ,20260324,missed_A,missed_A,high_momentum_frontline_A,0.7036470952672861,0.3376633559853633,0.5758613939577834,0.7060995284189625,0.6354701609844696
000973.SZ,20260324,selected_A,selected_A,mixed_A,0.8885172288168823,0.4622843700993204,0.7761609985343418,0.5516257135765699,0.7672711580884441
002611.SZ,20260324,missed_A,missed_A,mixed_A,0.41068058413773195,0.497569262937794,0.23833683106022152,0.2554293869446513,0.35299583416939845
002648.SZ,20260324,missed_A,missed_A,high_momentum_frontline_A,0.8545269743818646,0.4596968112911657,0.5067396930088564,0.7349218168279971,0.7101563640964627
600149.SH,20260324,missed_A,missed_A,mixed_A,0.7658994476904422,0.23562467328802927,0.539689215056582,0.48451849094068006,0.6141122685792715
600539.SH,20260324,missed_A,missed_A,high_momentum_frontline_A,0.6712810942405518,0.16816518557239934,0.45478621078179104,0.6224869694713329,0.5595266637936636
600791.SH,20260324,missed_A,missed_A,mixed_A,0.8023628634053003,0.5399372713016204,0.7372155520444004,0.5064842392653264,0.7154516827337112
603259.SH,20260324,missed_A,missed_A,mixed_A,0.3771563226328216,0.7184788290642968,0.23823552096340297,0.7132973442541575,0.4269795261018149
603301.SH,20260324,missed_A,missed_A,high_momentum_frontline_A,0.7588146607968,0.6647673810768426,0.6525909931127283,0.5995594440307768,0.6989657333888828
603876.SH,20260324,selected_A,selected_A,high_momentum_frontline_A,0.8164105723892128,0.46285938316779923,0.8237870381430188,0.6117212707867957,0.7521961746651604
603906.SH,20260324,missed_A,missed_A,high_momentum_frontline_A,0.759012271645875,0.40410350235232617,0.4438107325733375,0.7727724000992802,0.6467850292163966
605162.SH,20260324,selected_A,selected_A,high_momentum_frontline_A,0.8792737721300912,0.24500784108729742,0.7179685696600685,0.7060995284189625,0.7495447418516369
000659.SZ,20260325,missed_A,missed_A,mixed_A,0.22210524010957355,0.5995818086774699,0.4877326586784107,0.5484301315462894,0.3752084853240798
002422.SZ,20260325,missed_A,missed_A,mixed_A,0.738228545588305,0.713617354939885,0.4710528310467672,0.4751799453958798,0.6295162078592148
002466.SZ,20260325,missed_A,missed_A,mixed_A,0.5197475778277929,0.29343962362780973,0.210516142930661,0.6508128567882849,0.43946871552758543
002634.SZ,20260325,missed_A,missed_A,mixed_A,0.4519299623412529,0.2039466806063774,0.47175826268065824,0.6218354430379748,0.45757453135712495
002810.SZ,20260325,missed_A,missed_A,high_momentum_frontline_A,0.7332936465903589,0.2391531625718766,0.8148954510933457,0.7197505584512285,0.7022485860933878
002990.SZ,20260325,missed_A,missed_A,mixed_A,0.6723380018118814,0.28031887088342916,0.5089980754875404,0.5929511044924298,0.5803930725400331
600137.SH,20260325,missed_A,missed_A,mixed_A,0.5918287958644596,0.16549921589127028,0.5371645665051916,0.6218354430379748,0.5400307776033509
600513.SH,20260325,missed_A,missed_A,mixed_A,0.8176258373879876,0.4389702038682697,0.6108410838314748,0.4751799453958798,0.6766972018480714
601002.SH,20260325,missed_A,missed_A,mixed_A,0.5500284856594252,0.21897543125980135,0.48377994569312605,0.5691238520724745,0.5032253501898454
603227.SH,20260325,missed_A,missed_A,high_momentum_frontline_A,0.7481030502380136,0.28520648196549925,0.5127152169775744,0.7197505584512285,0.6387135613276347
603937.SH,20260325,missed_A,missed_A,mixed_A,0.49016865758195444,0.14754312598013591,0.5061007584705183,0.4988520724745595,0.46119164187780437
605366.SH,20260325,selected_A,selected_A,high_momentum_frontline_A,0.9001160292526028,0.43991113434396234,0.8979330068944682,0.7197505584512285,0.826494963551999
001400.SZ,20260326,missed_A,missed_A,mixed_A,0.901702175488742,0.4080240460010455,0.7332687683378393,0.03750930752047654,0.6805970805570069
002082.SZ,20260326,selected_A,selected_A,mixed_A,0.8971196825667613,0.2700993204391009,0.817365762263927,0.09506080913378011,0.6941703352633396
002294.SZ,20260326,missed_A,missed_A,mixed_A,0.8695381405078006,0.4961317302665969,0.3147920641845204,0.2997021593447506,0.6080355832284028
002655.SZ,20260326,selected_A,selected_A,mixed_A,0.8523699429160566,0.6629639309984318,0.6750037409994059,0.3235914619012162,0.7097710190929053
002850.SZ,20260326,missed_A,missed_A,mixed_A,0.44679852532027464,0.503450078410873,0.1939639981705281,0.5948126085877389,0.4114571613320175
003043.SZ,20260326,missed_A,missed_A,mixed_A,0.48679903556776244,0.4703606900156821,0.5959893670354162,0.1922313229089104,0.46826762698064006
600869.SH,20260326,missed_A,missed_A,mixed_A,0.22176874456791307,0.3056455828541558,0.6506433032747062,0.5948126085877389,0.3933316476762095
603061.SH,20260326,missed_A,missed_A,mixed_A,0.38514237308043464,0.6598797699947726,0.5370854051586447,0.1922313229089104,0.42166521326569234
603787.SH,20260326,missed_A,missed_A,mixed_A,0.7886220606800737,0.1606900156821746,0.5296104072765235,0.04011541325390916,0.5487999457154715
000890.SZ,20260327,selected_A,selected_A,mixed_A,0.9084650019370597,0.5606377417668583,0.8059292748124475,0.48712459667411273,0.7848472833494444
002038.SZ,20260327,missed_A,missed_A,mixed_A,0.6513651049110245,0.4210925248301097,0.34705752503301585,0.5330106726234798,0.5345077870902992
002328.SZ,20260327,missed_A,missed_A,mixed_A,0.5678540505795036,0.22979613173026658,0.5761096375262955,0.6252792256142964,0.5447259316864967
002361.SZ,20260327,missed_A,missed_A,chip_support_A,0.4996320410921502,0.4981442760062728,0.7429863203404689,0.8966244725738396,0.6198706991178955
002437.SZ,20260327,missed_A,missed_A,mixed_A,0.4910524726560418,0.2662049137480397,0.5039039919925012,0.906614544551998,0.5341149073837499
002755.SZ,20260327,missed_A,missed_A,mixed_A,0.5979133015853931,0.5532148457919499,0.3991322915168214,0.906614544551998,0.5900533899338967
002773.SZ,20260327,missed_A,missed_A,mixed_A,0.3835924610485938,0.318504966021955,0.38342749778884055,0.906614544551998,0.4554957832565022
002940.SZ,20260327,missed_A,missed_A,mixed_A,0.45567627519629517,0.46492420282279145,0.27827350745857116,0.906614544551998,0.4798911164278692
603087.SH,20260327,missed_A,missed_A,mixed_A,0.3281352348845962,0.4318348144276006,0.28992403170302417,0.5330106726234798,0.3596837077043361
603288.SH,20260327,missed_A,missed_A,high_momentum_frontline_A,0.8174366218651619,0.3411265028750653,0.485547692090835,0.6650533631173989,0.663975888710406
603456.SH,20260327,missed_A,missed_A,mixed_A,0.3567134293390982,0.4428515420805018,0.31540917068555213,0.669831223628692,0.4019688450932911
605319.SH,20260327,missed_A,missed_A,high_momentum_frontline_A,0.6624234832728272,0.3072660742289598,0.2619403509867047,0.6252792256142964,0.5212153206481301
000078.SZ,20260330,missed_A,missed_A,mixed_A,0.3116746502389815,0.5785938316779927,0.2608245514692291,0.5802618515760735,0.36594212389100833
000592.SZ,20260330,missed_A,missed_A,mixed_A,0.3467129444409691,0.5193413486670151,0.6894041403418034,0.3741933482253661,0.4537706444064418
002132.SZ,20260330,missed_A,missed_A,mixed_A,0.5044126190600706,0.23274960794563512,0.4112305975500502,0.23737279722015386,0.4138948392951345
002263.SZ,20260330,missed_A,missed_A,mixed_A,0.8751665096958889,0.12527443805541036,0.528786190600341,0.40335691238520727,0.6428107831613519
002370.SZ,20260330,selected_A,selected_A,high_momentum_frontline_A,0.7733500883585325,0.5305802404600104,0.4957802152484622,0.7497517994539588,0.6761408919554766
002475.SZ,20260330,missed_A,missed_A,mixed_A,0.5252830237436052,0.2163355985363304,0.3271802790938091,0.7373107470836436,0.4766667535614345
002479.SZ,20260330,missed_A,missed_A,mixed_A,0.6398508757090379,0.11570831155253528,0.5083785167056646,0.13101886324149914,0.47824372767241347
002788.SZ,20260330,missed_A,missed_A,mixed_A,0.38745784951790796,0.6465499215891269,0.2422569291013928,0.5802618515760735,0.40598742692962586
002792.SZ,20260330,missed_A,missed_A,mixed_A,0.06696657222345918,0.692080501829587,0.40477244750222097,0.8460846363862,0.33079714362817353
002821.SZ,20260330,missed_A,missed_A,mixed_A,0.7417858109253387,0.4656299006795609,0.34466453306499834,0.36401712583767687,0.5582245976725265
600105.SH,20260330,missed_A,missed_A,mixed_A,0.15765216962187473,0.4044171458442237,0.6389688076916669,0.8460846363862,0.40592269677620646
600428.SH,20260330,selected_A,selected_A,mixed_A,0.7986569141412939,0.3546262415054887,0.740659039330126,0.4010920824025813,0.6801196534141145
600988.SH,20260330,selected_A,selected_A,high_momentum_frontline_A,0.8278205097106327,0.16842655514898067,0.6495049521601857,0.6478654753040457,0.6903089697058676
603122.SH,20260330,missed_A,missed_A,mixed_A,0.5462553637098239,0.5167015159435441,0.43372850646240535,0.5802618515760735,0.5202692378012788
603127.SH,20260330,missed_A,missed_A,mixed_A,0.16406804320641893,0.48876110820700464,0.3252470721839622,0.5846674112683048,0.2999220121601462
603156.SH,20260330,missed_A,missed_A,mixed_A,0.5094825085234389,0.22571876633559854,0.39640400587702596,0.2927525440555969,0.42032701397287536
603345.SH,20260330,missed_A,missed_A,mixed_A,0.2226809806382271,0.5572399372713015,0.5436696970912976,0.6814656242243733,0.4052017519527241
603716.SH,20260330,missed_A,missed_A,mixed_A,0.7278099818901408,0.12145844223732358,0.31887745455907957,0.5802618515760735,0.5428094765449837
