hold_days,drawdown_min,drawdown_max,vol_shrink_ratio,last_limit_up_days_min,last_limit_up_days_max,limit_up_count_10_max,picks_per_day,valid_folds,total_test_trades,avg_test_win_rate,median_test_win_rate,avg_test_day_win_rate,avg_test_return,avg_test_max_drawdown,avg_test_profit_factor,win_rate_std,score
3,0.03,0.06,0.55,2,4,1,1,1,4,0.75,0.75,0.75,0.033803628125510035,0.0,7.051614582077556,0.0,0.7680643537506121
3,0.03,0.08,0.55,2,4,1,1,1,4,0.75,0.75,0.75,0.033803628125510035,0.0,7.051614582077556,0.0,0.7680643537506121
3,0.03,0.1,0.55,2,4,1,1,1,4,0.75,0.75,0.75,0.033803628125510035,0.0,7.051614582077556,0.0,0.7680643537506121
3,0.04,0.06,0.55,2,4,1,1,1,4,0.75,0.75,0.75,0.033803628125510035,0.0,7.051614582077556,0.0,0.7680643537506121
3,0.04,0.08,0.55,2,4,1,1,1,4,0.75,0.75,0.75,0.033803628125510035,0.0,7.051614582077556,0.0,0.7680643537506121
3,0.04,0.1,0.55,2,4,1,1,1,4,0.75,0.75,0.75,0.033803628125510035,0.0,7.051614582077556,0.0,0.7680643537506121
2,0.03,0.08,0.6,2,4,1,2,4,21,0.6800595238095238,0.6458333333333333,0.85,0.030929145676406044,-0.006634364843499552,3.957183309571397,0.2054380016793719,0.7359105966104033
2,0.03,0.08,0.6,2,4,1,3,4,25,0.6666666666666666,0.6111111111111112,0.85,0.028925776333752845,-0.006605418730048079,3.718685593296952,0.20786985482077452,0.7272886929672356
2,0.04,0.08,0.6,2,4,1,2,3,16,0.6428571428571428,0.6666666666666666,0.8666666666666667,0.028028291901782965,-0.004637406375627077,5.487245875569386,0.16609880584489167,0.7224086046685205
3,0.04,0.08,0.55,2,4,1,3,2,9,0.6666666666666666,0.6666666666666666,0.75,0.020683680568991197,0.0,6.448791918894939,0.0,0.7148204166827894
2,0.04,0.08,0.6,2,4,1,3,3,19,0.6084656084656084,0.6666666666666666,0.8666666666666667,0.026202602077997794,-0.004598811557691744,4.640905924675336,0.11759846968726387,0.7086262446745504
3,0.03,0.06,0.7,2,4,1,2,4,38,0.646969696969697,0.6666666666666666,0.75,0.032146681043373676,-0.016013603616499533,4.805710663155462,0.12371469592228797,0.7078935727806491
2,0.04,0.1,0.6,2,4,1,2,4,19,0.6488095238095237,0.6666666666666666,0.775,0.02730970632879094,-0.003478054781720308,7.05567084043524,0.14421477904268712,0.7077813844116135
3,0.03,0.08,0.6,2,4,1,3,4,25,0.6041666666666666,0.6666666666666666,0.8,0.038269626761278194,-0.003985783171995189,56.65547325994656,0.16002386974726268,0.7045183485531133
3,0.04,0.08,0.6,2,4,1,3,3,19,0.6084656084656084,0.6666666666666666,0.7833333333333333,0.03422359946596331,-0.0053143775626602885,9.799269886718982,0.11759846968726387,0.701498906952846
2,0.04,0.1,0.55,2,4,1,3,3,12,0.7222222222222222,0.6666666666666666,0.6666666666666666,0.016717510968593332,-0.004521621921821188,6.791582781521401,0.20786985482077452,0.7012221634793648
3,0.03,0.06,0.7,2,4,1,1,4,24,0.6625,0.625,0.6625,0.03949055474294774,-0.029434793944761173,9.13117740286979,0.1709349291397168,0.7008066960869885
2,0.04,0.1,0.6,2,4,1,3,4,22,0.6230158730158729,0.6666666666666666,0.775,0.02594043896095206,-0.0034491086682688077,6.420915877264703,0.10491511163811339,0.6976785676390439
2,0.03,0.1,0.6,2,4,1,2,4,22,0.6175595238095238,0.6458333333333333,0.7666666666666666,0.026943903228720208,-0.006634364843499552,9.037488918250945,0.11802950059287756,0.6933293190934332
2,0.03,0.1,0.6,2,4,1,3,4,26,0.6166666666666667,0.6111111111111112,0.7666666666666666,0.02587572061596662,-0.006605418730048079,10.487842696274269,0.13182011686338527,0.6905459384758167
2,0.04,0.06,0.6,2,4,1,2,2,13,0.6309523809523809,0.6309523809523809,0.8,0.018753077498165918,-0.006956109563440616,4.312374297387979,0.2023809523809524,0.6894070550882815
4,0.03,0.06,0.7,2,4,1,2,4,38,0.6196969696969697,0.5727272727272728,0.7,0.03283709714557956,-0.031501838521536596,4.655092315069689,0.12832358375902825,0.6842220456150251
3,0.03,0.08,0.6,2,4,1,2,4,21,0.5610119047619048,0.6458333333333333,0.8,0.03739247209635181,-0.005072718622711747,39.02590902508655,0.15985079981954373,0.6839295334381904
2,0.03,0.1,0.55,2,4,1,3,3,13,0.6984126984126985,0.6666666666666666,0.6666666666666666,0.011699901652858611,-0.01111369394138395,6.15006536344017,0.23436227079735555,0.6815763046657235
3,0.03,0.06,0.7,2,4,1,3,4,50,0.6032738095238095,0.5982142857142857,0.725,0.02824392017117102,-0.011622435953371368,4.470073200932496,0.10207378825290712,0.6808053231164823
2,0.04,0.1,0.55,2,4,1,2,3,11,0.6888888888888888,0.6666666666666666,0.6666666666666666,0.014694295901916727,-0.004521621921821224,6.438012230733148,0.2454524670486058,0.6807876964211262
3,0.03,0.06,0.6,2,4,1,3,3,22,0.5833333333333334,0.6666666666666666,0.7333333333333334,0.0320447632623651,-0.005314377562660251,68.58724900640313,0.1800205749557739,0.6725810112775237
2,0.03,0.06,0.7,2,4,1,1,4,24,0.6333333333333333,0.6,0.6333333333333333,0.027495609270694582,-0.03388077308668838,3.969182999045154,0.14142135623730953,0.6692819965221128
2,0.04,0.06,0.6,2,4,1,1,2,9,0.8,0.8,0.8,0.03259988878701962,-0.004947372061900379,1.5778045745151283,0.2,0.6687505478582058
2,0.04,0.08,0.6,2,4,1,1,2,9,0.8,0.8,0.8,0.03259988878701962,-0.004947372061900379,1.5778045745151283,0.2,0.6687505478582058
2,0.04,0.1,0.6,2,4,1,1,2,9,0.8,0.8,0.8,0.03259988878701962,-0.004947372061900379,1.5778045745151283,0.2,0.6687505478582058
3,0.04,0.06,0.55,2,4,1,2,2,8,0.6333333333333333,0.6333333333333333,0.625,0.01641811183828752,0.0,5.000595605264715,0.033333333333333326,0.6670350675392783
3,0.04,0.06,0.55,2,4,1,3,2,8,0.6333333333333333,0.6333333333333333,0.625,0.01641811183828752,0.0,5.000595605264715,0.033333333333333326,0.6670350675392783
3,0.04,0.08,0.55,2,4,1,2,2,8,0.6333333333333333,0.6333333333333333,0.625,0.01641811183828752,0.0,5.000595605264715,0.033333333333333326,0.6670350675392783
2,0.04,0.08,0.6,2,4,2,2,4,21,0.6145833333333334,0.6041666666666667,0.6833333333333333,0.032742010665993734,-0.012714423263257918,3.4707960337920682,0.31093357409581873,0.6661191627466028
3,0.03,0.1,0.6,2,4,1,3,4,26,0.5666666666666667,0.6333333333333333,0.7166666666666667,0.032631739086138284,-0.003985783171995189,7.888811077897206,0.13743685418725535,0.6660181779210794
2,0.04,0.06,0.6,2,4,2,2,4,21,0.6145833333333334,0.6041666666666667,0.6833333333333333,0.03154146725329561,-0.015115510088654166,3.31178145424289,0.31093357409581873,0.6643903802323174
2,0.03,0.1,0.6,2,4,1,1,3,13,0.6222222222222222,0.6,0.6222222222222222,0.019955266608267765,-0.018776758404051835,6.296005810337351,0.03142696805273544,0.6636233959216609
2,0.03,0.1,0.55,2,4,1,2,3,12,0.6666666666666666,0.6666666666666666,0.6666666666666666,0.011036515928606652,-0.01111369394138395,6.1323180702399025,0.2721655269759087,0.6634702670166226
4,0.03,0.06,0.7,2,4,1,1,4,24,0.6125,0.6,0.6125,0.04212285525624965,-0.035224743951716375,4.729158852762484,0.2747157621979489,0.6624681960574577
2,0.04,0.06,0.6,2,5,1,1,4,22,0.6309523809523809,0.6666666666666666,0.6309523809523809,0.02390387793825942,-0.02916190118618417,14.305295673752559,0.18860689902089117,0.6602157210809456
4,0.03,0.06,0.7,2,4,1,3,4,50,0.5702380952380952,0.55,0.7,0.025060759629745247,-0.02327833691866063,3.1220336766326495,0.09656075596139839,0.6561617935056859
4,0.03,0.08,0.6,2,4,1,3,4,25,0.5208333333333333,0.5,0.8,0.031909840713493884,-0.015678956646635905,12.511430779679626,0.18980069956550624,0.6556012780933559
3,0.04,0.08,0.6,2,4,1,2,3,16,0.5396825396825397,0.6666666666666666,0.7166666666666667,0.03358590449579566,-0.0067636248302823665,9.329880450164914,0.17958267458705965,0.6513153126388324
3,0.03,0.08,0.7,2,4,1,2,4,40,0.5689935064935066,0.5357142857142857,0.6875,0.022562924823000628,-0.030282852347502526,3.3435593481024304,0.11250304525403722,0.6479884018076555
3,0.04,0.1,0.6,2,4,1,3,4,22,0.5396825396825397,0.5555555555555556,0.7125,0.028387716911433422,-0.003985783171995216,7.771656107940169,0.15673347347723413,0.6464054312920446
3,0.03,0.06,0.6,2,4,1,2,3,18,0.5257936507936508,0.625,0.7333333333333334,0.030875223709129918,-0.006763624830282329,45.0811633599231,0.1706118478309973,0.6458634951686518
3,0.04,0.06,0.6,2,4,1,1,2,9,0.575,0.575,0.575,0.039139709203313326,-0.007422636579713704,19.499740166409474,0.175,0.6458269346544103
3,0.04,0.08,0.6,2,4,1,1,2,9,0.575,0.575,0.575,0.039139709203313326,-0.007422636579713704,19.499740166409474,0.175,0.6458269346544103
3,0.04,0.1,0.6,2,4,1,1,2,9,0.575,0.575,0.575,0.039139709203313326,-0.007422636579713704,19.499740166409474,0.175,0.6458269346544103
3,0.03,0.1,0.6,2,4,1,2,4,22,0.519345238095238,0.5625,0.7166666666666667,0.030923376610032374,-0.005072718622711747,7.437781797550706,0.14817573365506811,0.6416839574810984
2,0.03,0.06,0.6,2,4,1,2,3,18,0.6845238095238096,0.625,0.7999999999999999,0.025712620665535705,-0.008845819791332735,2.0172804483909976,0.23705128275880807,0.6402476939599723
3,0.03,0.1,0.7,2,4,1,2,4,41,0.5511363636363636,0.512987012987013,0.6875,0.02125316823334463,-0.030282852347502526,3.316990649471597,0.12679756167936623,0.6372374183003275
2,0.02,0.08,0.6,2,4,1,3,4,33,0.5306776556776557,0.5357142857142857,0.7333333333333333,0.017620654745477502,-0.018970991606738707,3.128554805581918,0.10299144846788581,0.6361005625459452
4,0.03,0.08,0.6,2,4,1,2,4,21,0.5029761904761905,0.5476190476190476,0.75,0.029790408869233058,-0.018078693866100504,9.742248738447763,0.17544384110939873,0.6358828258046814
2,0.04,0.06,0.6,2,4,1,3,2,15,0.5446428571428572,0.5446428571428572,0.8,0.01378199031856068,-0.006898217336537726,2.8106637157369088,0.16964285714285715,0.6320815567036984
3,0.04,0.1,0.55,2,4,1,3,3,12,0.5555555555555555,0.6666666666666666,0.6666666666666666,0.017415810128608714,0.0,4.862132869797869,0.15713484026367722,0.6316615182665696
2,0.04,0.1,0.6,2,4,2,1,4,16,0.6208333333333333,0.575,0.6208333333333333,0.03173618542681711,-0.028830611456328425,2.661188306184193,0.27012728481217885,0.6294502975138491
4,0.04,0.08,0.6,2,4,1,3,3,19,0.4656084656084656,0.4444444444444444,0.7666666666666666,0.032924275721130936,-0.01662961737232327,5.5954362040557255,0.1562415138649037,0.6278713985286289
2,0.04,0.08,0.55,2,4,1,3,2,9,0.75,0.75,0.75,0.012499291647982563,-0.0067824328827317815,1.8222198280100006,0.25,0.6274628442724514
2,0.04,0.06,0.6,2,5,1,2,4,30,0.5764957264957264,0.5641025641025641,0.5753968253968254,0.0232803255356058,-0.0302577546289913,9.783895766662422,0.15248866913424314,0.6266088085589505
3,0.03,0.06,0.7,2,4,2,2,4,45,0.5938568376068376,0.5902777777777778,0.6642857142857143,0.01602082680313418,-0.09088668796957594,2.7914244634885526,0.0992455669994057,0.6237856211067634
2,0.04,0.1,0.6,2,5,1,2,4,35,0.5694444444444444,0.5833333333333333,0.6156746031746032,0.01730295984676589,-0.034622571129173135,4.585000308875687,0.16839382851364085,0.6225222576344476
3,0.04,0.06,0.7,2,4,2,3,4,44,0.5693889443889444,0.5641025641025641,0.6023809523809524,0.01926007229959143,-0.04293170761305776,6.044245056488432,0.16600109915938557,0.6213814093644073
2,0.04,0.08,0.6,2,5,1,1,4,24,0.5865079365079364,0.5777777777777777,0.5865079365079364,0.01597692728402582,-0.03594333613309017,8.469521208136406,0.18606499242440985,0.6212040717410661
3,0.04,0.06,0.7,2,4,1,2,4,29,0.5628787878787879,0.55,0.5642857142857143,0.025495993037183,-0.016841873080501002,5.18697970975717,0.17550105365698165,0.6206866799849984
2,0.04,0.08,0.6,2,5,1,2,4,34,0.5682539682539682,0.5476190476190476,0.6087301587301587,0.015827797138491407,-0.03196450753846117,4.456510749574088,0.15922146187905226,0.6198802161715676
2,0.03,0.06,0.6,2,4,1,1,2,10,0.6,0.6,0.6,0.015299839055695319,-0.02816513760607775,2.6839351978661723,0.0,0.6196948061833988
2,0.03,0.08,0.6,2,4,1,1,2,10,0.6,0.6,0.6,0.015299839055695319,-0.02816513760607775,2.6839351978661723,0.0,0.6196948061833988
4,0.03,0.1,0.6,2,4,1,3,4,26,0.4833333333333333,0.4666666666666667,0.7166666666666667,0.027196614035654692,-0.015678956646635905,4.659775497362231,0.15184055965240498,0.6194405506063303
2,0.02,0.1,0.6,2,4,1,3,4,34,0.5128205128205128,0.5,0.6916666666666667,0.016925875777997285,-0.018970991606738707,3.0988332449030764,0.1005409432138341,0.6190938205862455
3,0.04,0.08,0.7,2,4,2,3,4,49,0.5452380952380953,0.5571428571428572,0.675595238095238,0.018099305263349394,-0.07492290522927703,5.908362255526327,0.18024611544085845,0.6187849189294279
3,0.04,0.06,0.7,2,4,2,2,4,35,0.542929292929293,0.5222222222222221,0.6023809523809524,0.02283838404738518,-0.036212094454892374,5.452405931948378,0.12977636104991708,0.6174728729326541
2,0.04,0.06,0.6,2,5,2,1,4,26,0.5642857142857143,0.5,0.5642857142857143,0.02452061565137998,-0.05051953609918239,7.640447544815553,0.1739399380269417,0.616232913693313
4,0.02,0.08,0.6,2,4,1,3,4,33,0.4864468864468864,0.4857142857142857,0.6916666666666667,0.023484807167007665,-0.02574878161758329,4.320084249102955,0.14064789330708083,0.611074515576165
3,0.04,0.1,0.6,2,4,1,2,4,19,0.488095238095238,0.5,0.6625,0.027909445683807686,-0.005072718622711775,7.4196140305246185,0.17936332349189718,0.6106763998493491
3,0.04,0.06,0.55,2,5,1,1,2,8,0.5666666666666667,0.5666666666666667,0.5666666666666667,0.018141303133495774,-0.020163060732370952,5.778563436759328,0.23333333333333336,0.6090166631389771
3,0.04,0.08,0.55,2,5,1,1,2,8,0.5666666666666667,0.5666666666666667,0.5666666666666667,0.018141303133495774,-0.020163060732370952,5.778563436759328,0.23333333333333336,0.6090166631389771
3,0.04,0.06,0.6,2,4,1,3,2,15,0.5446428571428572,0.5446428571428572,0.575,0.019250806387055695,-0.007971566343990488,3.612164441863485,0.16964285714285715,0.6086622368460451
2,0.04,0.1,0.6,2,4,2,2,4,24,0.53125,0.5208333333333333,0.6208333333333333,0.021975036574130087,-0.025346597011168925,3.8214092729181477,0.23081791464750354,0.6080921857424821
3,0.04,0.08,0.6,2,4,2,3,4,25,0.4952380952380952,0.5333333333333333,0.6708333333333334,0.024693261346675613,-0.017267978574731363,34.343001412510205,0.20832993194502245,0.6079171711552507
2,0.04,0.08,0.6,2,5,1,3,4,39,0.5426470588235294,0.5686274509803921,0.6087301587301587,0.014503720646011806,-0.03193636258644919,3.9677829319548925,0.1492862359307443,0.6075664106070008
3,0.04,0.06,0.7,2,4,1,3,4,36,0.5476190476190477,0.5,0.5642857142857143,0.020522797527517067,-0.017007042401222278,5.331273734724209,0.19121879052629775,0.6065747229884844
2,0.04,0.1,0.6,2,5,1,3,4,41,0.5380952380952381,0.5833333333333333,0.6156746031746032,0.015419443769605672,-0.03448507666204237,4.049365648566906,0.1642339462950527,0.6065041853982553
2,0.04,0.1,0.6,2,5,1,1,4,25,0.5656746031746032,0.5777777777777777,0.5656746031746032,0.01713538900523509,-0.03982545046465591,8.4678967324352,0.215571812949121,0.6062261597780858
4,0.03,0.08,0.7,2,4,1,2,4,40,0.5388933982683982,0.5539772727272727,0.5625,0.021354604359935997,-0.040026776253407614,6.723069386942855,0.1356629325863728,0.6049713066953838
3,0.03,0.08,0.7,2,4,1,3,4,53,0.5459325396825396,0.5347222222222222,0.6625,0.020969825547809937,-0.025891684684374305,2.6813032265745536,0.12863766389871287,0.6044396763664571
2,0.04,0.06,0.6,2,5,1,3,4,33,0.5321428571428571,0.5476190476190476,0.5753968253968254,0.02127860037439834,-0.03022960967697924,9.239158127901394,0.15534231821259908,0.6040230326246833
3,0.03,0.06,0.7,2,4,2,1,4,29,0.5892857142857142,0.5142857142857142,0.5892857142857142,0.009941863374569074,-0.1310942285526756,6.143778762748777,0.19255929381012246,0.6038298994040662
4,0.03,0.06,0.6,2,4,1,3,3,22,0.47222222222222215,0.3333333333333333,0.7333333333333334,0.01849606820736094,-0.020905275528847873,12.463075621554344,0.19641855032959654,0.6031398314256703
3,0.04,0.1,0.55,2,4,1,2,3,11,0.5333333333333333,0.6,0.5833333333333334,0.01457209764147293,0.0,3.8966686607110534,0.14401645996461912,0.6026318670392647
3,0.04,0.08,0.7,2,4,2,2,4,38,0.5075757575757576,0.5,0.6339285714285714,0.020418236258834696,-0.06706919574950074,5.265807957292381,0.12859165086496208,0.6013610531462696
3,0.02,0.06,0.7,2,4,1,1,4,28,0.55625,0.6125,0.55625,0.02452516297227506,-0.10498567723785554,3.7462063435654676,0.21964104238506973,0.6008231309073817
2,0.02,0.08,0.6,2,4,1,2,4,27,0.5053030303030303,0.4772727272727273,0.6499999999999999,0.014025580334526229,-0.01753895245542586,2.9578224316504,0.0996636906785486,0.600765085020892
4,0.04,0.06,0.7,2,4,1,1,3,16,0.5261904761904762,0.42857142857142855,0.5261904761904762,0.031667850660938475,-0.05488166058978172,4.223169565715465,0.1586865019328727,0.600744510891532
2,0.03,0.06,0.6,2,4,1,3,3,22,0.6666666666666666,0.5555555555555556,0.7999999999999999,0.02304146154199811,-0.00880722497339744,1.659533873979329,0.24002743327436518,0.6001534021099871
2,0.04,0.08,0.6,2,5,2,1,4,28,0.5464285714285714,0.4642857142857143,0.5464285714285714,0.021219093862805745,-0.054120628627459144,7.3083330379176505,0.1830509575534214,0.5995029320243694
3,0.03,0.1,0.7,2,4,1,1,4,25,0.5375,0.55,0.5375,0.02799175633107706,-0.06466197493526571,3.538364452203357,0.19803724397193576,0.5993626910873057
3,0.03,0.08,0.7,2,4,1,1,4,25,0.5375,0.55,0.5375,0.02692724208257046,-0.06466197493526571,3.5369512703354964,0.19803724397193576,0.5980852739890977
2,0.04,0.06,0.55,2,5,1,1,2,8,0.6333333333333333,0.6333333333333333,0.6333333333333333,0.007684151427456246,-0.013179948815075226,2.262050675184553,0.033333333333333326,0.5976034418699027
2,0.04,0.08,0.55,2,5,1,1,2,8,0.6333333333333333,0.6333333333333333,0.6333333333333333,0.007684151427456246,-0.013179948815075226,2.262050675184553,0.033333333333333326,0.5976034418699027
4,0.03,0.1,0.7,2,4,1,2,4,41,0.5269886363636364,0.5539772727272727,0.5625,0.019918971371972048,-0.04002677625340759,6.692112619172664,0.15402561022869096,0.5964223900412987
4,0.03,0.1,0.6,2,4,1,2,4,22,0.46130952380952384,0.4642857142857143,0.6666666666666666,0.02414883317459557,-0.018078693866100504,4.327052727142615,0.14949248041517094,0.595772377159988
3,0.04,0.06,0.7,2,4,2,1,4,22,0.5380952380952381,0.5476190476190476,0.5380952380952381,0.024422902559512846,-0.03575172422692158,39.06056434993464,0.2472983270971197,0.5949953147583199
3,0.04,0.06,0.6,2,4,2,3,4,23,0.4910714285714286,0.5,0.6208333333333333,0.023591382667621143,-0.020528663957462834,34.178232318782364,0.2022715040184071,0.5948133087285868
2,0.04,0.08,0.6,2,4,2,3,4,25,0.5785714285714286,0.5571428571428572,0.6833333333333333,0.02865569620273168,-0.01397766970923403,2.3459087561153544,0.304640973030516,0.5930347472487666
2,0.04,0.1,0.6,2,5,2,1,4,30,0.5464285714285714,0.4642857142857143,0.5464285714285714,0.017541682764685276,-0.0717281290553303,7.092726165170493,0.1830509575534214,0.5929771386552805
4,0.02,0.1,0.6,2,4,1,3,4,34,0.4685897435897436,0.45,0.65,0.021399128699215782,-0.02574878161758329,4.129429087354937,0.1330541332197685,0.5928101546027521
2,0.04,0.08,0.7,2,4,2,3,4,49,0.518452380952381,0.5666666666666667,0.6815476190476191,0.010801642758480466,-0.06985773876434004,8.96359344542024,0.2866570507404781,0.5912595738373128
3,0.03,0.06,0.7,2,4,2,3,4,58,0.5437834224598931,0.5352941176470588,0.6392857142857142,0.013664650497131474,-0.08829214975519092,2.743101083574736,0.08331148671760044,0.5911453733386004
3,0.04,0.06,0.55,2,4,2,1,1,5,0.6,0.6,0.6,0.017892900006859395,-0.04575001246774302,2.313846795254067,0.0,0.5910892221324274
3,0.04,0.08,0.55,2,4,2,1,1,5,0.6,0.6,0.6,0.017892900006859395,-0.04575001246774302,2.313846795254067,0.0,0.5910892221324274
2,0.04,0.06,0.6,2,4,2,3,4,23,0.5744047619047619,0.5238095238095238,0.6833333333333333,0.029191151090849493,-0.015086939722212034,2.334103873380463,0.30168355554632875,0.5909613834928942
4,0.04,0.1,0.6,2,4,1,3,4,22,0.43253968253968256,0.38888888888888884,0.7,0.02412570851183573,-0.012472213029242452,4.416327385293428,0.14693260779026682,0.5903424331703295
3,0.03,0.06,0.6,2,4,1,1,2,10,0.5,0.5,0.5,0.02980877490152403,-0.02589502833957824,4.661142094698601,0.09999999999999998,0.5896631264810794
3,0.03,0.08,0.6,2,4,1,1,2,10,0.5,0.5,0.5,0.02980877490152403,-0.02589502833957824,4.661142094698601,0.09999999999999998,0.5896631264810794
2,0.04,0.06,0.7,2,4,1,2,4,29,0.5026515151515152,0.5303030303030303,0.6767857142857143,0.009950247952364025,-0.03853643479795413,7.833769176360941,0.24078130544612802,0.5896037456067168
2,0.04,0.06,0.7,2,4,2,3,4,44,0.52501665001665,0.5879120879120879,0.65,0.011628783090303362,-0.06563323606100716,19.025194364614215,0.28432411487046017,0.5895901146988989
3,0.02,0.08,0.6,2,4,1,3,4,33,0.48919413919413923,0.44505494505494503,0.5583333333333333,0.02319266855256659,-0.017358357171368965,6.638463845734387,0.10475213843152575,0.5891720576320228
3,0.04,0.06,0.7,2,4,1,1,3,16,0.5190476190476191,0.5,0.5190476190476191,0.03009871136415354,-0.02868141399474085,25.303562057882413,0.2686153290699134,0.5885684100129747
2,0.04,0.1,0.6,2,4,2,3,4,28,0.4952380952380952,0.5333333333333333,0.6208333333333333,0.01788872211086803,-0.026609843457145038,2.977743814660613,0.20832993194502245,0.5868502054592409
2,0.02,0.1,0.6,2,4,1,2,4,28,0.48863636363636365,0.4772727272727273,0.6291666666666667,0.0139578671680822,-0.02697722528013405,2.946471559818236,0.11948341133020836,0.5853909224168218
4,0.04,0.06,0.7,2,4,2,1,4,22,0.5166666666666666,0.5,0.5166666666666666,0.02271526927805745,-0.07583129649223608,10.199330500570191,0.10824826592066003,0.5853320396142812
4,0.03,0.06,0.55,2,4,1,1,1,4,0.5,0.5,0.5,0.01738495132045194,-0.008591433881732446,3.247934590473138,0.0,0.5848309695187344
4,0.03,0.08,0.55,2,4,1,1,1,4,0.5,0.5,0.5,0.01738495132045194,-0.008591433881732446,3.247934590473138,0.0,0.5848309695187344
4,0.03,0.1,0.55,2,4,1,1,1,4,0.5,0.5,0.5,0.01738495132045194,-0.008591433881732446,3.247934590473138,0.0,0.5848309695187344
4,0.04,0.06,0.55,2,4,1,1,1,4,0.5,0.5,0.5,0.01738495132045194,-0.008591433881732446,3.247934590473138,0.0,0.5848309695187344
4,0.04,0.08,0.55,2,4,1,1,1,4,0.5,0.5,0.5,0.01738495132045194,-0.008591433881732446,3.247934590473138,0.0,0.5848309695187344
4,0.04,0.1,0.55,2,4,1,1,1,4,0.5,0.5,0.5,0.01738495132045194,-0.008591433881732446,3.247934590473138,0.0,0.5848309695187344
3,0.04,0.08,0.6,2,4,2,2,4,21,0.4583333333333333,0.4583333333333333,0.6208333333333333,0.026428854895773627,-0.01807487285535156,34.24961987194462,0.20833333333333331,0.5832956411322862
3,0.04,0.06,0.6,2,4,2,2,4,21,0.4583333333333333,0.4583333333333333,0.6208333333333333,0.024668676365019498,-0.021595229916859804,34.15703894917867,0.20833333333333331,0.5807609840480003
3,0.04,0.06,0.6,2,4,1,2,2,13,0.47619047619047616,0.47619047619047616,0.575,0.02190674811468475,-0.01014543724542355,3.564747664958933,0.19047619047619047,0.5791182643157899
3,0.04,0.06,0.6,2,4,2,1,3,12,0.4944444444444444,0.4,0.4944444444444444,0.0299674327761639,-0.03682160970398307,12.871165500017213,0.18274315781553918,0.5783117624305644
3,0.04,0.08,0.6,2,4,2,1,3,12,0.4944444444444444,0.4,0.4944444444444444,0.0299674327761639,-0.03682160970398307,12.871165500017213,0.18274315781553918,0.5783117624305644
2,0.04,0.06,0.7,2,4,2,2,4,35,0.4868686868686869,0.5181818181818182,0.65,0.01405841258201182,-0.06142252287314076,18.64795192309628,0.2593934673836922,0.577838824053851
4,0.03,0.06,0.6,2,4,1,2,3,18,0.44841269841269843,0.42857142857142855,0.6666666666666666,0.01567015908167983,-0.02410492515480067,8.770832899911857,0.1706810568857664,0.5773761629476261
3,0.03,0.1,0.7,2,4,1,3,4,54,0.5285714285714286,0.5,0.6625,0.019282875492588978,-0.025891684684374305,2.4527826873071654,0.12127025679310513,0.5769105857272496
3,0.04,0.08,0.55,2,5,1,3,3,17,0.48333333333333334,0.5,0.611111111111111,0.013151145340375795,-0.0134420404882473,4.955612854246844,0.22484562605386735,0.5759029016877741
3,0.02,0.1,0.6,2,4,1,3,4,34,0.475801282051282,0.4307692307692308,0.5375,0.021163815635433073,-0.01908413637487072,6.513856538137635,0.11460776142692054,0.5755484384064585
4,0.04,0.06,0.7,2,4,1,2,4,29,0.49924242424242427,0.4318181818181818,0.5196428571428571,0.02034203348964718,-0.03628097064848029,3.0201354382805254,0.18464189896660643,0.5738730341300927
3,0.02,0.06,0.7,2,4,1,2,4,45,0.5757211538461539,0.5576923076923077,0.63125,0.015674799114861533,-0.0731082900135673,2.297553955056449,0.07989850891644353,0.5727737190581754
2,0.04,0.08,0.7,2,4,2,2,4,38,0.484469696969697,0.5189393939393939,0.6398809523809523,0.012485638450381645,-0.06993022625891254,8.400922569413927,0.25399104260685634,0.5722594096933941
3,0.03,0.06,0.6,2,4,2,3,4,30,0.4806818181818182,0.43636363636363634,0.5833333333333334,0.016737614251948117,-0.020528663957462834,68.41727446585755,0.23057543449321644,0.5721491475164697
2,0.04,0.08,0.6,2,5,2,2,4,39,0.5069444444444444,0.4375,0.5214285714285714,0.016278379981965622,-0.05781814629034429,3.0525253157556533,0.16448221225454182,0.5718480157288683
4,0.04,0.06,0.7,2,5,1,1,4,36,0.5153846153846153,0.5,0.5153846153846153,0.01662576170907051,-0.07912603562284384,2.869313793232961,0.05131409255433204,0.5708957658304337
3,0.04,0.1,0.6,2,4,2,1,4,16,0.4958333333333333,0.45,0.4958333333333333,0.024094686079889575,-0.06421915859886726,9.947550019094408,0.15827849927685483,0.5708367109885217
2,0.04,0.06,0.7,2,4,1,3,4,36,0.4702380952380953,0.48214285714285715,0.6767857142857143,0.007192807827589149,-0.038507488684502655,7.776984276084344,0.26385905070597027,0.5698660324087748
2,0.04,0.06,0.6,2,5,2,2,4,36,0.5027777777777778,0.45,0.5142857142857142,0.017102110360177943,-0.05658801703054564,3.021975317458124,0.1694899756677422,0.5692799151922715
3,0.04,0.06,0.55,2,5,1,2,3,15,0.48809523809523814,0.5,0.5444444444444444,0.012718379097590743,-0.0134420404882473,4.1165134865100885,0.18973068393463366,0.5670023013754947
3,0.04,0.08,0.55,2,5,1,2,3,15,0.48809523809523814,0.5,0.5444444444444444,0.012718379097590743,-0.0134420404882473,4.1165134865100885,0.18973068393463366,0.5670023013754947
3,0.03,0.08,0.6,2,4,2,2,4,25,0.4618055555555556,0.4375,0.5833333333333334,0.01910502220969789,-0.01807487285535156,51.16723054569532,0.23019026449954474,0.5668209874156984
2,0.04,0.1,0.6,2,5,2,2,4,43,0.5022467320261438,0.42810457516339867,0.5464285714285714,0.01422484711025715,-0.06797361324966322,2.9336275812042234,0.16096365233266594,0.5660228409495527
3,0.04,0.08,0.7,2,4,1,2,4,32,0.47519841269841273,0.4642857142857143,0.5875,0.015260331782238408,-0.054277197641719954,2.9699092247165586,0.18861472617002495,0.565641980019688
3,0.03,0.06,0.55,2,4,1,2,2,9,0.5833333333333333,0.5833333333333333,0.5,0.004333928558504779,-0.02556579348002591,2.592210733656359,0.08333333333333331,0.5653430110784446
3,0.03,0.08,0.55,2,4,1,2,2,9,0.5833333333333333,0.5833333333333333,0.5,0.004333928558504779,-0.02556579348002591,2.592210733656359,0.08333333333333331,0.5653430110784446
3,0.03,0.08,0.6,2,4,2,3,4,31,0.4681818181818182,0.43636363636363634,0.5833333333333334,0.016052535786783388,-0.01726797857473139,68.39724654888423,0.24372284760826385,0.5650415425549961
4,0.04,0.08,0.6,2,4,1,2,3,16,0.42063492063492064,0.42857142857142855,0.6166666666666667,0.025678199444723146,-0.02046535242251979,5.001930138036039,0.20420127508362865,0.5646409426553227
3,0.03,0.06,0.6,2,4,2,2,4,25,0.4618055555555556,0.4375,0.5833333333333334,0.01734484367894376,-0.021595229916859804,51.07464962292937,0.23019026449954474,0.5642863303314125
3,0.03,0.06,0.55,2,5,1,1,2,9,0.5,0.5,0.5,0.01333130565978319,-0.03133483238670687,3.7884207331054975,0.16666666666666666,0.5639040535720016
3,0.03,0.08,0.55,2,5,1,1,2,9,0.5,0.5,0.5,0.01333130565978319,-0.03133483238670687,3.7884207331054975,0.16666666666666666,0.5639040535720016
2,0.03,0.06,0.7,2,4,1,2,4,38,0.5340909090909091,0.5681818181818181,0.5791666666666666,0.019363611680784647,-0.026290732372723224,2.4608033608750444,0.1318160048583736,0.5625746770377908
3,0.04,0.06,0.55,2,5,1,3,3,16,0.4714285714285715,0.5,0.5444444444444444,0.011351501613739235,-0.0134420404882473,3.9901486451600285,0.21092604371762,0.5561664196122338
3,0.02,0.08,0.6,2,4,1,2,4,27,0.4240530303030303,0.4147727272727273,0.6,0.017416599232976608,-0.018445292622085524,6.408671007724442,0.167628402020397,0.5561000754396537
2,0.03,0.1,0.6,2,4,2,2,4,28,0.48065476190476186,0.47916666666666663,0.5333333333333333,0.012852129588361107,-0.03826026215621092,2.970840357838303,0.19385831951251845,0.5559511966371603
3,0.04,0.1,0.55,2,5,1,3,3,18,0.47222222222222227,0.5,0.5555555555555555,0.010316642630931058,-0.019423742967202545,4.735646656270674,0.23895347964007296,0.5545439547409582
4,0.02,0.08,0.6,2,4,1,2,4,27,0.43712121212121213,0.45,0.5666666666666667,0.01800259356303984,-0.03126273989485187,3.9570859023941507,0.17550105365698163,0.5538493779835858
2,0.03,0.06,0.7,2,4,1,3,4,50,0.5089285714285714,0.55,0.6416666666666666,0.01675398544198304,-0.029109441588595963,2.3879667312354425,0.13973142971064023,0.5538216641379228
4,0.03,0.08,0.7,2,4,1,3,4,53,0.5234126984126983,0.5277777777777778,0.625,0.01825090909138756,-0.032967694506541634,2.2181764336044663,0.04215137569720642,0.5525626864871752
4,0.04,0.08,0.6,2,4,2,3,4,25,0.3880952380952381,0.34285714285714286,0.6083333333333334,0.026235341967055327,-0.024458859426514323,10.874310507665166,0.1757878282026878,0.5507938447825934
2,0.03,0.06,0.6,2,5,1,1,4,25,0.5729166666666666,0.5625,0.5729166666666666,0.01192468892969245,-0.08030168247259437,2.216606436178222,0.074389879463988,0.5484465826893917
4,0.03,0.08,0.7,2,4,1,1,4,25,0.47500000000000003,0.55,0.47500000000000003,0.026728847519289924,-0.07388185951779044,62.284169947307795,0.2947456530637899,0.54837914163591
4,0.03,0.1,0.7,2,4,1,1,4,25,0.47500000000000003,0.55,0.47500000000000003,0.026591473732362557,-0.07388185951779042,62.284169947307795,0.2947456530637899,0.5482142930915971
3,0.03,0.1,0.6,2,4,1,1,3,13,0.4444444444444444,0.4,0.4444444444444444,0.02501586012152864,-0.01770868063781139,3.7663853342971545,0.11331154474650633,0.5477179557784653
3,0.02,0.1,0.6,2,4,1,2,4,28,0.41571969696969696,0.4147727272727273,0.5791666666666666,0.015964745679820008,-0.03251031963354098,6.371485728398382,0.17900232308258557,0.5438434675828491
4,0.04,0.1,0.6,2,4,1,2,4,19,0.39880952380952384,0.38095238095238093,0.5875,0.01869115130452989,-0.015349014316889842,3.9711978357786633,0.1808387801305156,0.5430846831512536
3,0.03,0.06,0.55,2,4,1,3,2,10,0.5476190476190476,0.5476190476190476,0.5,0.0034867563677038822,-0.025565793480025856,2.5578742420134306,0.11904761904761904,0.5426509136894779
3,0.03,0.08,0.55,2,4,1,3,2,10,0.5476190476190476,0.5476190476190476,0.5,0.0034867563677038822,-0.025565793480025856,2.5578742420134306,0.11904761904761904,0.5426509136894779
3,0.04,0.1,0.55,2,5,1,2,3,16,0.4714285714285715,0.5,0.4888888888888889,0.009043600349486756,-0.020509337411281026,3.8037343120812612,0.21092604371762,0.5414377513532557
2,0.04,0.06,0.6,2,4,2,1,3,12,0.5777777777777777,0.4,0.5777777777777777,0.029444814388849622,-0.021597916944556556,1.9635301049614011,0.29979416807182313,0.5413964577399946
2,0.04,0.08,0.6,2,4,2,1,3,12,0.5777777777777777,0.4,0.5777777777777777,0.029444814388849622,-0.021597916944556556,1.9635301049614011,0.29979416807182313,0.5413964577399946
2,0.04,0.06,0.55,2,4,1,2,2,8,0.7,0.7,0.75,0.00946446904796766,-0.006782432882731837,1.1150787264334938,0.3,0.5407497690263129
2,0.04,0.06,0.55,2,4,1,3,2,8,0.7,0.7,0.75,0.00946446904796766,-0.006782432882731837,1.1150787264334938,0.3,0.5407497690263129
2,0.04,0.08,0.55,2,4,1,2,2,8,0.7,0.7,0.75,0.00946446904796766,-0.006782432882731837,1.1150787264334938,0.3,0.5407497690263129
2,0.04,0.06,0.55,2,5,1,2,3,15,0.5595238095238095,0.5,0.5222222222222223,0.0053719232597493685,-0.01632811657793661,2.385742530804055,0.1378075821760741,0.540551888542744
2,0.04,0.08,0.55,2,5,1,2,3,15,0.5595238095238095,0.5,0.5222222222222223,0.0053719232597493685,-0.01632811657793661,2.385742530804055,0.1378075821760741,0.540551888542744
2,0.03,0.1,0.6,2,4,2,1,4,18,0.48333333333333334,0.4666666666666667,0.48333333333333334,0.010906542750764161,-0.07413516125604147,3.158360567250816,0.2327373340628157,0.5397393118918334
4,0.02,0.1,0.6,2,4,1,2,4,28,0.4204545454545454,0.41666666666666663,0.5458333333333334,0.016029680369669945,-0.03402344577484315,3.886735530360736,0.1813045142996109,0.5390196539278659
4,0.02,0.06,0.7,2,4,1,1,4,28,0.47500000000000003,0.55,0.47500000000000003,0.023103066416416174,-0.11674033112504673,3.7846076449555723,0.2947456530637899,0.5388851877195907
4,0.04,0.08,0.7,2,4,1,1,3,18,0.4583333333333333,0.4,0.4583333333333333,0.01623428034608154,-0.08784335327906682,5.918695185695959,0.10069204977995475,0.5388012367060802
4,0.03,0.06,0.7,2,5,1,1,4,46,0.4972718253968254,0.4365079365079365,0.4972718253968254,0.017960973847876725,-0.10793003560776179,2.6921446163392493,0.11001929335243645,0.5383982766914022
4,0.04,0.06,0.6,2,4,2,3,4,23,0.3839285714285714,0.30952380952380953,0.5583333333333333,0.025272203547408535,-0.02585420247190301,10.767768779895722,0.16589425606394978,0.5383871232846696
4,0.03,0.06,0.7,2,4,2,1,4,29,0.48928571428571427,0.4857142857142857,0.48928571428571427,0.009938400780872676,-0.16475745301036143,3.8931357047006356,0.15855694914587937,0.5375063449298478
3,0.02,0.06,0.7,2,4,1,3,4,59,0.5340909090909092,0.5277777777777778,0.6062500000000001,0.012367206028002765,-0.07519527313808899,2.168478376476035,0.07092094277769505,0.535212718243809
4,0.03,0.1,0.7,2,4,1,3,4,54,0.5095238095238095,0.5111111111111111,0.625,0.01663292501096072,-0.032967694506541634,2.0931681105651583,0.05482513028308109,0.5333565393806483
2,0.04,0.08,0.7,2,4,1,2,4,32,0.4454365079365079,0.4444444444444444,0.5875,0.0025697337318164658,-0.05495138334185756,3.19857961621149,0.2660265932893037,0.5331538155854412
4,0.04,0.08,0.7,2,4,2,3,4,49,0.5160714285714285,0.475,0.6175595238095237,0.012305345920998878,-0.09348391549992283,2.296764385987106,0.12543998528897016,0.5329983449201063
2,0.02,0.06,0.7,2,4,1,1,4,28,0.5125,0.55,0.5125,0.017447324464713462,-0.07580282007258565,2.534262329728314,0.22465250944514284,0.5297342365715996
4,0.03,0.06,0.6,2,4,2,3,4,30,0.4056818181818182,0.2863636363636364,0.5333333333333333,0.018122347163114734,-0.02906094608929649,16.695810268515647,0.22834689338593656,0.529215236442632
3,0.03,0.06,0.6,2,4,2,1,4,16,0.45,0.4666666666666667,0.45,0.01494310603717764,-0.05602189355572182,36.67387374399952,0.19075871903765995,0.5284484024949138
3,0.03,0.08,0.6,2,4,2,1,4,16,0.45,0.4666666666666667,0.45,0.01494310603717764,-0.05602189355572182,36.67387374399952,0.19075871903765995,0.5284484024949138
2,0.03,0.06,0.55,2,5,1,1,2,9,0.5833333333333333,0.5833333333333333,0.5833333333333333,0.0046969315680008665,-0.020690211138457704,1.8554578064531557,0.08333333333333331,0.5240901170612384
2,0.03,0.08,0.55,2,5,1,1,2,9,0.5833333333333333,0.5833333333333333,0.5833333333333333,0.0046969315680008665,-0.020690211138457704,1.8554578064531557,0.08333333333333331,0.5240901170612384
2,0.04,0.08,0.55,2,5,1,3,3,17,0.5499999999999999,0.5,0.5222222222222223,0.005302403088727921,-0.016328116577936647,2.2400025506794714,0.14719601443879746,0.5237724770608194
2,0.04,0.06,0.55,2,5,2,1,2,9,0.5833333333333333,0.5833333333333333,0.5833333333333333,0.004631342506448229,-0.02665330029053048,1.8481388268837078,0.08333333333333331,0.5227103211235707
2,0.04,0.08,0.55,2,5,2,1,2,9,0.5833333333333333,0.5833333333333333,0.5833333333333333,0.004631342506448229,-0.02665330029053048,1.8481388268837078,0.08333333333333331,0.5227103211235707
4,0.04,0.08,0.7,2,4,2,2,4,38,0.5174242424242425,0.55,0.6175595238095237,0.014473743414232845,-0.08867744223333676,2.0928670562577927,0.11742912990806066,0.5211150469898714
2,0.03,0.06,0.6,2,4,2,1,4,16,0.5333333333333333,0.4666666666666667,0.5333333333333333,0.019876842110249118,-0.061502987508130436,2.2799054399774863,0.3055050463303894,0.5210905501897577
2,0.03,0.08,0.6,2,4,2,1,4,16,0.5333333333333333,0.4666666666666667,0.5333333333333333,0.019876842110249118,-0.061502987508130436,2.2799054399774863,0.3055050463303894,0.5210905501897577
2,0.04,0.08,0.7,2,4,2,1,4,24,0.4419642857142857,0.47916666666666663,0.4419642857142857,0.015582072520990649,-0.06615943787554626,5.350038296013623,0.21520861938657718,0.5208194506434828
3,0.02,0.06,0.7,2,4,2,1,4,33,0.48390151515151514,0.4375,0.48390151515151514,0.001893382166451467,-0.20096830364596244,3.2631955719904995,0.15331260995274792,0.5204268382144912
4,0.03,0.08,0.6,2,4,2,3,4,31,0.3931818181818182,0.2863636363636364,0.5333333333333333,0.01568798963544897,-0.027665603043907777,16.59527564106549,0.23770380555126527,0.5200878956016535
4,0.03,0.08,0.6,2,4,2,2,4,25,0.3958333333333333,0.29166666666666663,0.48333333333333334,0.020710845853171178,-0.02618693776616718,14.575636628788,0.2072890493972125,0.5199191252067551
4,0.03,0.06,0.6,2,4,1,1,2,10,0.5,0.5,0.5,0.017225356389258352,-0.0433951152775528,2.315806136281913,0.09999999999999998,0.5177275047363568
4,0.03,0.08,0.6,2,4,1,1,2,10,0.5,0.5,0.5,0.017225356389258352,-0.0433951152775528,2.315806136281913,0.09999999999999998,0.5177275047363568
4,0.04,0.08,0.6,2,4,2,2,4,21,0.3645833333333333,0.3125,0.4958333333333333,0.025940983074529578,-0.023457258216956545,11.106053806700835,0.1895146395693776,0.5163823042045171
4,0.03,0.06,0.6,2,4,2,2,4,25,0.3958333333333333,0.29166666666666663,0.48333333333333334,0.01809645278264701,-0.031415723907215504,14.063151385076972,0.2072890493972125,0.5161543991852003
2,0.03,0.08,0.6,2,5,1,1,4,27,0.5451388888888888,0.5277777777777778,0.5451388888888888,0.009763246697334138,-0.08030168247259437,2.047831613115743,0.05138419648246091,0.51613576524853
2,0.03,0.1,0.7,2,4,1,1,4,25,0.5208333333333334,0.5,0.5208333333333334,0.02168302231505157,-0.05525187042755128,2.18301183896649,0.2190176933491904,0.5150506006428064
4,0.04,0.06,0.7,2,4,2,3,4,44,0.5028305028305028,0.458041958041958,0.48095238095238096,0.01181388013168809,-0.07634962742046514,2.438636033840561,0.09538497949404574,0.5149389876794936
4,0.04,0.06,0.6,2,4,2,2,4,21,0.3645833333333333,0.3125,0.4958333333333333,0.02332659000400541,-0.02868604435800487,10.593568562989807,0.1895146395693776,0.5126175781829624
2,0.03,0.08,0.6,2,4,2,2,4,25,0.5520833333333333,0.47916666666666663,0.5833333333333334,0.022283634709585734,-0.02562808840829986,1.8282022492087506,0.2937056704139934,0.5115288840127542
4,0.03,0.06,0.6,2,4,2,1,4,16,0.39999999999999997,0.3666666666666667,0.39999999999999997,0.024212832182913376,-0.055350824851573,13.183987941458795,0.1699673171197595,0.5088159142677264
4,0.03,0.08,0.6,2,4,2,1,4,16,0.39999999999999997,0.3666666666666667,0.39999999999999997,0.024212832182913376,-0.055350824851573,13.183987941458795,0.1699673171197595,0.5088159142677264
4,0.04,0.06,0.7,2,4,2,2,4,35,0.5047979797979798,0.5277777777777778,0.48095238095238096,0.014843345131589825,-0.07469985314697328,2.2806886238255384,0.08886700545595251,0.5075433283494049
2,0.03,0.06,0.55,2,5,1,2,3,17,0.5277777777777778,0.5,0.5,0.0024167650877718726,-0.02276899566803603,2.2902015876124833,0.1712337223046938,0.5071852678497851
2,0.03,0.08,0.7,2,4,1,1,4,25,0.5208333333333334,0.5,0.5208333333333334,0.017528923862483725,-0.05525187042755128,2.1404228761921607,0.2190176933491904,0.5066585654777787
4,0.04,0.06,0.7,2,4,1,3,4,36,0.47916666666666663,0.5,0.5553571428571429,0.015300219219337552,-0.031159425204644486,2.2011295243726905,0.148779758927976,0.5055055418456534
3,0.03,0.08,0.7,2,4,2,3,4,61,0.5339285714285714,0.55,0.6321428571428571,0.011516902083383582,-0.09232883231230618,1.7731554737219049,0.08141281872134261,0.5047766635940572
4,0.03,0.06,0.7,2,4,2,2,4,45,0.5211538461538462,0.5166666666666666,0.5642857142857143,0.01152230787291314,-0.14040662581707078,2.105486040085012,0.10051437400683312,0.5047520812620753
2,0.03,0.1,0.6,2,5,1,2,4,40,0.5257575757575758,0.519047619047619,0.5930555555555556,0.010612872013755489,-0.06896205748763598,1.8863139007951908,0.08254759722494835,0.5039633240056298
3,0.04,0.1,0.6,2,4,2,3,4,28,0.45357142857142857,0.45,0.6083333333333334,0.012883918386092586,-0.053585453196883376,2.299636687956182,0.18526731927632767,0.503953806697883
4,0.03,0.06,0.7,2,4,2,3,4,58,0.5165106951871657,0.5227272727272727,0.6000000000000001,0.009377957275191046,-0.12380529102121166,1.9663412695465103,0.032942204629242446,0.5034986518352899
2,0.04,0.1,0.7,2,4,2,3,4,52,0.47916666666666663,0.5666666666666667,0.6315476190476191,0.007247394628694757,-0.08248991251225107,2.2776634139546967,0.24533848500025882,0.5033186021788424
3,0.03,0.1,0.55,2,4,1,2,3,12,0.49999999999999994,0.5,0.5,0.006515975454951102,-0.017043862320017273,2.2910787463054825,0.13608276348795434,0.5031735856929415
2,0.04,0.06,0.6,2,5,2,3,4,39,0.45922619047619045,0.4017857142857143,0.5142857142857142,0.014305242959223932,-0.05645211776592915,2.432557719564818,0.14305139323139138,0.5030614720972599
2,0.04,0.06,0.55,2,5,1,3,3,16,0.5261904761904762,0.42857142857142855,0.5222222222222223,0.003497363677397841,-0.01632811657793661,2.1423382172968757,0.1586865019328727,0.502159758382804
2,0.04,0.1,0.55,2,5,1,2,3,16,0.5261904761904762,0.42857142857142855,0.4666666666666666,0.004123445417576482,-0.022264118475328682,2.2587644191881626,0.1586865019328727,0.5004017212835232
3,0.04,0.08,0.6,2,5,1,3,4,39,0.45931372549019606,0.4852941176470588,0.5507936507936507,0.012642075229394957,-0.04613213099666874,2.35804365595615,0.19062703853354382,0.49987787057880056
3,0.04,0.1,0.6,2,5,1,3,4,41,0.4607142857142857,0.5,0.5299603174603175,0.012120284985669659,-0.048979387438202404,2.42054358975067,0.2008591241519838,0.4995550648016063
3,0.02,0.06,0.7,2,4,2,2,4,54,0.5390374331550802,0.5272727272727272,0.5482954545454546,0.006380534919913566,-0.1441222307465635,2.0481204233250287,0.0861145229236392,0.4995483820752968
3,0.04,0.08,0.7,2,4,1,3,4,42,0.488034188034188,0.4222222222222222,0.5125,0.01406778164560013,-0.04912160802718479,2.257234607711149,0.18674578017306834,0.49874123582988894
2,0.04,0.08,0.6,2,5,2,3,4,45,0.4707393483709273,0.424812030075188,0.5214285714285714,0.012603513518011786,-0.05894610366842662,2.3154603678846257,0.13755704511191158,0.4984013706558516
4,0.02,0.06,0.7,2,4,1,2,4,45,0.5096153846153846,0.5192307692307692,0.55,0.01623853786070295,-0.08616162205310196,1.9513511627178621,0.0899436871820659,0.4973863719062581
2,0.03,0.06,0.6,2,4,2,2,4,25,0.5520833333333333,0.47916666666666663,0.5833333333333334,0.02108309129688761,-0.028029175233696108,1.669187669659572,0.2937056704139934,0.4970789351345346
2,0.03,0.08,0.6,2,5,1,2,4,39,0.5269480519480519,0.5357142857142857,0.5902777777777778,0.009773111772991425,-0.06896205748763598,1.8033982489124563,0.08773866326121704,0.4958872330133515
3,0.04,0.1,0.7,2,4,2,3,4,52,0.5166666666666667,0.5,0.6255952380952381,0.012395199578109861,-0.11124037985142904,1.865800041530043,0.15898986690282427,0.49568925550078546
2,0.03,0.06,0.55,2,4,1,3,2,10,0.7142857142857143,0.7142857142857143,0.75,0.004972877674380485,-0.016670540912075926,0.5391849918475381,0.28571428571428575,0.4956732162190391
2,0.03,0.08,0.55,2,4,1,3,2,10,0.7142857142857143,0.7142857142857143,0.75,0.004972877674380485,-0.016670540912075926,0.5391849918475381,0.28571428571428575,0.4956732162190391
2,0.03,0.1,0.6,2,4,2,3,4,34,0.43068181818181817,0.38636363636363635,0.5333333333333333,0.007842179889523602,-0.03952465429129384,2.5903606053333204,0.21501909870966662,0.49516846273085025
4,0.02,0.06,0.7,2,4,1,3,4,59,0.5138888888888888,0.5,0.6,0.012191271697953443,-0.07756118246751212,1.7555170924647125,0.024056261216234418,0.4950890506413209
2,0.03,0.1,0.6,2,5,1,1,4,28,0.5201388888888889,0.5277777777777778,0.5201388888888889,0.009273422619955868,-0.08030168247259437,2.0259273201853327,0.08229386424632515,0.4950728595001341
4,0.04,0.1,0.6,2,4,2,1,4,16,0.3708333333333333,0.3666666666666667,0.3708333333333333,0.024204812154944674,-0.07072256886695186,3.1087130978145754,0.09157192073264962,0.494274979329954
2,0.04,0.1,0.55,2,5,1,3,3,18,0.5277777777777778,0.5,0.4666666666666666,0.0045744314839757695,-0.022108094811724228,2.177223310630854,0.1712337223046938,0.49414884680279014
2,0.03,0.06,0.7,2,4,2,1,4,29,0.5035714285714286,0.5857142857142856,0.5035714285714286,0.009039493981353085,-0.13741039527902663,2.3456947065562535,0.2136598001592289,0.4922423664273311
2,0.04,0.08,0.7,2,4,1,3,4,42,0.42991452991452994,0.41538461538461535,0.5125000000000001,0.003813428692559852,-0.04633066047328904,2.642334410612101,0.204802091198506,0.4899805591889032
3,0.03,0.08,0.7,2,4,2,2,4,48,0.5290178571428572,0.5,0.6258928571428571,0.010618349777086877,-0.10482650175785668,1.6769101570091038,0.09603403912633461,0.4898695360950403
2,0.03,0.1,0.6,2,5,1,3,4,47,0.5182226399331662,0.5225563909774436,0.5930555555555556,0.009620297081236942,-0.06828300164563536,1.7431189223532675,0.06020209166828294,0.48979504183584277
2,0.04,0.1,0.6,2,5,2,3,4,50,0.46547619047619043,0.41428571428571426,0.5464285714285714,0.010907727318497169,-0.06910692029989457,2.2159028016884204,0.13974283961795608,0.48963923931184633
3,0.03,0.1,0.55,2,4,1,3,3,13,0.4761904761904761,0.42857142857142855,0.5,0.0059511939944171715,-0.01704386232001724,2.2681877518768636,0.1401866804179023,0.48962196931732965
2,0.04,0.06,0.7,2,4,2,1,4,22,0.5142857142857143,0.4571428571428572,0.5142857142857143,0.02078857243783527,-0.057086715779617464,2.0603131794526237,0.35799897388976193,0.4885667317625914
2,0.03,0.08,0.6,2,5,1,3,4,45,0.5248015873015872,0.5357142857142857,0.5902777777777778,0.009199831426744213,-0.06977869234973205,1.6922960895356494,0.05628594425596939,0.4877634360937694
3,0.04,0.08,0.7,2,4,1,1,3,18,0.45,0.4,0.45,0.01935001482039757,-0.07383679116468767,2.4797361768412203,0.2273030282830976,0.48705425472936437
3,0.04,0.08,0.55,2,4,2,3,3,14,0.41269841269841273,0.5714285714285714,0.43333333333333335,-0.0005440059260584188,-0.026812425930758537,3.671994998340285,0.29440058715859374,0.48495860718530376
3,0.04,0.08,0.7,2,4,2,1,4,24,0.41964285714285715,0.38095238095238093,0.41964285714285715,0.01664168847518713,-0.08070530893569197,2.7076330067509757,0.21252167423145477,0.4826621528423602
3,0.04,0.1,0.6,2,5,1,2,4,35,0.44047619047619047,0.4642857142857143,0.5021825396825397,0.012306495454416345,-0.05294692507077414,2.374673180170426,0.1801517375050185,0.482626672600833
2,0.03,0.06,0.6,2,5,1,2,4,35,0.5162337662337662,0.5,0.5486111111111112,0.010207138245563626,-0.06896205748763598,1.7814604417379742,0.07523785861205498,0.48249834267365055
4,0.03,0.1,0.6,2,4,2,1,4,18,0.38333333333333336,0.3666666666666667,0.38333333333333336,0.013612625348674384,-0.09697219288001915,3.0100920273213623,0.14433756729740643,0.4823181485556812
2,0.03,0.06,0.55,2,5,1,3,3,19,0.5166666666666666,0.4,0.5,0.0011664158213215605,-0.022768995668036068,2.0531459669216257,0.1649915822768611,0.48221977027700275
3,0.04,0.06,0.55,2,5,2,1,2,9,0.5,0.5,0.5,0.010554669760080316,-0.04303806696624246,2.037985814420399,0.16666666666666666,0.48220656749644586
3,0.04,0.08,0.55,2,5,2,1,2,9,0.5,0.5,0.5,0.010554669760080316,-0.04303806696624246,2.037985814420399,0.16666666666666666,0.48220656749644586
3,0.02,0.08,0.7,2,4,1,2,4,46,0.5305822649572649,0.5299145299145299,0.58125,0.012718195535637744,-0.08785151573008562,1.6236402715759843,0.12593667009739123,0.47954796010421163
3,0.03,0.1,0.7,2,4,2,2,4,50,0.5290178571428572,0.5,0.5925595238095237,0.009551293991164944,-0.12049809443151827,1.6516856372659703,0.09603403912633461,0.4780238497849771
4,0.03,0.06,0.7,2,5,1,2,4,74,0.4931876456876457,0.458041958041958,0.49503968253968256,0.011900384067052884,-0.12339243825057475,2.029581479275199,0.08646417958126355,0.47586512933328645
4,0.04,0.06,0.6,2,4,2,1,3,12,0.3277777777777778,0.3333333333333333,0.3277777777777778,0.0263834273760247,-0.03708848561562391,3.675033758522804,0.061363116762151455,0.4753560007919381
4,0.04,0.08,0.6,2,4,2,1,3,12,0.3277777777777778,0.3333333333333333,0.3277777777777778,0.0263834273760247,-0.03708848561562391,3.675033758522804,0.061363116762151455,0.4753560007919381
4,0.04,0.06,0.7,2,5,2,1,4,41,0.5178571428571428,0.5,0.5178571428571428,0.012283017552767055,-0.12520478525819473,1.7463523028593229,0.03092947870658708,0.4735560156216988
3,0.04,0.1,0.6,2,4,2,2,4,24,0.41666666666666663,0.375,0.5583333333333333,0.014619511935190604,-0.05439234747750357,2.2062551473905936,0.17677669529663687,0.4725412754591115
2,0.02,0.06,0.6,2,4,1,3,3,30,0.48534798534798534,0.5,0.6444444444444444,0.007967966090964318,-0.02529465547565161,1.5590767301318251,0.07696667175622963,0.47239048761760893
3,0.02,0.08,0.7,2,4,1,3,4,61,0.5,0.5,0.58125,0.010870345765923231,-0.08020261032911119,1.6923689520767622,0.09642365197998375,0.4723457256873569
3,0.03,0.06,0.7,2,5,1,1,4,46,0.5029761904761905,0.4642857142857143,0.5029761904761905,0.013089369766830564,-0.1023648746909919,1.9427130218843793,0.17011213288622903,0.4721660536866535
3,0.02,0.1,0.7,2,4,1,2,4,47,0.5201655982905983,0.5299145299145299,0.58125,0.011832963402211487,-0.08785151573008565,1.6104482097850075,0.13938028158660815,0.4716673276816847
3,0.04,0.06,0.6,2,5,1,1,4,22,0.37301587301587297,0.38888888888888884,0.37301587301587297,0.012286142997155072,-0.050506144675826314,3.7675751464174323,0.2560677111889155,0.4706575348006911
3,0.04,0.08,0.6,2,5,1,2,4,34,0.4309523809523809,0.4285714285714286,0.5230158730158729,0.012019427960953677,-0.048033760494014976,2.2041194955627503,0.17256567319321026,0.46971531411517187
3,0.03,0.1,0.7,2,4,2,3,4,64,0.518543956043956,0.5192307692307692,0.5571428571428572,0.00894792140951569,-0.10800042498596776,1.6604720018455756,0.07283638644787915,0.46956165557327006
2,0.03,0.06,0.6,2,5,1,3,4,40,0.5052083333333334,0.5,0.5486111111111112,0.00952187276907904,-0.06977869234973208,1.6652447242871475,0.05182226234930314,0.4691925734181768
2,0.02,0.06,0.7,2,4,2,1,4,33,0.4943181818181818,0.5625,0.4943181818181818,0.0062524968092787445,-0.15495395462573106,2.1959804115458903,0.22791103545604066,0.4676608898850529
2,0.03,0.06,0.7,2,5,1,1,4,46,0.5230654761904762,0.5357142857142857,0.5230654761904762,0.008568040562578942,-0.1112891502066069,1.7704462777003045,0.14689806592654372,0.4668033671160123
3,0.03,0.08,0.6,2,5,1,3,4,45,0.46478174603174605,0.4087301587301587,0.5486111111111112,0.011916431854238586,-0.07178959466678148,1.8943981572668633,0.11820447956418596,0.46665446901779467
2,0.03,0.06,0.55,2,4,1,2,2,9,0.6666666666666666,0.6666666666666666,0.75,0.003977799088002546,-0.016670540912075926,0.5036904054470024,0.33333333333333337,0.4664014597652475
2,0.03,0.08,0.55,2,4,1,2,2,9,0.6666666666666666,0.6666666666666666,0.75,0.003977799088002546,-0.016670540912075926,0.5036904054470024,0.33333333333333337,0.4664014597652475
2,0.04,0.1,0.55,2,5,1,1,3,11,0.5333333333333333,0.6,0.5333333333333333,0.0032755132244125366,-0.01433467670805418,1.6071094481413304,0.14401645996461912,0.4659245603851321
2,0.04,0.1,0.7,2,4,2,2,4,41,0.440719696969697,0.5189393939393939,0.5898809523809524,0.006775319417565518,-0.08256240000682355,2.064687164107369,0.20650601857903897,0.46317744105508035
2,0.03,0.08,0.7,2,4,1,3,4,53,0.46865079365079365,0.5166666666666666,0.5916666666666667,0.010854651863255614,-0.03750511741191667,1.7163911410332098,0.14875554576576142,0.4631620062440631
3,0.04,0.1,0.55,2,4,2,3,4,19,0.4095238095238095,0.4857142857142857,0.45,-0.0020620474233560785,-0.056426794070220915,2.7240934922273037,0.25501767312373114,0.46256610761754635
3,0.02,0.1,0.7,2,4,1,3,4,62,0.48863636363636365,0.4772727272727273,0.58125,0.009861725389839428,-0.08020261032911116,1.6391273029090396,0.09841197770277711,0.46160334688117866
3,0.04,0.1,0.55,2,5,1,1,3,11,0.37777777777777777,0.3333333333333333,0.37777777777777777,0.004089062336807322,-0.022096457939364877,5.778563436759328,0.32810717911629783,0.46156228107769676
3,0.04,0.1,0.7,2,4,2,2,4,41,0.48257575757575755,0.45,0.5839285714285714,0.012423088040059664,-0.10338667037165275,1.675938832250799,0.11742912990806065,0.4611268865856975
3,0.04,0.08,0.6,2,5,1,1,4,24,0.36190476190476195,0.3666666666666667,0.36190476190476195,0.008806466286018187,-0.05245687369176269,3.581520719510221,0.25368039241651813,0.45921659854498414
3,0.04,0.08,0.55,2,4,2,2,3,12,0.38888888888888884,0.5,0.3666666666666667,-0.0029680139509149863,-0.0264661970257228,3.1381903795578783,0.2832788618662658,0.4589334639998474
3,0.04,0.1,0.6,2,5,1,1,4,25,0.36190476190476195,0.3666666666666667,0.36190476190476195,0.007992226802662263,-0.05816380887738132,3.581520719510221,0.25368039241651813,0.4575546789426828
2,0.02,0.06,0.7,2,4,1,2,4,45,0.4891826923076923,0.46875,0.5125,0.008076439177234903,-0.054954204311899874,1.8410147183514587,0.1962450002660905,0.4573110114805449
4,0.04,0.06,0.6,2,4,1,1,2,9,0.425,0.425,0.425,0.013779672403715245,-0.031067502044971662,2.271159134703385,0.175,0.4567502374153325
4,0.04,0.08,0.6,2,4,1,1,2,9,0.425,0.425,0.425,0.013779672403715245,-0.031067502044971662,2.271159134703385,0.175,0.4567502374153325
4,0.04,0.1,0.6,2,4,1,1,2,9,0.425,0.425,0.425,0.013779672403715245,-0.031067502044971662,2.271159134703385,0.175,0.4567502374153325
2,0.02,0.06,0.7,2,4,1,3,4,59,0.469949494949495,0.4954545454545455,0.5875,0.006730715622878123,-0.05992251279058178,1.757427560791438,0.17290937149247718,0.4566248850837736
3,0.02,0.1,0.7,2,4,1,1,4,29,0.50625,0.5625,0.50625,0.01949343698901514,-0.12594638702960537,1.6688600926805206,0.19070182877990444,0.4555937190553148
2,0.03,0.06,0.7,2,4,2,3,4,58,0.45280748663101605,0.5147058823529411,0.5535714285714285,0.00966978650510764,-0.0959823763404764,1.9220515358918622,0.16062081749595447,0.4554779708151876
3,0.03,0.1,0.6,2,5,1,3,4,47,0.46240601503759393,0.424812030075188,0.5236111111111111,0.011037644477888041,-0.0715347359220222,1.8420527175659567,0.12373060709771558,0.4549317028894218
4,0.03,0.08,0.7,2,4,2,3,4,61,0.5198412698412699,0.5119047619047619,0.5616071428571427,0.007605658438031915,-0.12188020128665747,1.4465914809661875,0.022795883518008063,0.45465481376709377
3,0.04,0.06,0.55,2,4,2,2,3,12,0.38888888888888884,0.5,0.3666666666666667,-0.006097220227811217,-0.031160006441067128,3.1381903795578783,0.2832788618662658,0.45461515933773056
3,0.04,0.06,0.55,2,4,2,3,3,12,0.38888888888888884,0.5,0.3666666666666667,-0.006097220227811217,-0.031160006441067128,3.1381903795578783,0.2832788618662658,0.45461515933773056
3,0.02,0.08,0.7,2,4,1,1,4,29,0.50625,0.5625,0.50625,0.01864182559020986,-0.12594638702960537,1.6680052528493476,0.19070182877990444,0.45450339819025465
2,0.03,0.1,0.7,2,4,1,3,4,54,0.4547619047619047,0.4888888888888889,0.5916666666666667,0.01040012956173321,-0.03750511741191667,1.6905304772645717,0.14777044634261377,0.45437653433459696
4,0.03,0.06,0.7,2,5,2,1,4,50,0.4504153934300993,0.3693181818181818,0.4504153934300993,0.004476423667576779,-0.2190337044848494,2.408470084076414,0.14763232624111156,0.45272469021929895
2,0.03,0.08,0.7,2,4,1,2,4,40,0.47010281385281383,0.47916666666666663,0.5291666666666667,0.011846477736256248,-0.034686408196043905,1.7150899169071487,0.16150914795217686,0.4517194653834795
4,0.03,0.1,0.6,2,4,1,1,3,13,0.4444444444444444,0.4,0.4444444444444444,0.013345430132814291,-0.030643192354085635,1.9764481073811175,0.11331154474650633,0.45027714697654464
2,0.03,0.06,0.6,2,5,2,1,4,30,0.4776785714285714,0.5,0.4776785714285714,0.006143311090040947,-0.13751598314352395,2.000416816613824,0.14102338693729244,0.4501126011335202
4,0.04,0.08,0.7,2,4,1,2,4,32,0.4345238095238095,0.41666666666666663,0.46875,0.009732963361238127,-0.06317396306396147,2.056039033858644,0.10429413969009067,0.4495239862850089
3,0.04,0.1,0.7,2,4,1,3,4,43,0.47136752136752136,0.38888888888888884,0.4708333333333333,0.011625933943086256,-0.05044817818209804,1.8475726668763404,0.19657515784110216,0.44625919135472214
4,0.03,0.06,0.7,2,5,1,3,4,94,0.4722732843137255,0.43933823529411764,0.49503968253968256,0.008004380821976274,-0.13097520183443725,1.8293329546102022,0.07075464915097662,0.44610541165209006
3,0.03,0.06,0.7,2,5,1,2,4,74,0.48244755244755244,0.4318181818181818,0.5007440476190477,0.008864702651269441,-0.10341103338547791,1.7812173421550075,0.14952535463529487,0.44601388630205113
2,0.03,0.1,0.7,2,4,1,2,4,41,0.45819805194805185,0.45535714285714285,0.5291666666666667,0.012122342250942962,-0.03468640819604396,1.712343615592572,0.17253055133253975,0.44559194356836546
3,0.02,0.08,0.7,2,4,2,2,4,56,0.5201927361853832,0.5085227272727273,0.5533459595959596,0.006453811893608576,-0.15489918791839952,1.4767789679419336,0.09070849098371182,0.4447982330813945
3,0.04,0.1,0.7,2,4,1,2,4,33,0.4501984126984127,0.41428571428571426,0.5041666666666667,0.011948893606055739,-0.054277197641719954,1.8507872150555527,0.19029039797928357,0.44408777302398106
2,0.03,0.06,0.7,2,4,2,2,4,45,0.4651709401709402,0.5192307692307692,0.47857142857142854,0.010736399412213141,-0.1015112530988288,1.8503282162055745,0.1447303787510452,0.44219136471036746
4,0.04,0.1,0.6,2,5,1,3,4,41,0.3996031746031746,0.45,0.5498015873015873,0.01065324963147094,-0.06716647791048855,1.9985952779417695,0.15836615007807628,0.441723998469348
2,0.03,0.06,0.55,2,4,1,1,1,4,0.5,0.5,0.5,0.004302111558870875,-0.013564865765463452,1.4082643332685376,0.0,0.4411958966402724
2,0.03,0.08,0.55,2,4,1,1,1,4,0.5,0.5,0.5,0.004302111558870875,-0.013564865765463452,1.4082643332685376,0.0,0.4411958966402724
2,0.03,0.1,0.55,2,4,1,1,1,4,0.5,0.5,0.5,0.004302111558870875,-0.013564865765463452,1.4082643332685376,0.0,0.4411958966402724
2,0.04,0.06,0.55,2,4,1,1,1,4,0.5,0.5,0.5,0.004302111558870875,-0.013564865765463452,1.4082643332685376,0.0,0.4411958966402724
2,0.04,0.08,0.55,2,4,1,1,1,4,0.5,0.5,0.5,0.004302111558870875,-0.013564865765463452,1.4082643332685376,0.0,0.4411958966402724
2,0.04,0.1,0.55,2,4,1,1,1,4,0.5,0.5,0.5,0.004302111558870875,-0.013564865765463452,1.4082643332685376,0.0,0.4411958966402724
4,0.03,0.1,0.7,2,4,2,3,4,64,0.5102258852258853,0.5119047619047619,0.5782738095238096,0.0050596344902952665,-0.13959010121420073,1.3641171464197308,0.034330482822628614,0.44096009258682867
4,0.04,0.1,0.7,2,4,1,1,4,21,0.34375,0.3875,0.34375,0.003315880863610711,-0.07961223749665713,5.918695185695959,0.21677681495030782,0.4405209433407094
3,0.04,0.06,0.6,2,5,2,1,4,26,0.39107142857142857,0.325,0.39107142857142857,0.011371690479374018,-0.07422181273971964,2.4689638580216147,0.20059700437261097,0.44040518790983135
4,0.04,0.1,0.55,2,4,1,3,3,12,0.27777777777777773,0.3333333333333333,0.4166666666666667,0.007285244386114935,-0.003514271578535677,3.2062632063537206,0.20786985482077452,0.44002432562158494
3,0.03,0.1,0.6,2,4,2,1,4,18,0.4333333333333333,0.4666666666666667,0.4333333333333333,0.005480286406551608,-0.09229084856803238,2.20244751618091,0.1732050807568877,0.43950750336028643
2,0.03,0.08,0.6,2,5,2,2,4,46,0.4602813852813853,0.45238095238095233,0.47083333333333327,0.006641777376615384,-0.10110865186275103,1.9148158422707815,0.1459148608742058,0.4386424631834245
2,0.03,0.08,0.6,2,5,2,1,4,32,0.4645833333333333,0.4666666666666667,0.4645833333333333,0.005435767392410432,-0.13751598314352398,1.9787450259467418,0.1486484247029435,0.4384078976598401
3,0.03,0.1,0.6,2,5,1,2,4,40,0.4376623376623377,0.41428571428571426,0.5236111111111111,0.009938633667258884,-0.07243706741389705,1.779476416352371,0.12656175656836638,0.43713735926403763
3,0.02,0.06,0.6,2,4,1,3,3,30,0.43003663003663006,0.42857142857142855,0.41111111111111115,0.01194215231741629,-0.023144476228491955,1.89790312078689,0.025144325716821268,0.4371126549777918
4,0.02,0.08,0.7,2,4,1,1,4,29,0.41666666666666663,0.5,0.41666666666666663,0.01547420015550434,-0.14272170622180405,2.303914768955846,0.24999999999999997,0.43658895028978967
4,0.02,0.1,0.7,2,4,1,1,4,29,0.41666666666666663,0.5,0.41666666666666663,0.015364301125962447,-0.14272170622180405,2.303914768955846,0.24999999999999997,0.4364570714543394
4,0.04,0.08,0.6,2,5,1,3,4,39,0.3990196078431373,0.45,0.5706349206349206,0.010255493444217313,-0.06544651933306223,1.8572584467620166,0.1424675442106115,0.43532208967360164
4,0.04,0.08,0.55,2,5,1,3,3,17,0.27499999999999997,0.2,0.43333333333333335,0.00640734314011811,-0.01845660185738855,5.045146460920695,0.26060826285186484,0.43504202518377255
3,0.03,0.08,0.6,2,5,1,2,4,39,0.4329004329004329,0.38095238095238093,0.5486111111111112,0.010149254789267455,-0.07284677091656919,1.7106404021401418,0.12373684786109482,0.4349171946068735
3,0.03,0.06,0.55,2,4,2,1,1,5,0.6,0.6,0.6,-0.009546969206908252,-0.04575001246774313,0.7674793156242533,0.0,0.4344519807055212
3,0.03,0.08,0.55,2,4,2,1,1,5,0.6,0.6,0.6,-0.009546969206908252,-0.04575001246774313,0.7674793156242533,0.0,0.4344519807055212
3,0.03,0.06,0.7,2,5,1,3,4,94,0.4606311274509804,0.39522058823529416,0.46726190476190477,0.007501085644521762,-0.10985813519307369,1.8718770126809416,0.154079732080917,0.43397849730358135
3,0.04,0.06,0.6,2,5,1,3,4,33,0.40714285714285714,0.38095238095238093,0.4563492063492063,0.012638350451844364,-0.04803376049401503,2.060794528179174,0.19332688236950396,0.43328350793183207
3,0.04,0.08,0.6,2,5,2,1,4,28,0.38749999999999996,0.2928571428571428,0.38749999999999996,0.010635974638080213,-0.07924733255026684,2.415697422562345,0.18954665302629162,0.43322055122254843
2,0.04,0.06,0.7,2,5,1,1,4,36,0.5105769230769232,0.5083333333333333,0.5105769230769232,0.005802976464636806,-0.07752210497072198,1.4361200064980828,0.1425280547259308,0.43302327530284973
4,0.03,0.06,0.7,2,5,2,2,4,81,0.4916666666666667,0.48333333333333334,0.4785141329258976,0.004091567419446051,-0.19117222767032108,1.7543465111016037,0.08285612872359621,0.4326412707583169
3,0.03,0.1,0.55,2,5,1,1,3,12,0.3333333333333333,0.3333333333333333,0.3333333333333333,0.000882397354332265,-0.029544305708922153,3.7884207331054975,0.2721655269759087,0.43240698464872207
2,0.02,0.1,0.7,2,4,1,1,4,29,0.4708333333333333,0.4666666666666667,0.4708333333333333,0.016070087088092114,-0.07841888120704352,1.661986508058395,0.21614520582238228,0.431582809606413
3,0.04,0.06,0.6,2,5,1,2,4,30,0.39615384615384613,0.358974358974359,0.4563492063492063,0.01346141932515478,-0.04803376049401503,2.0639414536081917,0.1700978177023848,0.4314362148424405
2,0.04,0.1,0.7,2,4,1,2,4,33,0.40793650793650793,0.4111111111111111,0.5041666666666667,0.001151408803625535,-0.05495138334185756,2.124566372526662,0.22835638031890135,0.4308890858447106
3,0.04,0.06,0.7,2,5,1,1,4,36,0.4897435897435897,0.4666666666666667,0.4897435897435897,0.008664237055803806,-0.07683385740744636,1.5484636672998975,0.15977877539810664,0.4306051462635477
2,0.03,0.08,0.7,2,4,2,3,4,61,0.4623015873015873,0.5357142857142857,0.5776785714285714,0.007200813380875916,-0.09455584145943682,1.5432115558262178,0.17526704600399357,0.43030126443912525
2,0.03,0.06,0.6,2,4,2,3,4,30,0.5056818181818181,0.38636363636363635,0.5833333333333334,0.01702108362665599,-0.028001750556360783,1.1601328730389058,0.30167190801041555,0.429965452335988
2,0.03,0.06,0.6,2,5,2,2,4,43,0.452683346065699,0.46218487394957986,0.45892857142857135,0.005612520241781829,-0.10110865186275106,1.9027323104733933,0.15721634517309388,0.42973648330591085
3,0.02,0.1,0.7,2,4,2,2,4,57,0.5107230392156863,0.48958333333333337,0.5295364357864358,0.005004866723670111,-0.17013724379351136,1.4459077081009715,0.09869334094387901,0.4290991749900962
4,0.02,0.06,0.6,2,4,1,3,3,30,0.42637362637362636,0.4,0.5888888888888889,0.007262690145379308,-0.034331708823444385,1.5412802474521137,0.10927299248049276,0.42880191315928123
3,0.04,0.1,0.6,2,5,2,1,4,30,0.4083333333333333,0.31666666666666665,0.4083333333333333,0.006918922041702076,-0.11896702769168163,2.2943603331587794,0.17748478903876821,0.4287933733233082
2,0.02,0.06,0.6,2,5,1,1,4,28,0.5041666666666667,0.5333333333333333,0.5041666666666667,0.003042938995508537,-0.10207970612889145,1.5816462391653066,0.21806440180215872,0.42819684238152844
3,0.03,0.08,0.7,2,4,2,1,4,30,0.5008928571428571,0.41428571428571426,0.5008928571428571,0.005975735563299967,-0.16558085932180674,1.6072522424033062,0.17372669055215462,0.4275635808482924
2,0.02,0.08,0.7,2,4,1,1,4,29,0.4708333333333333,0.4666666666666667,0.4708333333333333,0.012746808326037837,-0.07841888120704352,1.6466833615923433,0.21614520582238228,0.42637062337466375
2,0.04,0.1,0.55,2,4,2,3,4,19,0.5071428571428571,0.5142857142857142,0.475,0.0018203162192751863,-0.030088171050784013,1.6643835345092124,0.3587819529964103,0.426236211172346
3,0.03,0.06,0.7,2,5,2,2,4,81,0.49423076923076925,0.45,0.5195998854087089,0.0034341004264876345,-0.16319796220655539,1.5614563934849202,0.12264045202694246,0.4259662635992247
4,0.04,0.1,0.7,2,4,2,3,4,52,0.4875,0.475,0.5675595238095238,0.0067676192518189,-0.1353202951801504,1.3368029550919789,0.08281086214313245,0.42508897987837707
2,0.02,0.1,0.6,2,5,1,3,4,59,0.4677579365079365,0.4563492063492064,0.5805555555555555,0.005709480898235082,-0.08676486523165583,1.3868410728155784,0.11418969697531246,0.4248538858569872
4,0.02,0.06,0.7,2,5,1,1,4,50,0.44513888888888886,0.4666666666666667,0.44513888888888886,0.009236096489165284,-0.16882772856715098,1.9569294523195193,0.15154012578265277,0.4245954122596673
2,0.03,0.08,0.55,2,5,1,2,4,20,0.47916666666666663,0.41666666666666663,0.5,-0.010106197509479392,-0.05542246062964515,1.761943651728256,0.17052818274734272,0.42416010523154046
4,0.04,0.1,0.7,2,4,2,2,4,41,0.49242424242424243,0.5,0.5675595238095238,0.007082847973008784,-0.13051382191356434,1.2852020626855132,0.1074049005966502,0.4221643457579057
2,0.03,0.1,0.6,2,5,2,2,4,49,0.45631313131313134,0.4444444444444444,0.4886904761904762,0.0041719468106729135,-0.11058062108402222,1.7143280002466328,0.1258039649136752,0.4218975887983658
3,0.02,0.06,0.7,2,5,1,1,4,50,0.46354166666666663,0.43333333333333335,0.46354166666666663,0.008253404719294057,-0.1674629504168044,1.789982049377463,0.15710529797806877,0.4217407550584212
2,0.03,0.1,0.7,2,4,2,3,4,64,0.4526862026862027,0.5164835164835164,0.5943452380952381,0.006081015331878917,-0.09906857048726048,1.468322979006835,0.17398544422997528,0.4215338315497711
4,0.04,0.08,0.55,2,4,1,3,2,9,0.25,0.25,0.375,0.012062863137197346,-0.005271407367803516,5.533525483700905,0.25,0.4213428668805004
4,0.03,0.1,0.7,2,4,2,2,4,50,0.4821428571428572,0.4642857142857143,0.5782738095238096,0.004527072884110685,-0.162940409546615,1.35842044480007,0.07717922423205109,0.42099798357982826
4,0.03,0.08,0.7,2,4,2,2,4,48,0.4758928571428571,0.4642857142857143,0.5616071428571427,0.006087996605638177,-0.14523050961907172,1.3859536416607825,0.08426509281634323,0.42048623296574655
2,0.03,0.1,0.55,2,5,1,1,3,12,0.49999999999999994,0.5,0.49999999999999994,0.0012840333181089502,-0.01934151825697583,1.336047535653732,0.13608276348795434,0.4202170395641558
4,0.04,0.06,0.55,2,5,1,2,3,15,0.2738095238095238,0.25,0.3666666666666667,0.0038201570781842484,-0.01845660185738851,3.5916615735368413,0.23389146076652975,0.42020569845723116
4,0.04,0.08,0.55,2,5,1,2,3,15,0.2738095238095238,0.25,0.3666666666666667,0.0038201570781842484,-0.01845660185738851,3.5916615735368413,0.23389146076652975,0.42020569845723116
3,0.03,0.1,0.6,2,4,2,2,4,28,0.4171626984126984,0.4107142857142857,0.5333333333333333,0.008006163011633996,-0.05439234747750357,1.7160137403668458,0.18230432009858186,0.4201669484905024
4,0.03,0.06,0.7,2,5,2,3,4,105,0.47641273415267227,0.45906432748538006,0.4963712757830405,0.0030586703985862273,-0.17194079392410982,1.60358380205019,0.061396623483690356,0.4200724690180409
2,0.04,0.1,0.7,2,4,1,3,4,43,0.4049145299145299,0.3653846153846154,0.4708333333333333,0.0028395907019404445,-0.046387051278076796,2.0063680248740003,0.18792185358549354,0.41969496152024505
2,0.04,0.08,0.55,2,5,2,2,4,19,0.40625,0.4375,0.375,-0.0019147224649035356,-0.024864541984373045,2.345376363711822,0.2706329386826371,0.4185105620063258
3,0.03,0.06,0.6,2,5,1,1,4,25,0.3923611111111111,0.3472222222222222,0.3923611111111111,0.010286806815813374,-0.07076332551584866,2.149546879604841,0.15601834679625676,0.4183695739639831
2,0.02,0.1,0.7,2,4,2,1,4,35,0.4998647186147186,0.6038961038961039,0.4998647186147186,0.006200499804534762,-0.16081120219309342,1.535071810351249,0.2191459483496133,0.41832939156196847
2,0.02,0.06,0.7,2,5,1,1,4,50,0.4784722222222222,0.5125,0.4784722222222222,0.005951707126216792,-0.16400492130875258,1.6771042539239036,0.1793805248213562,0.4182863007670581
4,0.03,0.08,0.6,2,5,1,3,4,45,0.41617063492063494,0.4226190476190476,0.5451388888888888,0.008638313365216869,-0.08645934490244894,1.5483822718571751,0.025731572121712166,0.41810747412086685
2,0.02,0.08,0.6,2,5,1,3,4,57,0.46938131313131315,0.4444444444444444,0.5694444444444444,0.005030467175353357,-0.08507009987255332,1.3178292738123911,0.10345978009884921,0.4180881879207808
3,0.03,0.06,0.6,2,5,1,3,4,40,0.41666666666666663,0.375,0.4861111111111111,0.00909733814959747,-0.07178959466678145,1.7902584817690939,0.15309310892394862,0.41799750646933703
4,0.02,0.08,0.7,2,4,1,2,4,46,0.4610042735042735,0.5192307692307692,0.5,0.010162338532233393,-0.10040284103227301,1.4960678227154394,0.12347372489136789,0.4174059162176561
4,0.02,0.08,0.7,2,4,1,3,4,61,0.4636363636363636,0.4772727272727273,0.525,0.007177686102072411,-0.08879334233269823,1.3625926335176337,0.04116084153698825,0.4173089292373784
2,0.02,0.06,0.55,2,4,1,3,3,17,0.5333333333333333,0.5,0.49999999999999994,0.0006629230122521305,-0.02986155750632465,1.0433057572504174,0.04714045207910316,0.4169053451276487
2,0.02,0.08,0.55,2,4,1,3,3,17,0.5333333333333333,0.5,0.49999999999999994,0.0006629230122521305,-0.02986155750632465,1.0433057572504174,0.04714045207910316,0.4169053451276487
4,0.03,0.1,0.6,2,5,1,3,4,47,0.4130639097744361,0.4226190476190476,0.5201388888888889,0.008759970482244169,-0.08142830622104738,1.6244758215327406,0.05070810753553731,0.41654852212821764
3,0.02,0.06,0.55,2,5,1,1,3,15,0.32142857142857145,0.25,0.32142857142857145,-0.002120307367962721,-0.052098491325783036,3.701776184811534,0.29594768796800125,0.4164565685904821
3,0.02,0.08,0.55,2,5,1,1,3,15,0.32142857142857145,0.25,0.32142857142857145,-0.002120307367962721,-0.052098491325783036,3.701776184811534,0.29594768796800125,0.4164565685904821
2,0.02,0.08,0.7,2,4,2,1,4,34,0.48200757575757575,0.5681818181818181,0.48200757575757575,0.006684356095472053,-0.15185676250179853,1.6319470343602855,0.21546630234192904,0.4164217986182434
2,0.04,0.06,0.55,2,5,2,2,4,19,0.40625,0.4375,0.375,-0.003515447015167701,-0.027265628809769293,2.345376363711822,0.2706329386826371,0.41630156212696123
3,0.02,0.06,0.7,2,4,2,3,4,69,0.46697324414715724,0.4807692307692308,0.5028409090909091,0.001334776506649238,-0.1488967266415152,1.572454079005281,0.05220733375611937,0.41606000591533276
3,0.04,0.1,0.55,2,4,2,2,4,17,0.3916666666666666,0.45,0.4,-0.0038800534419985043,-0.05616712239144411,2.3682237463723657,0.24537386440559092,0.41468187173997045
4,0.04,0.1,0.55,2,5,1,3,3,18,0.2638888888888889,0.16666666666666666,0.37777777777777777,0.004042535741276038,-0.028146467940127096,4.949680164739309,0.26425413320056174,0.41463869163622663
4,0.04,0.06,0.6,2,5,1,1,4,22,0.3571428571428571,0.38095238095238093,0.3571428571428571,0.009772553468421505,-0.06977052944540027,2.4742095874739802,0.23928275288383072,0.41429160453872693
2,0.02,0.06,0.6,2,4,1,2,3,24,0.4515151515151515,0.45454545454545453,0.5333333333333333,0.0031745335430292862,-0.023385269940567815,1.331433564889801,0.040881022918884964,0.4140958960649251
3,0.04,0.08,0.6,2,5,2,3,4,45,0.40724728487886386,0.3533834586466165,0.5,0.008442794816776868,-0.07389012620230287,1.800580734756983,0.18364318902789323,0.41388082048967184
3,0.02,0.1,0.55,2,5,1,1,3,16,0.32142857142857145,0.25,0.32142857142857145,-0.003653580863361299,-0.05977164346214329,3.701776184811534,0.29594768796800125,0.4136958621396406
4,0.04,0.06,0.7,2,5,1,3,4,66,0.44821428571428573,0.4464285714285714,0.48461538461538456,0.008173296319449458,-0.08959566125041271,1.4910858654320407,0.04118342218707119,0.41366817718739296
4,0.04,0.1,0.7,2,4,1,2,4,33,0.4095238095238095,0.3666666666666667,0.42708333333333337,0.006911070065102939,-0.0660674743495683,1.889611568937383,0.0973573728583851,0.41344790379487617
2,0.03,0.08,0.6,2,4,2,3,4,31,0.49318181818181817,0.38636363636363635,0.5833333333333334,0.015412162426505777,-0.02689248054338278,1.0561568827258474,0.31283659558496363,0.4133316050663566
3,0.04,0.06,0.7,2,5,1,2,4,56,0.48293650793650794,0.41428571428571426,0.41057692307692306,0.007057154493085801,-0.08660913397110837,1.579497585736878,0.13918732110092935,0.41273712367285903
2,0.02,0.06,0.7,2,4,2,2,4,54,0.47281639928698754,0.5213903743315508,0.48390151515151514,0.00415538457302423,-0.11833570719466216,1.5853641299894665,0.184332062755557,0.41241642471242984
2,0.02,0.06,0.6,2,5,1,3,4,52,0.46313131313131317,0.4444444444444444,0.548611111111111,0.005711473897330467,-0.08507009987255335,1.298143679297937,0.09421188891134519,0.4110912130543306
4,0.02,0.1,0.7,2,4,1,2,4,47,0.45405982905982906,0.5192307692307692,0.5,0.009230986365038038,-0.10040284103227298,1.4816916572212773,0.1353552790779019,0.4110626760425661
4,0.04,0.06,0.55,2,5,1,1,2,8,0.3,0.3,0.3,0.0027211384697579007,-0.027240745922948284,5.330612343177158,0.3,0.4109964766529557
4,0.04,0.08,0.55,2,5,1,1,2,8,0.3,0.3,0.3,0.0027211384697579007,-0.027240745922948284,5.330612343177158,0.3,0.4109964766529557
4,0.04,0.08,0.7,2,4,2,1,4,24,0.44494047619047616,0.4375,0.44494047619047616,0.01293844032128694,-0.12030118864656161,1.6020485212307052,0.09536589267864354,0.4108359055559314
4,0.04,0.06,0.55,2,5,1,3,3,16,0.2571428571428571,0.2,0.3666666666666667,0.002339080150783324,-0.01845660185738851,3.48473034180402,0.23675815037440098,0.4106990709757203
2,0.02,0.08,0.7,2,4,1,3,4,61,0.44595959595959594,0.4954545454545455,0.5708333333333334,0.00411151647835329,-0.0642732611610975,1.3984470544410663,0.17332653444319351,0.41007915488300695
2,0.03,0.1,0.6,2,5,2,1,4,34,0.4574404761904762,0.45238095238095233,0.4574404761904762,0.0015534474371684472,-0.15725086737140795,1.7621374559817402,0.1425303181138408,0.40989891339327467
2,0.02,0.06,0.6,2,4,1,1,3,14,0.4777777777777778,0.5,0.4777777777777778,-0.00015249668485347104,-0.029400952963724802,1.396131772337611,0.10999438818457406,0.4097354359103274
2,0.02,0.08,0.6,2,4,1,1,3,14,0.4777777777777778,0.5,0.4777777777777778,-0.00015249668485347104,-0.029400952963724802,1.396131772337611,0.10999438818457406,0.4097354359103274
4,0.02,0.06,0.6,2,4,2,3,4,38,0.37351190476190477,0.30952380952380953,0.4958333333333333,0.009716722864436762,-0.039130771060243846,1.8304201348493376,0.14817573365506811,0.4087909508151602
3,0.02,0.06,0.7,2,5,1,2,4,84,0.461574074074074,0.4654761904761905,0.49583333333333335,0.004617547239851795,-0.14139715464686844,1.5372111167022444,0.12165794508270668,0.408692651859761
2,0.04,0.1,0.7,2,4,2,1,4,26,0.425297619047619,0.4666666666666667,0.425297619047619,0.009851768541070307,-0.07867261226197311,1.8207675684108022,0.19914317419015548,0.4085548126964517
4,0.04,0.08,0.7,2,4,1,3,4,42,0.4324786324786325,0.43333333333333335,0.5,0.0073122478034518355,-0.057624553520099875,1.4858410280924166,0.09075136238245304,0.40808230881391194
4,0.02,0.1,0.7,2,4,1,3,4,62,0.4545454545454546,0.4772727272727273,0.525,0.0061620653734356145,-0.0887933423326982,1.3278295538012939,0.055670221426890404,0.4080574785036058
3,0.03,0.1,0.7,2,4,2,1,4,31,0.4842261904761905,0.4017857142857143,0.4842261904761905,0.003574534249546053,-0.19705941879179137,1.5916195212489799,0.18541141168124647,0.40788598341938276
4,0.02,0.06,0.7,2,5,2,1,4,53,0.45065359477124184,0.4666666666666667,0.45065359477124184,0.0010336403348437384,-0.2541432499137962,1.9806429486695585,0.1780619964694809,0.4078744911894703
2,0.02,0.08,0.7,2,4,2,2,4,56,0.47423685383244213,0.5213903743315508,0.5359848484848485,0.004367980965210927,-0.11178199658635568,1.3886460391192452,0.19587239796600636,0.4078531827817183
4,0.04,0.06,0.7,2,5,1,2,4,56,0.44722222222222224,0.41428571428571426,0.4653846153846154,0.00907902010162067,-0.09298208917668732,1.4810190226042947,0.0731569978477055,0.4066928584781926
3,0.02,0.06,0.55,2,4,1,1,3,10,0.3611111111111111,0.3333333333333333,0.3611111111111111,-0.0027271563275136725,-0.01648364576083435,2.5130813149872036,0.30681558381075724,0.40597285563202146
3,0.02,0.08,0.55,2,4,1,1,3,10,0.3611111111111111,0.3333333333333333,0.3611111111111111,-0.0027271563275136725,-0.01648364576083435,2.5130813149872036,0.30681558381075724,0.40597285563202146
2,0.03,0.08,0.55,2,5,1,3,4,22,0.47083333333333327,0.4,0.5,-0.011043959459317125,-0.055422460629645176,1.5841519362101126,0.16345871038277526,0.40562701143944907
2,0.04,0.1,0.55,2,5,2,1,3,15,0.4984126984126984,0.42857142857142855,0.4984126984126984,-0.0022104689874736026,-0.03987947392417557,1.229132299893738,0.11954393894452525,0.40529722318832156
2,0.02,0.1,0.7,2,4,1,3,4,62,0.4368686868686869,0.4772727272727273,0.5708333333333334,0.004112400836854831,-0.0642732611610975,1.392768325602954,0.17642463105766232,0.4052871609860932
4,0.03,0.08,0.7,2,5,1,3,4,103,0.46887254901960784,0.4583333333333333,0.4883928571428572,0.006205681819424816,-0.13335703824486994,1.3697176285701274,0.05797102613734706,0.4050549202759428
2,0.02,0.1,0.7,2,4,2,2,4,57,0.46476715686274517,0.5024509803921569,0.5181277056277056,0.0051113206749791775,-0.11961771750830588,1.4472732735370222,0.19750434156079053,0.40453173498085326
2,0.02,0.1,0.6,2,5,1,2,4,50,0.45353349673202614,0.4834558823529412,0.5388888888888889,0.0037835669196564607,-0.09508830619429667,1.3931491829112552,0.14909749497096203,0.4045216699026851
2,0.02,0.06,0.55,2,4,1,2,3,16,0.5095238095238095,0.5,0.49999999999999994,0.00042947498485563124,-0.029861557506324687,1.0314742284502392,0.07030868123920667,0.4031109411436647
2,0.02,0.08,0.55,2,4,1,2,3,16,0.5095238095238095,0.5,0.49999999999999994,0.00042947498485563124,-0.029861557506324687,1.0314742284502392,0.07030868123920667,0.4031109411436647
3,0.04,0.06,0.7,2,5,2,2,4,63,0.4732712462975621,0.4226190476190476,0.47321428571428575,0.0035538231090107538,-0.13842880539585578,1.4609990925624305,0.12421487379807103,0.4022107865612191
4,0.03,0.1,0.7,2,5,1,3,4,104,0.4630245958032335,0.4466374269005848,0.4883928571428572,0.006370331379821321,-0.13335703824486994,1.3631982314492108,0.06122862375817532,0.4018387612217105
3,0.02,0.1,0.55,2,4,1,1,3,11,0.3611111111111111,0.3333333333333333,0.3611111111111111,-0.004688449738263162,-0.031588067057359025,2.5130813149872036,0.30681558381075724,0.401806772983539
4,0.04,0.1,0.6,2,5,1,2,4,35,0.39285714285714285,0.41666666666666663,0.48630952380952375,0.008526383809762283,-0.07293825647497418,1.7327547237981982,0.1565826956900703,0.40162045109098715
4,0.04,0.1,0.6,2,4,2,3,4,28,0.3464285714285714,0.34285714285714286,0.5458333333333334,0.013288553263793915,-0.0662952391067419,1.7156452941681735,0.11355795068274747,0.40121734651210156
2,0.02,0.08,0.7,2,4,1,2,4,46,0.45098824786324787,0.40625,0.4958333333333333,0.005859686222572887,-0.05840390602110118,1.4622913571755358,0.2271801837406239,0.40094342682447653
3,0.04,0.08,0.6,2,5,2,2,4,39,0.390625,0.32291666666666663,0.475,0.00937148834714361,-0.07541020404122709,1.7617793440035645,0.16229621303003003,0.40093646200950783
2,0.04,0.08,0.55,2,5,2,3,4,22,0.39861111111111114,0.4222222222222222,0.375,-0.003203221900254639,-0.02615635879679129,2.18251181122405,0.26667751714036214,0.4006591141907745
4,0.02,0.06,0.7,2,5,2,2,4,93,0.4821106603560965,0.49391480730223125,0.48341503267973857,0.0013764115324920653,-0.18580427670981003,1.398032096122734,0.06103947212483079,0.39994739424983666
3,0.04,0.1,0.7,2,4,1,1,4,21,0.3375,0.30000000000000004,0.3375,0.009339074768294518,-0.05938047934086882,2.4797361768412203,0.27698149757700424,0.39967660654218645
3,0.04,0.06,0.7,2,5,1,3,4,66,0.46755952380952376,0.3875,0.41057692307692306,0.005402211985756501,-0.08471961950525869,1.5555311214207455,0.17160080426990165,0.3995478957440145
2,0.04,0.06,0.7,2,5,2,1,4,41,0.47023809523809523,0.49404761904761907,0.47023809523809523,0.005235076807351513,-0.150117723142524,1.468064438530988,0.15117172737143209,0.39927414418924534
3,0.03,0.08,0.6,2,5,1,1,4,27,0.38541666666666663,0.3333333333333333,0.38541666666666663,0.009897491792591561,-0.07076332551584866,1.9591047959029033,0.14244577428309732,0.39923894615212585
4,0.02,0.06,0.7,2,4,2,1,4,33,0.43844696969696967,0.4375,0.43844696969696967,0.0006831369065452885,-0.21667987881772466,1.8208229386143508,0.08705428094343501,0.3985102017464309
4,0.03,0.1,0.7,2,4,2,1,4,31,0.4699404761904762,0.4732142857142857,0.4699404761904762,0.005240470289448167,-0.23447879905192606,1.5480656471487977,0.11714362840919154,0.3980861794840847
2,0.02,0.1,0.7,2,4,1,2,4,47,0.44404380341880345,0.3923611111111111,0.4958333333333333,0.006214612987821096,-0.05840390602110118,1.4610739364779732,0.23355302449956555,0.397637118026254
2,0.03,0.1,0.7,2,4,2,2,4,50,0.43348214285714287,0.48125,0.49642857142857144,0.007276816364598865,-0.1027313804315011,1.4803640299123864,0.15108754874311806,0.3970992110507086
4,0.02,0.08,0.7,2,5,2,2,4,97,0.48747947454844004,0.4913793103448276,0.5262254901960784,0.0027946811826260977,-0.16636205678282795,1.184525673866278,0.07292834761630287,0.3969288182912237
4,0.02,0.06,0.7,2,4,2,2,4,54,0.4676470588235294,0.46256684491978606,0.47159090909090906,0.0021913466594672155,-0.1752467993539342,1.4298089793353013,0.05198661389482919,0.39658514759289637
4,0.03,0.08,0.7,2,5,2,3,4,115,0.4841575091575091,0.5064102564102564,0.4987055428231899,0.002190499826048391,-0.15060633537358095,1.2400634917645936,0.06158225754912669,0.3964463259691828
4,0.04,0.1,0.55,2,5,1,2,3,16,0.2571428571428571,0.2,0.3111111111111111,0.0006861728140935778,-0.028600018212426748,3.4280381833002207,0.23675815037440098,0.3963872610979769
3,0.02,0.08,0.7,2,4,2,3,4,71,0.45415273132664435,0.46886446886446886,0.5306186868686869,0.0022233049347744117,-0.14708560629530687,1.3176955223474,0.06024750667663324,0.39610600089068115
2,0.04,0.1,0.55,2,4,2,2,4,17,0.4833333333333333,0.4666666666666667,0.475,0.0015108585044117037,-0.02879635423836574,1.4307208356480157,0.3662876829305985,0.3960121199140835
3,0.02,0.06,0.7,2,5,2,2,4,93,0.46213657876943876,0.44726166328600403,0.5147875816993464,0.0005177045567977129,-0.17807710687594897,1.4265432304568373,0.10570235127805006,0.395838239763463
3,0.03,0.06,0.6,2,5,1,2,4,35,0.3942099567099567,0.34523809523809523,0.4861111111111111,0.007812196395361033,-0.07284677091656919,1.6495848231586676,0.1453571887869336,0.39558793665588643
2,0.03,0.1,0.55,2,5,1,2,4,21,0.45416666666666666,0.3666666666666667,0.4583333333333333,-0.011042555891109057,-0.059874462052689204,1.666710068016337,0.17295431317097718,0.39510612453864186
3,0.04,0.06,0.7,2,5,2,1,4,41,0.46279761904761907,0.4017857142857143,0.46279761904761907,0.003967385543259212,-0.13368009937682104,1.4686056499238733,0.1490697130095,0.39510057806079474
4,0.03,0.1,0.7,2,5,1,2,4,80,0.45965608465608465,0.47150997150997154,0.4571428571428572,0.007703135759648019,-0.1212583658207203,1.3378663011083822,0.06557276998490989,0.3947500510267785
2,0.03,0.1,0.7,2,4,2,1,4,31,0.4669642857142857,0.55,0.4669642857142857,0.006671126110406011,-0.15290622601904452,1.4605962901859717,0.1928798763056257,0.39460070303491523
3,0.03,0.1,0.6,2,4,2,3,4,34,0.42443181818181813,0.43636363636363634,0.5333333333333333,0.005813557849069957,-0.053585453196883404,1.3916999558423833,0.19002348022597124,0.3943411179330558
4,0.02,0.06,0.7,2,5,1,2,4,84,0.45317460317460323,0.45,0.446875,0.0049854719964892704,-0.16310959798864996,1.5100705434526631,0.07861951390553272,0.394229068429491
2,0.02,0.06,0.6,2,4,2,3,4,38,0.3913690476190476,0.34523809523809523,0.4875,0.006011021021594661,-0.03253083955026059,1.606573264330373,0.1406309050158543,0.3942009846536153
3,0.03,0.08,0.6,2,5,2,2,4,46,0.4106782106782107,0.36428571428571427,0.4958333333333333,0.005995957920925691,-0.11118939635694339,1.5920549306288048,0.14244847313804282,0.3937928000134001
3,0.04,0.1,0.6,2,5,2,3,4,50,0.4126984126984127,0.36428571428571427,0.5,0.004864727606967314,-0.10212434471774279,1.6126342885992855,0.1815050041059339,0.3937873802359854
3,0.03,0.06,0.7,2,5,2,3,4,105,0.45044289645682833,0.39108187134502925,0.45578686019862485,0.0016076072191189676,-0.16558794435031812,1.594104605155347,0.1275767021703781,0.39323748302499983
4,0.03,0.1,0.6,2,4,2,2,4,28,0.35119047619047616,0.29166666666666663,0.43333333333333335,0.00935243877633074,-0.06802331744639475,1.9457401363476403,0.13162704992557128,0.39289155630417605
3,0.02,0.06,0.7,2,5,1,3,4,112,0.44864498644986445,0.4445121951219512,0.49687499999999996,0.0017988385750236516,-0.15682130050841456,1.47973251417678,0.13172247646038246,0.3924460971487695
3,0.04,0.08,0.55,2,5,2,3,4,22,0.3416666666666666,0.35,0.4166666666666667,-0.00038307246494616656,-0.030190849814254378,2.250918985634194,0.258602010819715,0.3923861023828457
4,0.04,0.08,0.7,2,5,2,2,4,71,0.47830068482242394,0.48351648351648346,0.5126602564102565,0.0032267597694530374,-0.14217490408676178,1.1672417764046101,0.07603212046547048,0.39187525516020544
4,0.02,0.08,0.6,2,4,2,3,4,39,0.36101190476190476,0.30952380952380953,0.4958333333333333,0.0072823653367710016,-0.03773542801485513,1.7298855073991828,0.15972662790926662,0.3914453212110597
4,0.03,0.08,0.7,2,5,1,2,4,79,0.4572649572649573,0.452991452991453,0.4571428571428572,0.007179823342198376,-0.12125836582072028,1.30575960964328,0.05489415631908173,0.3913318225758897
4,0.03,0.1,0.6,2,5,1,2,4,40,0.4028138528138528,0.39610389610389607,0.48888888888888893,0.007092645452878617,-0.08234884901751618,1.5071096946897342,0.09075512627000831,0.3909816896789421
3,0.02,0.08,0.7,2,5,2,2,4,97,0.47030651340996166,0.48084291187739464,0.527859477124183,0.002493187128479978,-0.171503514111403,1.224221128081194,0.09362996197929366,0.390068522608279
4,0.04,0.06,0.7,2,5,2,2,4,63,0.4748519024834814,0.4772727272727273,0.45089285714285715,0.003139925951224759,-0.1375955540050157,1.2744565248514883,0.03979946253507619,0.3898909371923189
2,0.02,0.06,0.6,2,4,2,1,4,18,0.3833333333333333,0.41666666666666663,0.3833333333333333,0.0024824415948389283,-0.07988611267215764,1.9669781733165292,0.12583057392117916,0.3898510710114425
2,0.02,0.08,0.6,2,4,2,1,4,18,0.3833333333333333,0.41666666666666663,0.3833333333333333,0.0024824415948389283,-0.07988611267215764,1.9669781733165292,0.12583057392117916,0.3898510710114425
2,0.03,0.08,0.6,2,5,2,3,4,54,0.425019425019425,0.4358974358974359,0.47083333333333327,0.003107960045222124,-0.09830493352994954,1.5163171896632832,0.1240040659978591,0.3887434178493145
2,0.02,0.1,0.55,2,4,1,3,3,18,0.5,0.5,0.47222222222222215,6.194914005428967e-05,-0.043748196498688,1.0115318371465165,0.08164965809277258,0.38865957415696656
3,0.03,0.08,0.6,2,5,2,3,4,54,0.41647241647241645,0.38888888888888884,0.4958333333333333,0.005065246338854308,-0.10504928237930336,1.4860386314719198,0.13031046650257372,0.3885098889979105
2,0.02,0.1,0.6,2,4,1,1,3,15,0.45,0.5,0.45,0.0011363127641921648,-0.043287591956088146,1.3934228662537091,0.14719601443879746,0.388367212427493
4,0.04,0.08,0.6,2,5,1,2,4,34,0.3833333333333333,0.41666666666666663,0.5071428571428571,0.007421250102680823,-0.07277855656504542,1.5529770632350761,0.12583057392117916,0.3882723639090947
3,0.04,0.1,0.7,2,4,2,1,4,26,0.4363095238095238,0.41428571428571426,0.4363095238095238,0.010791246439516348,-0.11644128471970511,1.5252887638538482,0.207657918761818,0.3879881996446079
3,0.03,0.1,0.7,2,5,1,2,4,80,0.45935083435083435,0.4065934065934066,0.49464285714285716,0.00492900245339582,-0.11646348865711675,1.2437693635425702,0.11432269191094381,0.38793136492219804
2,0.03,0.08,0.7,2,4,2,1,4,30,0.4419642857142857,0.5,0.4419642857142857,0.007348883277555319,-0.1439657908396779,1.5557421378192038,0.1934576464484869,0.3878023100562481
2,0.02,0.08,0.6,2,5,1,2,4,49,0.44577205882352944,0.4540441176470588,0.5194444444444444,0.002211387767685467,-0.091222182240045,1.2755542630310996,0.13335443701482075,0.3875693048931966
4,0.02,0.06,0.7,2,4,2,3,4,69,0.45869565217391306,0.4481605351170569,0.521780303030303,-6.616012018506308e-05,-0.17170567660721545,1.2655004150888247,0.05096001229603395,0.3872482629706568
2,0.03,0.1,0.7,2,5,1,1,4,48,0.4459821428571429,0.48125,0.4459821428571429,0.00721494909546807,-0.11779836693566909,1.414726740681727,0.13213305344907272,0.3870180227180367
4,0.04,0.06,0.6,2,5,1,3,4,33,0.35,0.3666666666666667,0.47619047619047616,0.01203148243561527,-0.06544651933306214,1.7154381367660945,0.12133516482134198,0.3868505295964463
3,0.03,0.08,0.7,2,5,1,3,4,103,0.460375816993464,0.4305555555555556,0.48125,0.004584066451563774,-0.11725282896091366,1.2742871063375771,0.12491386562015522,0.38679951717101946
3,0.04,0.06,0.7,2,5,2,3,4,77,0.46985236985236983,0.4222222222222222,0.4375,0.001204014876825432,-0.14416661454246424,1.450043678684823,0.15659345645788234,0.3865544083188165
4,0.03,0.08,0.6,2,5,1,2,4,39,0.39805194805194805,0.39610389610389607,0.5138888888888888,0.006493461083087997,-0.08925613800333698,1.3869102228914283,0.05246987193504163,0.3857377992169705
3,0.04,0.1,0.6,2,5,2,2,4,43,0.400735294117647,0.3431372549019608,0.475,0.005793437965585413,-0.10455059506589501,1.6072278941915012,0.15832555526333236,0.38564912361798975
3,0.03,0.06,0.55,2,5,1,2,3,17,0.4351851851851852,0.5,0.4444444444444444,0.005325736725925452,-0.030485902808264576,1.3593088084834655,0.13289537124451226,0.38556787293545725
4,0.04,0.1,0.6,2,4,2,2,4,24,0.32291666666666663,0.3125,0.4333333333333333,0.012994194371268168,-0.06529363789718412,1.9473885932038413,0.12629537138523064,0.3854244211100152
2,0.04,0.06,0.55,2,5,2,3,4,20,0.38125,0.3875,0.375,-0.004921366701931346,-0.027265628809769293,2.101972050204643,0.2653859218195268,0.3843118747713194
2,0.02,0.06,0.6,2,5,1,2,4,45,0.446875,0.46875,0.49861111111111106,0.0029444978966848344,-0.091222182240045,1.2613440396706443,0.12759034789121002,0.3841030031717934
2,0.03,0.1,0.55,2,5,1,3,4,23,0.4541666666666666,0.3666666666666667,0.4583333333333333,-0.011589938162881239,-0.05975744430498586,1.5370675061736496,0.17295431317097718,0.38409190299482465
3,0.03,0.1,0.7,2,5,1,3,4,104,0.45379686962504295,0.41739766081871343,0.48125,0.004437134147995057,-0.11480058288331105,1.2732833286803162,0.12333673678416414,0.3840028097145583
2,0.03,0.08,0.7,2,5,1,1,4,48,0.4459821428571429,0.48125,0.4459821428571429,0.005137899869184147,-0.11779836693566906,1.4029673497176023,0.13213305344907272,0.383584812369366
2,0.03,0.06,0.7,2,5,1,3,4,94,0.43014705882352944,0.4227941176470588,0.4851190476190476,0.003455301823506287,-0.08628574589081384,1.3738499205230448,0.13701944965870752,0.3833284963448546
4,0.04,0.1,0.7,2,4,1,3,4,43,0.41581196581196583,0.4,0.45833333333333337,0.005366559259988906,-0.06317112313884005,1.419701910013546,0.10075596354670889,0.38315706333472416
3,0.03,0.08,0.7,2,5,1,2,4,79,0.45833333333333337,0.42307692307692313,0.49464285714285716,0.004451557863045487,-0.11646367329896642,1.2005788132824273,0.12175269175142679,0.3828508897908301
2,0.02,0.08,0.6,2,5,1,1,4,30,0.4555555555555556,0.4777777777777778,0.4555555555555556,0.00019359136875759467,-0.10207970612889145,1.4065796027383664,0.17533037597843887,0.3825937941589475
4,0.02,0.06,0.7,2,5,2,3,4,123,0.4668995859213251,0.47619047619047616,0.5131535947712418,-0.0010253297689997638,-0.17579625488326225,1.23016547056514,0.0784830111807176,0.3825441830608073
3,0.04,0.06,0.6,2,5,2,2,4,36,0.375,0.3333333333333333,0.45357142857142857,0.007810087246831641,-0.0736738561489182,1.708663811460593,0.18162078931419473,0.38215896944432537
3,0.03,0.06,0.6,2,5,2,2,4,43,0.4022631779984721,0.36134453781512604,0.4839285714285714,0.004280086159237277,-0.11118939635694336,1.5564548642557068,0.1503119089521871,0.3820889566375598
4,0.02,0.08,0.7,2,4,2,2,4,56,0.46565842245989303,0.46256684491978606,0.5078914141414141,0.0016493804611422678,-0.18363366376992338,1.1567452266911256,0.02302195589986227,0.3817656514995157
3,0.03,0.1,0.6,2,5,1,1,4,28,0.3729166666666666,0.3333333333333333,0.3729166666666666,0.007662370647687315,-0.07076332551584866,1.8840887744992862,0.15538650288161382,0.38139526077807007
4,0.02,0.06,0.7,2,5,1,3,4,112,0.44972899728997284,0.4689024390243902,0.4746527777777778,0.0017794679902878602,-0.17361850280297644,1.355648536476981,0.07261096484272933,0.38125275131877173
2,0.03,0.06,0.6,2,5,2,3,4,49,0.41495164192532613,0.4271255060728745,0.45892857142857135,0.0025845972969513464,-0.09830493352994954,1.5263907001353678,0.13422586827309335,0.3811920644338406
4,0.03,0.1,0.7,2,5,2,3,4,119,0.47439372221980913,0.4955406911928651,0.509816653934301,7.784719608971372e-05,-0.1872825981778867,1.1672461388337727,0.0679080361779956,0.3810070588521977
4,0.03,0.08,0.7,2,4,2,1,4,30,0.43660714285714286,0.4732142857142857,0.43660714285714286,0.007606438997601781,-0.2010042152941958,1.563262483565324,0.1617501340566583,0.38092285177965474
3,0.04,0.06,0.6,2,5,2,3,4,39,0.3818452380952381,0.33035714285714285,0.45357142857142857,0.006530726772722741,-0.07190684122263916,1.6871767452000603,0.19799765618244447,0.3808870211591028
4,0.02,0.1,0.6,2,5,1,3,4,59,0.4052579365079365,0.3819444444444444,0.49999999999999994,0.0035319311721872123,-0.10795885873085467,1.4094574782996707,0.07143373823905443,0.38069122499234287
2,0.02,0.06,0.55,2,4,1,1,3,10,0.49999999999999994,0.5,0.49999999999999994,-0.005341098350251782,-0.02236500985458915,0.9427476113035458,0.13608276348795434,0.38044006862239443
2,0.02,0.08,0.55,2,4,1,1,3,10,0.49999999999999994,0.5,0.49999999999999994,-0.005341098350251782,-0.02236500985458915,0.9427476113035458,0.13608276348795434,0.38044006862239443
4,0.04,0.08,0.7,2,5,1,3,4,80,0.44123563218390804,0.43247126436781613,0.4851190476190476,0.004326867053818007,-0.11006613091498427,1.1979920174313894,0.03810127028674158,0.3803554085329235
2,0.03,0.08,0.7,2,4,2,2,4,48,0.42723214285714284,0.46875,0.4714285714285714,0.006178231063992835,-0.09823110445031286,1.3769700964650542,0.15285012813510612,0.38009592078057824
4,0.04,0.08,0.6,2,5,2,3,4,45,0.34540517961570594,0.34285714285714286,0.4892857142857142,0.009062902554668083,-0.07973325005168402,1.6645723527836982,0.09768974868315759,0.37994757507165344
4,0.04,0.06,0.6,2,4,1,3,2,15,0.33035714285714285,0.33035714285714285,0.55,0.006000762691457666,-0.024944426058484848,1.506738349554455,0.04464285714285715,0.3798359377813732
4,0.03,0.06,0.6,2,5,1,3,4,40,0.3697916666666667,0.39583333333333337,0.4826388888888889,0.00809058283331325,-0.08645934490244894,1.5389607089847452,0.0727304168946299,0.37956602915666904
4,0.04,0.1,0.7,2,4,2,1,4,26,0.4616071428571428,0.45,0.4616071428571428,0.006440723007420741,-0.15983996078688098,1.2158371888155997,0.0787892678255725,0.3795565488508241
2,0.02,0.08,0.6,2,4,2,3,4,39,0.3788690476190476,0.34523809523809523,0.4875,0.0044020998214444485,-0.03142156953728259,1.5285912715955792,0.1542077418162085,0.37945368525218054
2,0.04,0.06,0.7,2,4,1,1,3,16,0.3880952380952381,0.25,0.3880952380952381,0.008227355275278906,-0.05330094920468057,1.7750742267857207,0.23155297459836588,0.3792203173626662
2,0.03,0.08,0.55,2,5,2,2,4,22,0.3875,0.4,0.3630952380952381,-0.014557942726758508,-0.07172525822429884,2.2406409512387153,0.2747157621979489,0.3781915004832829
2,0.03,0.06,0.7,2,5,1,2,4,74,0.4368997668997669,0.39743589743589747,0.41369047619047616,0.0038284381777529217,-0.0892114339478439,1.466606949119557,0.1560315694109486,0.37807777445924123
4,0.03,0.08,0.7,2,5,2,2,4,88,0.45562169312169315,0.45555555555555555,0.4987055428231899,0.0019385414205541488,-0.16474986951676113,1.1785056519024915,0.045117407237983596,0.3779981954052142
2,0.02,0.1,0.7,2,5,1,1,4,51,0.44419191919191925,0.4772727272727273,0.44419191919191925,0.006295759019851177,-0.1546646101887884,1.3879096669918074,0.13853559289557568,0.37766983100361284
4,0.02,0.08,0.6,2,5,1,3,4,57,0.40688131313131315,0.3819444444444444,0.5166666666666666,0.0031232094621422564,-0.10508832466410847,1.3025344471789342,0.05450082787918341,0.37740986618128197
2,0.02,0.06,0.7,2,5,1,2,4,84,0.4454365079365079,0.4444444444444444,0.4618055555555556,0.0014334935566623485,-0.11960531058605106,1.3500077160592898,0.13816064748137097,0.37712286016644186
3,0.03,0.06,0.6,2,5,2,3,4,49,0.40640463337831756,0.38011695906432746,0.4839285714285714,0.0035274946600939738,-0.10504928237930336,1.4609923238074654,0.1394571409196152,0.37701769364358156
2,0.02,0.1,0.6,2,5,1,1,4,31,0.4472222222222222,0.4777777777777778,0.4472222222222222,0.0011606520268141601,-0.10567798608105264,1.4061076221229936,0.18763883748662838,0.3768833713178043
4,0.03,0.06,0.55,2,5,1,1,2,9,0.25,0.25,0.25,-0.0015021910350705402,-0.03411680063641798,3.0079898272768593,0.25,0.37660335468154515
4,0.03,0.08,0.55,2,5,1,1,2,9,0.25,0.25,0.25,-0.0015021910350705402,-0.03411680063641798,3.0079898272768593,0.25,0.37660335468154515
2,0.02,0.06,0.7,2,4,2,3,4,69,0.4217809364548495,0.4916387959866221,0.5255681818181819,0.0008732196750009863,-0.12237846032709418,1.3495225863016833,0.15795685908854062,0.37660276431611994
2,0.03,0.06,0.55,2,5,2,2,4,22,0.3875,0.4,0.3630952380952381,-0.015758486139456632,-0.07375805949607767,2.2406409512387153,0.2747157621979489,0.37650691223543165
3,0.03,0.08,0.7,2,5,2,2,4,88,0.46058201058201054,0.4277777777777778,0.5153106697224343,0.0012764026303880892,-0.15296197475958062,1.1390066811784774,0.10542021000222274,0.376187202585808
2,0.02,0.1,0.55,2,4,1,2,3,17,0.4761904761904761,0.42857142857142855,0.47222222222222215,-0.00017149888734220966,-0.04374819649868803,0.9997003083463379,0.08832017614757812,0.3761849870614063
4,0.04,0.1,0.7,2,5,1,3,4,81,0.43498563218390807,0.43247126436781613,0.46726190476190477,0.004646198989710593,-0.11006613091498427,1.21363999803674,0.045654569319644095,0.3750022528103618
3,0.02,0.06,0.7,2,5,2,3,4,123,0.4464449166394247,0.45341614906832295,0.48537581699346405,-0.0009129216226318069,-0.1634562323923605,1.3213179116311176,0.10041754051703786,0.37493715174131886
2,0.02,0.08,0.6,2,4,2,2,4,30,0.38446969696969696,0.3939393939393939,0.425,0.004168159606163705,-0.04636570903244919,1.5665471139538332,0.09868496568267446,0.3748782419415589
4,0.04,0.08,0.6,2,5,1,1,4,24,0.346031746031746,0.41428571428571426,0.346031746031746,0.004197371245378724,-0.06977052944540024,2.1216814086977434,0.20818475427446767,0.3746647492355034
3,0.02,0.1,0.7,2,4,2,3,4,74,0.448143115942029,0.4568452380952381,0.47109487734487737,0.0005485948728385409,-0.15542424285134185,1.2679121874863575,0.06040974835362977,0.37449097747875193
4,0.04,0.06,0.7,2,5,2,3,4,77,0.44682724682724684,0.4606060606060606,0.45089285714285715,0.0009964059058077852,-0.1462432433696561,1.27961151241083,0.03716317091316566,0.37429319770325625
2,0.02,0.1,0.6,2,4,2,1,4,20,0.3833333333333333,0.41666666666666663,0.3833333333333333,0.00014409030532794905,-0.09159470589408697,1.8223326117916852,0.12583057392117916,0.3740683733554102
2,0.02,0.08,0.7,2,5,1,1,4,51,0.44419191919191925,0.4772727272727273,0.44419191919191925,0.004449493040932134,-0.15466461018878844,1.3695782347143661,0.13853559289557568,0.3739877972467147
3,0.04,0.08,0.7,2,5,1,3,4,80,0.47428160919540235,0.41522988505747127,0.44047619047619047,0.002315051957545837,-0.09997342650864754,1.1321782955789206,0.1112520884444308,0.37397730997194567
2,0.02,0.06,0.6,2,5,2,1,4,33,0.43214285714285716,0.41428571428571426,0.43214285714285716,0.0009281863979460125,-0.14250752105373635,1.403235527012109,0.040876868365212836,0.37389447098569567
4,0.04,0.06,0.55,2,4,2,1,1,5,0.4,0.4,0.4,0.005811258824556445,-0.04872713363133474,1.406845549301158,0.0,0.3736738984978002
4,0.04,0.08,0.55,2,4,2,1,1,5,0.4,0.4,0.4,0.005811258824556445,-0.04872713363133474,1.406845549301158,0.0,0.3736738984978002
3,0.03,0.08,0.7,2,5,2,3,4,115,0.46089743589743587,0.4551282051282051,0.49383541295306,0.0007415756807152482,-0.15502554464350563,1.161513079231297,0.0996439255552778,0.3734072864981774
4,0.03,0.06,0.6,2,5,1,1,4,25,0.3888888888888889,0.375,0.3888888888888889,0.008353844642102289,-0.08670905592047123,1.6467685353973032,0.14027090192169553,0.37291711531589256
3,0.02,0.08,0.7,2,5,1,2,4,87,0.45171957671957674,0.45089285714285715,0.4733901515151515,0.0032007709067111054,-0.15735021909711053,1.2238250842890843,0.09948291476247581,0.37285811218536863
4,0.04,0.06,0.6,2,5,1,2,4,30,0.35128205128205126,0.3333333333333333,0.4404761904761904,0.011617051268942583,-0.0727785565650454,1.6369091781481904,0.12100282270766068,0.3726517043423292
4,0.04,0.1,0.6,2,5,1,1,4,25,0.346031746031746,0.41428571428571426,0.346031746031746,0.0032691897894145065,-0.07732012940811842,2.1216814086977434,0.20818475427446767,0.37264497949282016
2,0.02,0.06,0.7,2,5,2,1,4,53,0.4742647058823529,0.4901960784313726,0.4742647058823529,-0.00020602531663628087,-0.23454036613691706,1.3414093642919573,0.1850895943051115,0.3723855661060834
2,0.02,0.06,0.7,2,5,1,3,4,112,0.42720189701897016,0.4432926829268293,0.5052083333333334,0.0005619393989467515,-0.12093194465904622,1.2751417787594204,0.12264898899056449,0.3716444374263623
2,0.02,0.08,0.7,2,4,2,3,4,71,0.4243908265647396,0.4916387959866221,0.5359848484848485,0.0008659274066130235,-0.11681108674963644,1.246893949928803,0.16713613652283993,0.37157524920155877
2,0.02,0.08,0.7,2,5,2,2,4,97,0.4412287903667214,0.4530651340996169,0.5584150326797386,0.0007336617614398071,-0.16148088028945046,1.1399007510243124,0.14316670442168103,0.37147737440817663
2,0.03,0.1,0.6,2,5,2,3,4,59,0.41475372453633325,0.42391304347826086,0.4886904761904762,0.0013659859342230727,-0.10855911069723656,1.3355804075435143,0.1086523957306816,0.37114360206187114
3,0.04,0.08,0.7,2,5,2,2,4,71,0.44535355948399424,0.4264214046822743,0.5130876068376068,0.0019877839157468862,-0.14915368761021014,1.123151980220494,0.08194404337670909,0.3708101562684927
3,0.04,0.08,0.7,2,5,2,3,4,92,0.46790441176470593,0.46875,0.5010683760683761,0.0005112771804772591,-0.1521297959889183,1.0924707440751322,0.12427116129247058,0.37058458422830837
4,0.04,0.06,0.6,2,5,2,1,4,26,0.34464285714285714,0.3392857142857143,0.34464285714285714,0.014367917595591015,-0.09000941284131703,1.8733780733915677,0.12355026656121361,0.37044445326303665
4,0.04,0.08,0.7,2,5,1,2,4,63,0.4284090909090909,0.4318181818181818,0.46726190476190477,0.003444759069520506,-0.10993496138971581,1.2209278470432166,0.05551924318320959,0.37041067568693115
3,0.03,0.06,0.6,2,5,2,1,4,30,0.40267857142857144,0.35,0.40267857142857144,0.0034594388611006565,-0.14126100058267552,1.651857714915395,0.13569959976931037,0.37023372720365794
3,0.03,0.1,0.7,2,5,1,1,4,48,0.4455357142857143,0.4285714285714286,0.4455357142857143,0.0070536324851162,-0.13180390485362264,1.2234559372275609,0.12665675030553714,0.3699900396391809
3,0.02,0.06,0.7,2,5,2,1,4,53,0.42785947712418304,0.39166666666666666,0.42785947712418304,-0.0035000167260256995,-0.2628503557666487,1.7964420910978278,0.2014585118750767,0.36996528370531045
4,0.04,0.08,0.7,2,5,2,1,4,45,0.45405982905982906,0.4722222222222222,0.45405982905982906,0.002754116211071706,-0.14095966263944415,1.1802992289758403,0.07730053403380227,0.3697685644208047
2,0.04,0.06,0.7,2,5,1,2,4,56,0.4452380952380952,0.41428571428571426,0.46057692307692305,0.0027776822224422327,-0.08162882845397132,1.1814666038179364,0.1385665193042996,0.3694422934860725
4,0.04,0.1,0.7,2,5,1,2,4,64,0.4303030303030303,0.4356060606060606,0.4494047619047619,0.003998635845176298,-0.10993496138971587,1.2311043370163084,0.05495427601006708,0.369215488545261
3,0.04,0.1,0.7,2,5,1,3,4,81,0.4680316091954023,0.41522988505747127,0.4285714285714285,0.0022352589823978544,-0.10216126838240294,1.1423719499652585,0.11585652678287046,0.36887270227979685
3,0.03,0.08,0.7,2,5,1,1,4,48,0.4455357142857143,0.4285714285714286,0.4455357142857143,0.0065213753608629,-0.13180390485362264,1.2157678083512908,0.12665675030553714,0.36873628077997533
3,0.02,0.06,0.6,2,4,1,2,3,24,0.3431818181818182,0.375,0.4666666666666666,0.004240726557962983,-0.024593723496114033,1.5915126701069642,0.10632542696238177,0.36871775601674
4,0.04,0.08,0.7,2,5,2,3,4,92,0.44604779411764706,0.45,0.5126602564102565,0.00030125299475134695,-0.15691790036079348,1.119415335841126,0.0723869774192283,0.3685471828591508
3,0.02,0.1,0.7,2,5,1,2,4,88,0.44528575319016495,0.4380252100840336,0.4733901515151515,0.0026949627382544454,-0.15735021909711047,1.2115634466471572,0.10101487553729026,0.3682524339216459
3,0.04,0.08,0.55,2,5,2,2,4,19,0.34375,0.375,0.375,-0.0003969706130101643,-0.029931178135477576,2.0214140811293153,0.240035804620894,0.36812965600880426
3,0.03,0.1,0.6,2,5,2,2,4,49,0.4174242424242424,0.3666666666666667,0.4886904761904762,0.002458959095292682,-0.1391074443597984,1.332618864036101,0.13143229829768888,0.3679317871792527
2,0.03,0.06,0.7,2,5,2,1,4,50,0.4750763941940413,0.5357142857142857,0.4750763941940413,-0.0003612674169855678,-0.2234856960862744,1.2543089915888461,0.17711808441699672,0.36772312436913923
2,0.04,0.08,0.55,2,4,2,3,3,14,0.4761904761904762,0.42857142857142855,0.4666666666666666,-0.0018866812447848613,-0.023274663070497303,1.2042428363503526,0.4096345365258393,0.3661307345428072
3,0.04,0.06,0.55,2,5,2,2,4,19,0.34375,0.375,0.375,-0.0027438753206823372,-0.03345153519698582,2.0214140811293153,0.240035804620894,0.36489092751221663
3,0.02,0.1,0.6,2,5,1,3,4,59,0.40029761904761907,0.4255952380952381,0.4305555555555556,0.004151139335776512,-0.09295161258425919,1.4040592064426387,0.09865297049980488,0.3645047122507871
3,0.02,0.08,0.6,2,5,1,3,4,57,0.39943181818181817,0.4125,0.4388888888888889,0.004371241409943827,-0.08890465944591694,1.3562746854324383,0.0856184206014161,0.3637515277045003
2,0.02,0.06,0.7,2,5,2,2,4,93,0.4516001803020059,0.4817444219066937,0.4742647058823529,-0.0006804227778796621,-0.16498648937029206,1.2308678862088573,0.15232955235142298,0.36374120296307727
2,0.02,0.06,0.6,2,4,2,2,4,30,0.38446969696969696,0.3939393939393939,0.425,0.0029676161934655805,-0.048766795857845435,1.4472861792919491,0.09868496568267446,0.36360858465432283
4,0.02,0.1,0.7,2,4,2,2,4,57,0.45618872549019607,0.4540441176470588,0.4840818903318903,-0.0006346049302640294,-0.2014524640505427,1.1050730963732767,0.03177276841441839,0.36302950917129306
2,0.03,0.1,0.55,2,4,2,2,4,18,0.4714285714285714,0.44285714285714284,0.475,-0.0042623398486354635,-0.03360535025451064,1.1830417409061074,0.3717031951787911,0.36290249095213867
4,0.03,0.08,0.7,2,5,1,1,4,48,0.4258928571428572,0.41428571428571426,0.4258928571428572,0.007077395704815219,-0.14152872894814805,1.2284370294195337,0.04679627743349521,0.36287104467374076
4,0.03,0.1,0.7,2,5,1,1,4,48,0.4258928571428572,0.41428571428571426,0.4258928571428572,0.007008708811351536,-0.14152872894814805,1.2251286795908098,0.04679627743349521,0.3625239524152864
3,0.03,0.06,0.7,2,5,2,1,4,50,0.42453686019862485,0.33035714285714285,0.42453686019862485,-0.0029900430834321643,-0.2287593875035771,1.669330374801236,0.20030397037156042,0.36243189328293235
2,0.02,0.1,0.7,2,4,2,3,4,74,0.41838121118012417,0.4796195652173913,0.5181277056277056,0.0003483775687904752,-0.12036996506854525,1.2179936097015396,0.16612148736907606,0.36202051321751727
4,0.03,0.06,0.6,2,5,2,1,4,30,0.37142857142857144,0.35,0.37142857142857144,0.008729642074483374,-0.15622386633311683,1.6968054977426106,0.08630747123996123,0.36199712007818935
3,0.03,0.08,0.55,2,4,2,2,3,13,0.36507936507936506,0.42857142857142855,0.3,-0.0159670798540701,-0.04273030243210074,2.288773204088682,0.2758436063013137,0.3610319499919675
2,0.04,0.1,0.55,2,5,2,3,4,26,0.38125,0.3875,0.3380952380952381,-0.005990645854818815,-0.04290447515211801,1.942373985639966,0.2653859218195268,0.361003280680646
2,0.04,0.1,0.55,2,5,2,2,4,23,0.37797619047619047,0.38095238095238093,0.3380952380952381,-0.005508096655998392,-0.04172376333332076,1.9522250120166307,0.2673109510622846,0.3608848906224845
4,0.02,0.08,0.6,2,4,2,2,4,30,0.3162878787878788,0.29166666666666663,0.3416666666666666,0.006225141235872099,-0.042501152107425694,1.952187128325392,0.11886638851903943,0.35969856920254245
2,0.02,0.1,0.55,2,4,1,1,3,11,0.47222222222222215,0.5,0.47222222222222215,-0.004052288901206146,-0.0362516488469525,0.9400387052196438,0.17123372230469378,0.35923589853455873
3,0.03,0.08,0.6,2,5,2,1,4,32,0.38958333333333334,0.3666666666666667,0.38958333333333334,0.0029851329742655555,-0.14126100058267554,1.643593251298404,0.15381434967735183,0.35904231829554845
2,0.04,0.06,0.7,2,5,1,3,4,66,0.42333333333333334,0.3883333333333333,0.5105769230769232,0.0006849928922986529,-0.08447082498301117,1.093013771595671,0.15273433725844943,0.35852323183515944
3,0.02,0.08,0.7,2,4,2,1,4,34,0.44728535353535354,0.4097222222222222,0.44728535353535354,0.0004079371315666193,-0.22565146603234684,1.2902318441576464,0.11615604057216267,0.3580728927188168
4,0.03,0.06,0.6,2,5,1,2,4,35,0.36174242424242425,0.3484848484848485,0.4513888888888889,0.006615796971746073,-0.08925613800333695,1.437007276652268,0.09001692907815262,0.35804931629849274
4,0.03,0.08,0.6,2,5,2,2,4,46,0.3702741702741703,0.3762626262626263,0.4333333333333333,0.007069548087193293,-0.12022010725157001,1.4295453112617411,0.04671080591995387,0.3579738485518298
3,0.04,0.1,0.7,2,5,1,2,4,64,0.44507575757575757,0.4083333333333333,0.44345238095238093,0.0010655039884769734,-0.11171901281345875,1.1043864311192126,0.09147786090531779,0.357879575965236
3,0.04,0.08,0.7,2,5,1,2,4,63,0.44318181818181823,0.42727272727272725,0.46130952380952384,0.000641415937739006,-0.11286298727393512,1.0764389620603483,0.10272626709081384,0.35681687919370036
3,0.03,0.06,0.55,2,4,2,2,3,13,0.36507936507936506,0.42857142857142855,0.3,-0.01909628613096633,-0.04742411184744507,2.288773204088682,0.2758436063013137,0.35671364532985067
2,0.03,0.1,0.55,2,4,2,3,4,20,0.4625,0.425,0.475,-0.0052970210156243255,-0.03489716706692886,1.1728774022874144,0.3764555086593899,0.3562946662234613
3,0.02,0.06,0.6,2,4,2,3,4,38,0.37797619047619047,0.38095238095238093,0.4333333333333333,0.004068847179073422,-0.03562701716033834,1.3310688529066597,0.09463162556895623,0.35627830512361613
4,0.03,0.08,0.6,2,5,1,1,4,27,0.3819444444444444,0.38888888888888884,0.3819444444444444,0.006073657578942435,-0.08670905592047129,1.4836066690335359,0.09697388919283988,0.35607781366041896
3,0.02,0.08,0.7,2,5,2,3,4,130,0.43718321407274896,0.4593023255813954,0.49844771241830066,-0.0013385270056459455,-0.15743312716566882,1.0895360456206018,0.09450327527924206,0.3555264027770505
2,0.02,0.1,0.6,2,4,2,2,4,33,0.37058080808080807,0.38888888888888884,0.425,0.0018519987445601862,-0.05812365395514907,1.4365964310796777,0.08431044461583187,0.3551918025723257
2,0.04,0.08,0.7,2,5,2,1,4,45,0.4065705128205128,0.3798076923076923,0.4065705128205128,0.003990198414573215,-0.15355352971378464,1.3797832870011462,0.07568226684279593,0.3549607294778351
4,0.03,0.1,0.7,2,5,2,2,4,90,0.442713196389667,0.4317226890756303,0.509816653934301,-0.002845538498352786,-0.20508520415293213,1.0766436180890409,0.054557645680417266,0.3549262762585251
4,0.04,0.08,0.6,2,5,2,2,4,39,0.33854166666666663,0.3333333333333333,0.4285714285714286,0.00903031191798384,-0.08730687619843033,1.520689662672452,0.0664955486187693,0.3547531139963493
4,0.04,0.08,0.6,2,5,2,1,4,28,0.3410714285714286,0.34285714285714286,0.3410714285714286,0.010970439440522234,-0.090009412841317,1.7069976279660266,0.07497873848291792,0.354621337517746
2,0.04,0.08,0.7,2,5,1,1,4,39,0.41666666666666663,0.38095238095238093,0.41666666666666663,0.0023539869259172853,-0.0790497185669908,1.2280051373055008,0.0974446758556244,0.35461698833238525
4,0.03,0.08,0.6,2,5,2,3,4,54,0.37068487068487066,0.38278388278388276,0.4645833333333333,0.005383781355439237,-0.11229552876128515,1.328715092149768,0.06191858909947414,0.3540536528940549
3,0.03,0.06,0.55,2,5,1,3,3,19,0.39999999999999997,0.5,0.4444444444444444,0.0032306517272423143,-0.030485902808264614,1.1999923399995172,0.1414213562373095,0.3537930413255645
4,0.04,0.1,0.6,2,5,2,3,4,50,0.3496031746031746,0.35,0.4642857142857143,0.00535779310669335,-0.11138778080105605,1.4755689215112726,0.09650202963335025,0.3535667408107105
3,0.04,0.1,0.55,2,4,2,1,2,9,0.425,0.425,0.425,-0.0051919390328498335,-0.09608090887563142,1.3633764915221944,0.175,0.35356008341727996
3,0.03,0.1,0.7,2,5,2,3,4,119,0.4516747745008614,0.4442586399108138,0.4549465240641711,-0.0009434786505260447,-0.18087064689010243,1.1291538208854541,0.10276556239035683,0.35351736201038614
4,0.02,0.1,0.7,2,4,2,1,4,35,0.4568903318903319,0.4494949494949495,0.4568903318903319,-0.0005522684348473863,-0.28208722921985474,1.164426472523937,0.026555613030908122,0.3534951948599586
4,0.04,0.06,0.6,2,5,2,3,4,39,0.3224702380952381,0.34285714285714286,0.44285714285714284,0.008544019054353869,-0.07973325005168397,1.582088342696352,0.10591088590202152,0.35246206511685474
2,0.02,0.08,0.6,2,5,2,1,4,35,0.4111111111111111,0.4222222222222222,0.4111111111111111,-0.0006951383670011151,-0.1425075210537363,1.3611532791976628,0.073282810879294,0.35231679112084213
3,0.03,0.08,0.55,2,4,2,3,3,15,0.34722222222222215,0.375,0.3,-0.016333507598151855,-0.043076531337136514,2.2754966866112034,0.2728733708942847,0.3516904723791149
4,0.02,0.08,0.7,2,5,2,3,4,130,0.44640727489564697,0.4761478831246273,0.49844771241830066,-0.003349303227375468,-0.17127697789330562,1.0116594019005989,0.06646483389028754,0.351615980407479
3,0.04,0.1,0.7,2,5,2,3,4,98,0.4587861811391223,0.4586834733893557,0.5010683760683761,-0.0019135127994800148,-0.19070170701574385,0.998989704467397,0.12866186461563386,0.35111326371315604
4,0.02,0.1,0.7,2,5,2,2,4,98,0.4603750756200847,0.4782214156079855,0.4928921568627451,-0.0034286847187266294,-0.2026707837350501,0.9963254625416047,0.0793133211228998,0.35067327100440554
3,0.02,0.1,0.7,2,5,1,3,4,118,0.4353879933148226,0.43458980044345896,0.4577651515151515,0.00033207904518392636,-0.1666130021639501,1.1449139918995614,0.1128997923134569,0.35044369785613555
4,0.02,0.08,0.7,2,4,2,3,4,71,0.43836598184424275,0.43167701863354035,0.46622474747474746,-0.0023041875208220583,-0.17669890502507027,1.0525960708367061,0.013616817964644073,0.34965908792662875
3,0.03,0.1,0.6,2,5,2,3,4,59,0.41315116043376915,0.38224637681159424,0.4886904761904762,0.0012643931298210135,-0.13846203694512849,1.1362368208407367,0.1273744112340112,0.3492669375241992
4,0.02,0.08,0.7,2,5,1,2,4,87,0.43287037037037035,0.4282407407407407,0.436584595959596,0.002395385263996694,-0.17179781675979644,1.1164288550062098,0.058239563080597787,0.34902245351825534
4,0.03,0.06,0.6,2,5,2,2,4,43,0.3634931245225363,0.3877005347593583,0.4214285714285714,0.006745142227442679,-0.12022010725157001,1.413115596792694,0.06972453129313441,0.34899666336356316
4,0.03,0.06,0.6,2,5,2,3,4,49,0.361870220422852,0.3765182186234818,0.4526785714285714,0.005837904444874845,-0.11229552876128521,1.3418691383851198,0.07052252226593606,0.348615064648028
3,0.03,0.06,0.55,2,4,2,3,3,14,0.34722222222222215,0.375,0.3,-0.018878460206044848,-0.047424111847445105,2.2754966866112034,0.2728733708942847,0.34811481958840623
2,0.03,0.1,0.7,2,5,1,3,4,104,0.40378396972824215,0.38011695906432746,0.490625,0.000301038963107268,-0.09348188643160407,1.1107739708414712,0.12471943654266109,0.3478555695055501
2,0.03,0.08,0.7,2,5,1,3,4,103,0.4081699346405228,0.38888888888888884,0.490625,-0.000129353350886258,-0.09348188643160404,1.0858437940986754,0.12182268414342316,0.3475501089917995
3,0.02,0.08,0.7,2,5,1,3,4,117,0.43470168775046825,0.4332171893147503,0.4577651515151515,9.624360627712679e-05,-0.16661300216395009,1.1190547482407112,0.11606966595670001,0.3475295284413204
3,0.04,0.06,0.55,2,5,2,3,4,20,0.33125,0.35,0.375,-0.003769033433570967,-0.03345153519698582,1.8950492397792562,0.24582450549121418,0.34746345439911985
4,0.03,0.1,0.6,2,4,2,3,4,34,0.3494318181818182,0.2863636363636364,0.48333333333333334,0.005948225740813513,-0.06950198272413535,1.3456966906971148,0.16324428248628742,0.347304810467431
3,0.02,0.1,0.7,2,5,1,1,4,51,0.4254734848484848,0.43333333333333335,0.4254734848484848,0.003921705565611193,-0.18662333682466312,1.2297879492440682,0.12473093602666932,0.34727357246868085
3,0.02,0.08,0.6,2,4,2,3,4,39,0.36547619047619045,0.38095238095238093,0.4333333333333333,0.0033837687139086936,-0.032366331777606894,1.3110409359333326,0.11235345708845763,0.34720251333192
2,0.04,0.08,0.7,2,5,2,2,4,71,0.4194736422997292,0.4698996655518395,0.5096153846153846,-0.00013650371813753843,-0.14991951485524757,1.0516852173340958,0.12063731707090251,0.3470159017346158
2,0.04,0.1,0.55,2,4,2,1,2,9,0.45,0.45,0.45,-0.002352939018072341,-0.04552013185400905,0.8339471274859165,0.04999999999999999,0.34692982755470547
2,0.02,0.1,0.7,2,5,1,3,4,118,0.4008101782492026,0.39498644986449866,0.5355113636363635,-0.0015255294070241686,-0.1261642344881125,1.0794646302385498,0.12596962141948223,0.34677611021793675
3,0.03,0.08,0.55,2,5,1,2,4,20,0.4097222222222222,0.41666666666666663,0.4583333333333333,-0.002055961506272963,-0.049267684993201444,1.1105635856036156,0.12325166214790868,0.3466473445364115
2,0.02,0.08,0.7,2,5,2,1,4,53,0.4490196078431372,0.43137254901960786,0.4490196078431372,-0.0006126194144312988,-0.21638580231442336,1.1350191962974558,0.1183475875554712,0.3464950342223496
3,0.02,0.08,0.7,2,5,1,1,4,51,0.4254734848484848,0.43333333333333335,0.4254734848484848,0.0034485881218304817,-0.18662333682466312,1.2222460951874203,0.12473093602666932,0.34610248321161213
2,0.02,0.06,0.7,2,5,2,3,4,123,0.42551759834368524,0.4891304347826087,0.5020424836601307,-0.002405407384292126,-0.15682450943815807,1.0743120875684808,0.13119543683959287,0.345635318051266
2,0.02,0.1,0.6,2,4,2,3,4,42,0.35898268398268396,0.34523809523809523,0.4666666666666666,0.0017422537492588638,-0.043656418068790004,1.2935225694227743,0.12319549817125312,0.3453536411565186
4,0.03,0.08,0.6,2,5,2,1,4,32,0.35833333333333334,0.3666666666666667,0.35833333333333334,0.0059465366738368185,-0.15622386633311683,1.6482571447471308,0.10897247358851683,0.3444484204079859
2,0.04,0.1,0.7,2,5,1,1,4,40,0.4047619047619047,0.38095238095238093,0.4047619047619047,0.0027321199524671796,-0.09585595129606833,1.225741462159889,0.10910894511799618,0.34420166924602186
2,0.03,0.08,0.55,2,5,2,3,4,25,0.3556818181818182,0.33636363636363636,0.3630952380952381,-0.015163869145665582,-0.06849575205300137,1.9920436202204332,0.2696488189056093,0.34405131668489286
4,0.02,0.1,0.7,2,5,1,3,4,118,0.4245720221329978,0.42572062084257206,0.4688762626262626,-0.00013695415800556686,-0.17829018793202486,1.0855466130968336,0.07737350283940382,0.3439273437642463
4,0.02,0.1,0.7,2,5,1,2,4,88,0.42735566448801743,0.4282407407407407,0.436584595959596,0.001765686595016728,-0.17179781675979638,1.0963122574825972,0.06419780988878322,0.3436992099218767
3,0.02,0.1,0.7,2,4,2,1,4,35,0.4353805916305916,0.4097222222222222,0.4353805916305916,-0.0014972976717034228,-0.25601518667705325,1.2909939530573855,0.1289594477639093,0.3434415653760722
4,0.02,0.08,0.7,2,4,2,1,4,34,0.43308080808080807,0.4494949494949495,0.43308080808080807,0.0015899809335784766,-0.2485595904235975,1.1841961100239737,0.061273159386620854,0.34341718757297596
3,0.02,0.1,0.7,2,5,2,2,4,98,0.4439331086336531,0.4519056261343013,0.47647058823529415,-0.002631435810573137,-0.2024827463147243,1.0545107161390912,0.10874967042617653,0.3432692476587812
2,0.02,0.1,0.7,2,5,2,2,4,98,0.4274911416472215,0.44283121597096187,0.5098039215686275,-0.0012239335199288985,-0.18252754830638654,1.031252401553449,0.1347273911590377,0.34268177286584706
4,0.04,0.06,0.6,2,5,2,2,4,36,0.325,0.3333333333333333,0.40714285714285714,0.008917524817865837,-0.08730687619843033,1.5344248536735685,0.10639287779003087,0.34214533413688186
3,0.03,0.1,0.7,2,5,2,2,4,90,0.438744942421413,0.4019607843137255,0.4759167303284951,-0.002305996710652544,-0.18630910452778449,1.0523400110530996,0.12482557564960767,0.3416954363914971
2,0.03,0.06,0.55,2,5,2,3,4,24,0.3556818181818182,0.33636363636363636,0.3630952380952381,-0.017089465670899754,-0.06943487906385226,1.9920436202204332,0.2696488189056093,0.3416279056133097
2,0.02,0.06,0.55,2,5,1,1,3,15,0.44047619047619047,0.5,0.44047619047619047,-0.004333312836264594,-0.045429343521290945,0.9606769228764782,0.13780758217607408,0.34148757443948363
2,0.02,0.08,0.55,2,5,1,1,3,15,0.44047619047619047,0.5,0.44047619047619047,-0.004333312836264594,-0.045429343521290945,0.9606769228764782,0.13780758217607408,0.34148757443948363
3,0.02,0.1,0.6,2,5,1,2,4,50,0.3641748366013072,0.4227941176470588,0.45555555555555555,0.00038218719033761815,-0.10268358420012696,1.376034303496969,0.15324059494404735,0.340949878790323
4,0.02,0.06,0.6,2,5,1,3,4,52,0.36313131313131314,0.3762626262626263,0.4541666666666666,0.0017149477224246753,-0.10508832466410853,1.3201320076804424,0.10724804258589653,0.34072047975720454
2,0.02,0.08,0.7,2,5,1,2,4,87,0.41311177248677244,0.41550925925925924,0.47440025252525253,-0.00020144496031827483,-0.1367740851081376,1.0901022078470841,0.13500274999318135,0.34053368058705186
2,0.04,0.06,0.7,2,5,2,2,4,63,0.4342390066074277,0.4880952380952381,0.45982142857142855,-0.0010093307852428166,-0.14423418777855151,1.0398794835830463,0.15061641412726365,0.3399935847683732
4,0.03,0.1,0.6,2,5,1,1,4,28,0.3694444444444444,0.38888888888888884,0.3694444444444444,0.003964500046658186,-0.08670905592047129,1.4300041730525508,0.1147662681117422,0.3397102346296868
3,0.03,0.1,0.55,2,4,2,2,4,18,0.3738095238095238,0.41428571428571426,0.35,-0.01362935286936484,-0.06836520144622757,1.8019456293929015,0.239365658287372,0.33866163578594294
4,0.03,0.08,0.7,2,5,2,1,4,51,0.43159536541889476,0.4318181818181818,0.43159536541889476,0.0007559876634819548,-0.22605260953651052,1.1385587706582452,0.08444094811539586,0.33864728537750666
2,0.02,0.1,0.7,2,5,1,2,4,88,0.40943530189853716,0.41550925925925924,0.47440025252525253,-3.8291919952043556e-05,-0.13677408510813754,1.0891401290248781,0.1395193287038215,0.33863675986815783
2,0.02,0.08,0.7,2,5,1,3,4,117,0.39795937052034613,0.3867595818815331,0.5188446969696969,-0.0021599541808647294,-0.13033763239823318,1.0421078096504748,0.11773293885382055,0.3385681848870018
4,0.02,0.08,0.7,2,5,1,3,4,117,0.4228034654863923,0.4221835075493612,0.452209595959596,-0.00048220522847511674,-0.18000684190887878,1.0684574279981525,0.07006068379834778,0.3383957508935445
2,0.02,0.1,0.6,2,5,2,1,4,37,0.4111111111111111,0.4222222222222222,0.4111111111111111,-0.0031162246629086923,-0.16222893262899876,1.2415686143808218,0.073282810879294,0.3374781449913742
4,0.02,0.1,0.7,2,4,2,3,4,74,0.43235636645962733,0.43167701863354035,0.4483676046176046,-0.004089267921717372,-0.18560369287146417,1.0066560500353,0.0039049688545673054,0.33727440767417527
2,0.02,0.1,0.6,2,5,2,2,4,59,0.4017010949576739,0.40283400809716596,0.4298611111111111,-0.0011674116287222617,-0.12668895903358676,1.1172264249629598,0.029141417434204005,0.3371809465169789
4,0.02,0.06,0.6,2,4,2,1,4,18,0.2375,0.225,0.2375,0.002824617331247713,-0.09099144566378217,2.43746127131914,0.062777163222164,0.3368202959656014
4,0.02,0.08,0.6,2,4,2,1,4,18,0.2375,0.225,0.2375,0.002824617331247713,-0.09099144566378217,2.43746127131914,0.062777163222164,0.3368202959656014
2,0.03,0.1,0.7,2,5,1,2,4,80,0.4047110297110297,0.39458689458689455,0.44375,0.0011504549418797187,-0.11560301272335669,1.1289251341243183,0.15488019171490414,0.33630174316616934
4,0.04,0.1,0.7,2,5,2,3,4,98,0.4347338935574229,0.4380952380952381,0.48717948717948717,-0.002397236403273789,-0.21135624183543764,0.9659072083020368,0.07444975571523567,0.33614331303950074
2,0.03,0.06,0.7,2,5,2,2,4,81,0.4263736263736264,0.44505494505494503,0.40811210847975554,-0.0007732779095956707,-0.16701447519455365,1.189327238372938,0.14850216214850973,0.3357868891471761
2,0.02,0.06,0.6,2,5,2,3,4,63,0.3930959391485707,0.388755980861244,0.43214285714285716,5.019173436443341e-05,-0.09966952909735746,1.0991070773174527,0.04775101311229137,0.3355301157713957
3,0.03,0.1,0.6,2,5,2,1,4,34,0.39672619047619045,0.38095238095238093,0.39672619047619045,-0.002349179377383892,-0.18684204171600668,1.4330295763583425,0.1547925221545472,0.33489092788704594
4,0.04,0.08,0.7,2,5,1,1,4,39,0.40773809523809523,0.4226190476190476,0.40773809523809523,0.00025980792936904215,-0.12607038866198048,1.1280925802975725,0.07732369676646773,0.33427459546305555
4,0.04,0.1,0.55,2,5,1,1,3,11,0.19999999999999998,0.0,0.19999999999999998,-0.008070079495317063,-0.030709732221566772,5.330612343177158,0.282842712474619,0.334003319741062
2,0.03,0.08,0.7,2,5,2,1,4,51,0.42672523554876496,0.43137254901960786,0.42672523554876496,0.0002594565123284912,-0.20806144884649383,1.1388925196797126,0.12641301222349113,0.3337137376564099
2,0.02,0.08,0.7,2,5,2,3,4,130,0.40595184853905786,0.4519230769230769,0.5228758169934641,-0.00306890567645929,-0.16013343375045502,0.9810303870916535,0.11930344031674901,0.3332929521214555
4,0.02,0.1,0.6,2,5,1,2,4,50,0.3744893790849673,0.34375,0.43333333333333335,1.2828558935490766e-05,-0.1203023865012258,1.2905004024018643,0.1348291021119699,0.333219699168669
2,0.02,0.08,0.6,2,5,2,3,4,67,0.38864929883236515,0.37986270022883295,0.4361111111111111,-8.799790132461675e-05,-0.09966952909735755,1.0835510090889566,0.04687461282134649,0.3329825774249229
4,0.02,0.1,0.7,2,5,2,3,4,134,0.438444311932684,0.47329888027562445,0.4678921568627451,-0.005639669857534239,-0.1879163321163072,0.9467613423265234,0.06886175304419204,0.3317927752018454
3,0.03,0.1,0.55,2,4,2,3,4,20,0.3604166666666666,0.3875,0.35,-0.013904173677426156,-0.0686248731250044,1.7930946177412492,0.23741774891528222,0.3317216563181655
2,0.02,0.1,0.6,2,5,2,3,4,72,0.38481359649122804,0.38421052631578945,0.4611111111111111,-0.0007621480104255196,-0.10988465230752789,1.042860176490011,0.03848836497961752,0.3316373496746923
4,0.04,0.08,0.55,2,5,2,3,4,22,0.18888888888888888,0.1,0.29166666666666663,-0.004320048387459545,-0.03130939811922931,2.6902585699493757,0.2268953095184682,0.3314612083285469
4,0.02,0.08,0.6,2,5,2,3,4,67,0.3786855307164232,0.40160183066361554,0.4583333333333333,0.0012636076683683124,-0.1146399253753013,1.0957778133910228,0.08166519397780629,0.3309637031991203
4,0.04,0.1,0.6,2,5,2,2,4,43,0.34681372549019607,0.3333333333333333,0.4035714285714286,0.004918340647227253,-0.12052949695865675,1.351936330114166,0.07914617594346825,0.3300421436601637
4,0.02,0.06,0.6,2,5,2,3,4,63,0.37668179773442934,0.41148325358851673,0.4464285714285714,0.00198750903016481,-0.1146399253753014,1.1291793809279227,0.09642277067814577,0.33004127187735127
2,0.02,0.1,0.55,2,5,1,1,3,16,0.4238095238095238,0.5,0.4238095238095238,-0.003399501068887948,-0.050571751597507486,0.9588384396068387,0.16092138332110284,0.3291615435046829
2,0.03,0.1,0.55,2,5,2,2,4,26,0.3628246753246753,0.35064935064935066,0.3380952380952381,-0.017443953881490025,-0.08858447957324653,1.8919582944626712,0.27110268099891,0.32899571838567476
2,0.02,0.06,0.6,2,5,2,2,4,54,0.39797149122807013,0.4105263157894737,0.3904761904761905,-0.0010279703718710288,-0.11797384245781037,1.1260692602541202,0.03961517496330211,0.32870831042995263
3,0.02,0.1,0.7,2,5,2,3,4,134,0.42382296428808053,0.4384151593453919,0.4428921568627451,-0.0035747191718355875,-0.16846917706366057,1.0208414269406605,0.09741961848490016,0.32866654572480414
3,0.04,0.08,0.7,2,5,2,1,4,45,0.4040064102564102,0.35416666666666663,0.4040064102564102,0.0009630721097480207,-0.14770747437431753,1.1467791086820933,0.1156783787177247,0.32852301467059564
2,0.04,0.1,0.7,2,5,1,2,4,64,0.4106060606060606,0.3712121212121212,0.4613095238095238,-0.001180154697141042,-0.10315469577796785,0.9298253714625518,0.11627245480575557,0.32832411623725033
2,0.04,0.06,0.7,2,5,2,3,4,77,0.42533022533022535,0.45555555555555555,0.45982142857142855,-0.002716549073557467,-0.1436758901156083,0.9880008733511393,0.17343064636669067,0.3280275395695011
2,0.02,0.08,0.6,2,5,2,2,4,56,0.3923893540669857,0.38421052631578945,0.39444444444444443,-0.0009040845213736711,-0.11797384245781042,1.1241628588998727,0.029555482741842727,0.3277909257910892
4,0.02,0.1,0.6,2,4,2,1,4,20,0.2583333333333333,0.26666666666666666,0.2583333333333333,-0.001155863290143595,-0.12899963337754994,2.2826987573188626,0.07592027982620249,0.3275919529126011
2,0.02,0.1,0.55,2,4,2,1,3,14,0.4666666666666666,0.4,0.4666666666666666,-0.010940190901143189,-0.060845340793161694,0.6995880685925512,0.1440164599646191,0.3273493920470167
4,0.03,0.1,0.6,2,5,2,2,4,49,0.36313131313131314,0.3762626262626263,0.4261904761904762,0.0026255040001434624,-0.16122319489455217,1.2150022879912297,0.03875748493525187,0.3265505918044903
4,0.03,0.1,0.6,2,5,2,3,4,59,0.36632841795885274,0.3879598662207358,0.4574404761904762,0.001881844965270985,-0.15189703552978007,1.1237355670016076,0.05534736645465433,0.32583750905808684
3,0.02,0.06,0.55,2,4,1,2,3,16,0.4071428571428572,0.4,0.38888888888888884,0.0006181478964903918,-0.034873960985848974,0.9789384106031195,0.13131983079178738,0.3253584520344567
3,0.02,0.08,0.55,2,4,1,2,3,16,0.4071428571428572,0.4,0.38888888888888884,0.0006181478964903918,-0.034873960985848974,0.9789384106031195,0.13131983079178738,0.3253584520344567
4,0.04,0.1,0.7,2,5,2,2,4,75,0.43452380952380953,0.44047619047619047,0.48717948717948717,-0.00442644217163615,-0.2131603357745196,0.8531867422882243,0.06601509825243701,0.32505437234556894
2,0.03,0.08,0.7,2,5,1,2,4,79,0.3995726495726496,0.37606837606837606,0.4258928571428572,4.5779865045456405e-05,-0.11560301272335674,1.0672526804492948,0.14622318043526175,0.3248511980486381
4,0.02,0.1,0.6,2,4,2,3,4,42,0.3411255411255411,0.30952380952380953,0.475,0.0023645723411397034,-0.07788666761189075,1.158845081845827,0.12727714454742786,0.32452301518630616
2,0.04,0.08,0.7,2,5,1,3,4,80,0.4073275862068965,0.3563218390804598,0.47619047619047616,-0.0029741111394445954,-0.0835921589465495,0.8455456448042736,0.10333596633393839,0.3243122908679061
2,0.04,0.08,0.7,2,5,2,3,4,92,0.41241625816993466,0.4565972222222222,0.48440170940170946,-0.003228558198899339,-0.14383538523769257,0.9225945916302327,0.14287285886241732,0.32371088061103537
4,0.02,0.06,0.55,2,5,1,1,3,15,0.19047619047619047,0.0,0.19047619047619047,-0.009780438633842401,-0.0571360826957481,3.729304473463032,0.2693740118805895,0.32366674657497596
4,0.02,0.08,0.55,2,5,1,1,3,15,0.19047619047619047,0.0,0.19047619047619047,-0.009780438633842401,-0.0571360826957481,3.729304473463032,0.2693740118805895,0.32366674657497596
3,0.02,0.08,0.6,2,5,1,2,4,49,0.3529411764705882,0.39338235294117646,0.46388888888888885,-0.0004982564413928127,-0.09814466529482971,1.1917630619334851,0.13922129579971682,0.32342938091519297
3,0.03,0.08,0.55,2,5,1,3,4,22,0.3833333333333333,0.41666666666666663,0.4583333333333333,-0.003627275255285316,-0.04926768499320147,0.9910762342406544,0.12583057392117916,0.32312146698669814
2,0.04,0.06,0.55,2,4,2,1,1,5,0.4,0.4,0.4,-0.0020217623303495635,-0.04051156871637396,0.8544814538447387,0.0,0.32107101326519477
2,0.04,0.08,0.55,2,4,2,1,1,5,0.4,0.4,0.4,-0.0020217623303495635,-0.04051156871637396,0.8544814538447387,0.0,0.32107101326519477
2,0.03,0.06,0.7,2,5,2,3,4,105,0.39127341526722337,0.4064327485380117,0.4540679908326967,-0.0021651950044697726,-0.16456496130400253,1.0996325682389625,0.14450263734144692,0.3209510001467471
2,0.04,0.1,0.7,2,5,1,3,4,81,0.4021192528735632,0.3563218390804598,0.46428571428571425,-0.0024167958391659973,-0.09236184560041472,0.8713466258381594,0.10738005221611291,0.3209445560609611
4,0.02,0.1,0.55,2,5,1,1,3,16,0.19047619047619047,0.0,0.19047619047619047,-0.011080244755058958,-0.06703151096175526,3.729304473463032,0.2693740118805895,0.32091952783759525
2,0.02,0.06,0.55,2,5,1,2,3,23,0.4292929292929293,0.45454545454545453,0.39285714285714285,-0.00314453255814138,-0.05529776793466016,0.8119963814936936,0.07034539533931375,0.32067615442366826
2,0.02,0.06,0.55,2,4,2,1,3,11,0.4666666666666666,0.4,0.4666666666666666,-0.013699466880453598,-0.03134724417155932,0.6128755618050487,0.1440164599646191,0.3206410319234363
2,0.02,0.08,0.55,2,4,2,1,3,11,0.4666666666666666,0.4,0.4666666666666666,-0.013699466880453598,-0.03134724417155932,0.6128755618050487,0.1440164599646191,0.3206410319234363
4,0.04,0.1,0.6,2,5,2,1,4,30,0.33690476190476193,0.31666666666666665,0.33690476190476193,0.0037586982596034416,-0.14735625853023665,1.4904499760922056,0.05567306167185677,0.3205979352796189
2,0.04,0.08,0.7,2,5,1,2,4,63,0.4068181818181818,0.36363636363636365,0.4523809523809524,-0.0022749522244383995,-0.09299201344807653,0.8706064542359653,0.11451929715767382,0.32014236057754036
3,0.04,0.1,0.7,2,5,2,2,4,75,0.4174107142857143,0.40625,0.479059829059829,-0.003474768539819925,-0.19675620318450532,0.9012090855962741,0.10400444426090841,0.31964269191744205
4,0.02,0.08,0.6,2,5,1,2,4,49,0.36672794117647056,0.34375,0.44166666666666665,-0.0011543437063610547,-0.1135980904816769,1.1171105521962486,0.10380334201130648,0.319408500372106
4,0.04,0.06,0.55,2,4,1,2,2,8,0.2,0.2,0.25,0.002212980939614872,-0.00527140736780346,2.412693245467554,0.2,0.3190384678808057
4,0.04,0.06,0.55,2,4,1,3,2,8,0.2,0.2,0.25,0.002212980939614872,-0.00527140736780346,2.412693245467554,0.2,0.3190384678808057
4,0.04,0.08,0.55,2,4,1,2,2,8,0.2,0.2,0.25,0.002212980939614872,-0.00527140736780346,2.412693245467554,0.2,0.3190384678808057
4,0.04,0.06,0.55,2,5,2,1,2,9,0.25,0.25,0.25,-0.002885277361105383,-0.04730859579774943,2.308959137307056,0.25,0.3180773666555081
4,0.04,0.08,0.55,2,5,2,1,2,9,0.25,0.25,0.25,-0.002885277361105383,-0.04730859579774943,2.308959137307056,0.25,0.3180773666555081
2,0.03,0.08,0.7,2,5,2,3,4,115,0.3926282051282051,0.41858974358974355,0.4839147780324251,-0.002853821814086392,-0.1698061463354385,0.9905536092556597,0.13619038105628717,0.3180133824329709
3,0.02,0.06,0.6,2,5,1,3,4,52,0.35429292929292927,0.35858585858585856,0.3763888888888889,0.0016073675325753473,-0.08890465944591697,1.270817988408611,0.12228768386363431,0.3178523022287744
4,0.02,0.1,0.6,2,4,2,2,4,33,0.3023989898989899,0.29166666666666663,0.3416666666666666,0.0011100037453380049,-0.08219039994693828,1.6197833641357966,0.0980041200417026,0.31762437481617933
2,0.04,0.1,0.7,2,5,2,2,4,75,0.40848214285714285,0.44791666666666663,0.4818376068376068,-0.002670374224112493,-0.18241527531185486,0.8928496218739734,0.11655453111343447,0.3171938108077212
3,0.04,0.08,0.7,2,5,1,1,4,39,0.4017857142857143,0.39285714285714285,0.4017857142857143,0.0003332972769769494,-0.10192503241705081,0.9798249178497456,0.13687240818532045,0.31676586790119454
2,0.03,0.08,0.7,2,5,2,2,4,88,0.3938492063492063,0.39880952380952384,0.4610071301247771,-0.0016923056835035583,-0.174763540387548,1.002993175496225,0.1267164527511452,0.3165333150349946
2,0.02,0.1,0.7,2,5,2,1,4,54,0.42818627450980395,0.4647058823529412,0.42818627450980395,-0.004972155791192248,-0.23426188959019587,1.0194174923022683,0.11602512479965314,0.3165144541313276
2,0.02,0.1,0.7,2,5,2,3,4,134,0.4015537003909097,0.4472934472934473,0.4742647058823529,-0.00394903808113352,-0.16704463873019879,0.9439527030787799,0.12258289679413631,0.3164774885101673
4,0.03,0.1,0.7,2,5,2,1,4,52,0.4255347593582887,0.45,0.4255347593582887,-0.003532091218769611,-0.2794761914570556,1.0678716027114166,0.10042118328543263,0.31621797469959617
2,0.03,0.1,0.55,2,4,2,1,2,9,0.45,0.45,0.45,-0.011809062896192875,-0.04552013185400905,0.5876463314696196,0.04999999999999999,0.3158784152196571
4,0.03,0.1,0.6,2,5,2,1,4,34,0.36547619047619045,0.38095238095238093,0.36547619047619045,-0.0008228539539093618,-0.21358500734267688,1.4223748457661523,0.11235345708845763,0.3157436092779269
4,0.02,0.06,0.6,2,4,1,2,3,24,0.36060606060606065,0.4,0.4222222222222222,-4.692799324445586e-05,-0.04168365319313583,1.0572824518403758,0.13285036495019983,0.3156133866933162
2,0.03,0.1,0.55,2,5,2,3,4,29,0.34375,0.3125,0.3380952380952381,-0.017209666888987438,-0.0852438684083281,1.8228261939734,0.2706329386826371,0.31560114356652436
3,0.02,0.08,0.6,2,5,2,3,4,67,0.37490098574194686,0.3879598662207358,0.41666666666666663,-0.0001868149769767573,-0.09945789548133388,1.025581643776443,0.08019012029428067,0.3155109733656502
2,0.02,0.06,0.55,2,5,1,3,3,25,0.42857142857142855,0.5,0.39285714285714285,-0.0034990216735990716,-0.05529776793466016,0.7859572122959841,0.10101525445522108,0.3153893698953543
2,0.03,0.1,0.7,2,5,2,1,4,52,0.4206646294881589,0.4647058823529412,0.4206646294881589,-0.0020711806182888708,-0.24208088057477922,1.068753444964287,0.15168252872688062,0.3152625600553757
3,0.02,0.06,0.6,2,4,1,1,3,14,0.24444444444444446,0.3333333333333333,0.24444444444444446,0.0006572129466744016,-0.03745935303186746,2.1740166317803618,0.17497795275581804,0.31510551638303763
3,0.02,0.08,0.6,2,4,1,1,3,14,0.24444444444444446,0.3333333333333333,0.24444444444444446,0.0006572129466744016,-0.03745935303186746,2.1740166317803618,0.17497795275581804,0.31510551638303763
4,0.02,0.06,0.6,2,4,2,2,4,30,0.3162878787878788,0.29166666666666663,0.3416666666666666,0.0036107481653479294,-0.04772993824847402,1.4397018846143639,0.11886638851903943,0.3149350236841054
2,0.04,0.08,0.55,2,4,2,2,3,12,0.4444444444444444,0.3333333333333333,0.4666666666666666,-0.0022992915312695047,-0.021552240653939608,0.7369174386279589,0.41573970964154905,0.31368213293625
3,0.02,0.06,0.55,2,4,1,3,3,17,0.3833333333333333,0.4,0.38888888888888884,-0.00013285944656124855,-0.034873960985848974,0.9494880389389199,0.10274023338281628,0.3136732955680907
3,0.02,0.08,0.55,2,4,1,3,3,17,0.3833333333333333,0.4,0.38888888888888884,-0.00013285944656124855,-0.034873960985848974,0.9494880389389199,0.10274023338281628,0.3136732955680907
2,0.03,0.1,0.7,2,5,2,2,4,90,0.3987511671335201,0.40861344537815125,0.4549465240641711,-0.001980586881273917,-0.19260960781787587,0.9811551895366821,0.12464290667230696,0.3134584554563945
2,0.03,0.1,0.7,2,5,2,3,4,119,0.39633048111308977,0.43032329988851725,0.4750763941940413,-0.0032827485055973576,-0.18700798036625085,0.9717728263779686,0.1444023830225253,0.3131733749574672
4,0.02,0.1,0.6,2,5,2,3,4,72,0.37398026315789473,0.4029605263157895,0.4583333333333333,-0.0010671310094458005,-0.15480770624574616,0.9784798535971865,0.07712874479655407,0.3122083918309454
4,0.03,0.1,0.55,2,5,1,1,3,12,0.16666666666666666,0.0,0.16666666666666666,-0.010885632498536024,-0.035293768697213235,3.0079898272768593,0.23570226039551584,0.31217914125978324
3,0.02,0.1,0.6,2,4,1,1,3,15,0.24444444444444446,0.3333333333333333,0.24444444444444446,-0.0013040804640750876,-0.052563774328392134,2.1740166317803618,0.17497795275581804,0.3109394337345553
2,0.04,0.06,0.55,2,4,2,2,3,12,0.4444444444444444,0.3333333333333333,0.4666666666666666,-0.004433590931621725,-0.02475368975446794,0.7369174386279589,0.41573970964154905,0.3107367997637639
2,0.04,0.06,0.55,2,4,2,3,3,12,0.4444444444444444,0.3333333333333333,0.4666666666666666,-0.004433590931621725,-0.02475368975446794,0.7369174386279589,0.41573970964154905,0.3107367997637639
4,0.04,0.1,0.7,2,5,1,1,4,40,0.3898809523809524,0.4226190476190476,0.3898809523809524,-0.0016646685136994517,-0.12607038866198048,0.9866624149398147,0.06033671110926575,0.310402626498186
3,0.02,0.06,0.6,2,5,2,3,4,63,0.3724031816137079,0.3968531468531469,0.40476190476190477,-0.0010849069559014449,-0.09945789548133377,1.0186375073624707,0.09261114218999128,0.30937908608750614
3,0.03,0.1,0.55,2,5,1,2,4,21,0.3972222222222222,0.41666666666666663,0.41666666666666663,-0.004812045567350952,-0.05456815768547674,0.8759792047819954,0.14018836534383936,0.30862396688530747
3,0.02,0.1,0.6,2,4,2,3,4,42,0.3541125541125541,0.38095238095238093,0.4333333333333333,-0.001074741035683723,-0.0677099522651595,0.9839889877152053,0.09976641071314261,0.30734023866284144
3,0.02,0.06,0.55,2,5,1,2,3,23,0.37878787878787884,0.3333333333333333,0.35714285714285715,-0.00014314918499269344,-0.06298926705478962,1.0975214507580242,0.19442804600929453,0.30640009819444936
2,0.04,0.1,0.7,2,5,2,3,4,98,0.4064565826330533,0.44957983193277307,0.45662393162393167,-0.0042399856040089,-0.16995073702449842,0.8536201171575568,0.1463529296766934,0.30532955234037884
2,0.04,0.1,0.7,2,5,2,1,4,47,0.3850427350427351,0.39230769230769236,0.3850427350427351,0.0008577280552946881,-0.19860361793848982,1.0834803603821046,0.11036816042218421,0.3053235932883063
4,0.04,0.1,0.7,2,5,2,1,4,47,0.40705128205128205,0.39743589743589747,0.40705128205128205,-0.002970363689300993,-0.20738144291851707,0.9356922723147787,0.074961638227734,0.30499157448291364
4,0.04,0.08,0.55,2,4,2,3,3,14,0.14285714285714285,0.0,0.19999999999999998,-0.004402968066422693,-0.02680353388011954,2.805866065009683,0.20203050891044214,0.304092573028332
3,0.02,0.08,0.6,2,4,2,2,4,30,0.3150252525252525,0.29166666666666663,0.425,-0.001404794852670481,-0.045937250658190515,1.1350197392059809,0.09033515164933197,0.3031379067387081
3,0.03,0.08,0.7,2,5,2,1,4,51,0.4025655716832187,0.34523809523809523,0.4025655716832187,-0.0034733997930037606,-0.2333305692199316,1.0594277060120392,0.1444742709769201,0.30269614833890546
3,0.02,0.1,0.6,2,5,2,3,4,72,0.37467105263157896,0.3875,0.4270833333333333,-0.002418148531791953,-0.1332103367037349,0.9126648404423316,0.08060418813826836,0.3016964738926037
4,0.04,0.06,0.6,2,4,1,2,2,13,0.2976190476190476,0.2976190476190476,0.425,0.002441720051138354,-0.030698028633779684,1.174647080026321,0.13095238095238093,0.3016704479797991
4,0.02,0.08,0.7,2,5,1,1,4,51,0.3891729797979798,0.4005681818181818,0.3891729797979798,-0.00012241972489461907,-0.19621541542179707,0.998219409482838,0.11362480212650503,0.3000372519367044
4,0.02,0.1,0.7,2,5,1,1,4,51,0.3891729797979798,0.4005681818181818,0.3891729797979798,-0.00018347474130678233,-0.19621541542179707,0.9971277922224312,0.11362480212650503,0.29987665653617723
3,0.04,0.1,0.7,2,5,1,1,4,40,0.3839285714285714,0.3571428571428571,0.3839285714285714,-0.0010170377895318925,-0.11701180564616043,0.9446307558839461,0.12721256114977683,0.29968516498232745
4,0.04,0.1,0.55,2,4,1,2,3,11,0.24444444444444446,0.3333333333333333,0.3333333333333333,0.0007186562543932862,-0.00351427157853564,1.645847087237045,0.17497795275581804,0.2947768723410126
3,0.03,0.1,0.55,2,5,1,3,4,23,0.375,0.41666666666666663,0.41666666666666663,-0.005753152287368869,-0.0537539618524179,0.8261015857585273,0.13819269959814168,0.29376178605903136
4,0.02,0.06,0.6,2,5,1,2,4,45,0.33125,0.28125,0.37916666666666665,-0.002023629785725967,-0.11359809048167699,1.1980379391793616,0.1393343550600497,0.2935319934622059
3,0.02,0.06,0.6,2,4,2,2,4,30,0.3150252525252525,0.29166666666666663,0.425,-0.0031649733834246104,-0.04945760771969876,1.042438816440034,0.09033515164933197,0.2931967758331464
3,0.02,0.1,0.55,2,4,1,2,3,17,0.3904761904761905,0.4,0.3611111111111111,-0.0026599000241288528,-0.049998588561488644,0.8188341239547846,0.15178454714770692,0.2921087634247409
3,0.02,0.1,0.6,2,5,2,2,4,59,0.36221015826278985,0.33805668016194335,0.4270833333333333,-0.004679724395982902,-0.15365867417010082,0.8997378773512844,0.08660831156623126,0.28940689297213484
3,0.02,0.06,0.55,2,5,1,3,3,25,0.3531746031746032,0.3333333333333333,0.35714285714285715,-0.0012555078642904679,-0.06298926705478958,1.0289994247678413,0.18037012979942085,0.28918216497089316
4,0.02,0.08,0.6,2,5,2,2,4,56,0.351569976076555,0.35625,0.36666666666666664,-0.0005171104403742097,-0.1402142485301861,0.9947509053424741,0.06106541888609113,0.28878841913222236
4,0.02,0.06,0.55,2,4,1,1,3,10,0.16666666666666666,0.0,0.16666666666666666,-0.009619404548200624,-0.022347982326183957,2.6679876758031242,0.23570226039551584,0.2886911232289592
4,0.02,0.08,0.55,2,4,1,1,3,10,0.16666666666666666,0.0,0.16666666666666666,-0.009619404548200624,-0.022347982326183957,2.6679876758031242,0.23570226039551584,0.2886911232289592
2,0.03,0.06,0.55,2,5,2,1,3,13,0.36507936507936506,0.42857142857142855,0.36507936507936506,-0.02462646115259136,-0.10430151210317078,1.4422986469896262,0.2758436063013137,0.28855005572116216
2,0.03,0.08,0.55,2,5,2,1,3,13,0.36507936507936506,0.42857142857142855,0.36507936507936506,-0.02462646115259136,-0.10430151210317078,1.4422986469896262,0.2758436063013137,0.28855005572116216
3,0.02,0.08,0.55,2,5,1,2,4,26,0.36742424242424243,0.3333333333333333,0.39285714285714285,-0.006157625939461572,-0.07364520817809522,0.9142230673095346,0.16952609091363824,0.28726151966528407
3,0.02,0.06,0.6,2,5,1,2,4,45,0.315625,0.31875,0.40138888888888885,-0.0028794895396546433,-0.09814466529482974,1.1501716587090973,0.15696710443592948,0.286532644836666
3,0.02,0.08,0.6,2,5,2,2,4,56,0.3471291866028708,0.3078947368421052,0.41666666666666663,-0.0036081771099676346,-0.12568540948904477,0.913414653686808,0.08959417979523569,0.2860350435453044
2,0.02,0.08,0.55,2,5,1,2,4,26,0.4053030303030303,0.3939393939393939,0.41964285714285715,-0.014277170743914332,-0.07981903982961325,0.6532897471391637,0.07374213005277193,0.28596785475959563
4,0.02,0.06,0.6,2,5,2,2,4,54,0.35210160818713454,0.35625,0.3547619047619047,-0.0004380003985854288,-0.14021424853018608,1.0087730379816888,0.09422516569295095,0.2852106241177657
4,0.02,0.1,0.55,2,4,1,1,3,11,0.16666666666666666,0.0,0.16666666666666666,-0.011272814373553828,-0.037778737130893636,2.6679876758031242,0.23570226039551584,0.2848553408619702
3,0.02,0.1,0.6,2,4,2,2,4,33,0.3150252525252525,0.29166666666666663,0.425,-0.0050225339961165886,-0.07948834986925588,1.0100027800677358,0.09033515164933197,0.2847691311301853
3,0.04,0.1,0.7,2,5,2,1,4,47,0.38247863247863245,0.35384615384615387,0.38247863247863245,-0.0033204400470304672,-0.20634494490521862,0.9457249098296627,0.14044363197694404,0.28428769189426584
2,0.04,0.08,0.7,2,4,1,1,3,18,0.3416666666666666,0.2,0.3416666666666666,0.0012564414738909398,-0.07086641599404349,1.0382822641250022,0.20034692133618848,0.28212192060582236
2,0.02,0.08,0.55,2,5,1,3,4,28,0.4047619047619047,0.41666666666666663,0.41964285714285715,-0.014543037580507599,-0.07981903982961325,0.6337603702408816,0.09671474291233285,0.28200514888154976
3,0.02,0.06,0.6,2,5,2,2,4,54,0.34766081871345034,0.33421052631578946,0.40476190476190477,-0.00452425968573603,-0.1256854094890447,0.9034384595186806,0.10203505353249587,0.2810006610907598
3,0.02,0.1,0.55,2,4,1,3,3,18,0.3666666666666667,0.4,0.3611111111111111,-0.0034109073671804934,-0.049998588561488644,0.789383752290585,0.1247219128924647,0.2803022499060766
3,0.04,0.1,0.55,2,5,2,3,4,26,0.3375,0.375,0.36190476190476195,-0.007140932340466449,-0.07034288031169267,1.1455697406034502,0.23284920012746446,0.28026333117306845
3,0.02,0.06,0.6,2,5,1,1,4,28,0.27361111111111114,0.325,0.27361111111111114,-0.003858895304428383,-0.10837440166690102,1.658868683103665,0.1736222218666894,0.2790313365558381
2,0.03,0.1,0.55,2,5,2,1,4,18,0.3738095238095238,0.41428571428571426,0.3738095238095238,-0.021381189555721103,-0.09480908937524452,1.1431616834947227,0.239365658287372,0.2782453543008839
4,0.02,0.08,0.7,2,5,2,1,4,53,0.38986928104575164,0.4019607843137255,0.38986928104575164,-0.007408589125598418,-0.2632218786697472,0.9188056452271364,0.12082977032756147,0.2767761702806168
4,0.02,0.1,0.6,2,5,2,2,4,59,0.34772382223040116,0.3485576923076923,0.3770833333333333,-0.0029264013739163756,-0.18213553545997793,0.929609685580261,0.05831659657759244,0.2762278878866637
4,0.03,0.06,0.55,2,4,2,1,1,5,0.4,0.4,0.4,-0.017575390505075415,-0.04872713363133485,0.5334422986520309,0.0,0.2757376592503118
4,0.03,0.08,0.55,2,4,2,1,1,5,0.4,0.4,0.4,-0.017575390505075415,-0.04872713363133485,0.5334422986520309,0.0,0.2757376592503118
2,0.02,0.1,0.55,2,5,1,2,4,27,0.39339826839826836,0.3939393939393939,0.40714285714285714,-0.014363287137852607,-0.0839455405195276,0.6420726313654099,0.08704387414580851,0.27555068335759386
3,0.03,0.1,0.55,2,4,2,1,2,9,0.425,0.425,0.425,-0.018911873639733658,-0.09608090887563148,0.5901927517072876,0.175,0.2752414627038268
3,0.02,0.08,0.7,2,5,2,1,4,53,0.38178104575163396,0.35833333333333334,0.38178104575163396,-0.007716673562080867,-0.2622503116104009,0.9982558006670351,0.15219575182309647,0.275112437978332
3,0.02,0.1,0.55,2,5,1,2,4,27,0.36147186147186144,0.3333333333333333,0.38035714285714284,-0.007624168875005123,-0.07859963529732877,0.8605074944862308,0.17673527988898277,0.2748545845158605
3,0.02,0.08,0.55,2,5,1,3,4,28,0.3482142857142857,0.3333333333333333,0.39285714285714285,-0.006991894948934903,-0.0736452081780952,0.8628315478168975,0.15644120953513602,0.27455138528530476
2,0.02,0.1,0.55,2,5,1,3,4,29,0.3958333333333333,0.41666666666666663,0.40714285714285714,-0.014565699759431488,-0.08383707833123388,0.6251975498540547,0.10825317547305482,0.2733698322679856
3,0.04,0.1,0.55,2,5,2,1,3,15,0.3682539682539682,0.3333333333333333,0.3682539682539682,-0.007480929922132497,-0.08451253524688003,0.8157721266071362,0.15363242708016328,0.2732176351910526
2,0.02,0.08,0.55,2,4,2,2,4,20,0.36875,0.4375,0.35,-0.00889732965660453,-0.03503407418030513,0.8726303055292659,0.22733166849341513,0.27268050647330605
2,0.04,0.1,0.7,2,4,1,1,4,21,0.3395833333333333,0.26666666666666666,0.3395833333333333,0.0001588730848598274,-0.05550489679445461,0.8856831863711114,0.17354304221143527,0.27123043828593796
4,0.04,0.08,0.55,2,5,2,2,4,19,0.1875,0.125,0.25,-0.003395604414992274,-0.02747595502356967,2.0059548740000173,0.2072890493972125,0.2708964260674053
3,0.02,0.06,0.6,2,5,2,1,4,33,0.3297619047619047,0.31666666666666665,0.3297619047619047,-0.0032155094673438434,-0.16263981095070537,1.0421881141999851,0.044079782337080056,0.27081851596937323
2,0.02,0.06,0.55,2,4,2,2,4,20,0.36875,0.4375,0.35,-0.010498054206868696,-0.03743516100570138,0.8726303055292659,0.22733166849341513,0.2704715065939415
4,0.04,0.06,0.55,2,5,2,2,4,19,0.1875,0.125,0.25,-0.006881461842357834,-0.032704741164617995,2.0059548740000173,0.2072890493972125,0.2660859428176408
2,0.02,0.08,0.55,2,4,2,3,4,22,0.35833333333333334,0.41666666666666663,0.35,-0.010207078872980358,-0.036325890992723375,0.8603117132423964,0.22776083947860748,0.2652464683343999
2,0.02,0.06,0.55,2,4,2,3,4,21,0.35833333333333334,0.41666666666666663,0.35,-0.01064672734997109,-0.03743516100570138,0.8603117132423964,0.22776083947860748,0.26458577776045367
3,0.03,0.1,0.7,2,5,2,1,4,52,0.3715049656226127,0.32857142857142857,0.3715049656226127,-0.007919093317168054,-0.28862027384380934,1.0066150849649649,0.17119450547992524,0.26417452917164264
3,0.02,0.1,0.55,2,5,1,3,4,29,0.34375,0.3333333333333333,0.38035714285714284,-0.008246349110252328,-0.07783859488643247,0.817497064281285,0.16237976320958228,0.26393206233849015
3,0.02,0.06,0.6,2,4,2,1,4,18,0.2791666666666667,0.29166666666666663,0.2791666666666667,-0.004793804125382567,-0.08216321382365749,1.2382722291133659,0.05697830971323892,0.26034969627604554
3,0.02,0.08,0.6,2,4,2,1,4,18,0.2791666666666667,0.29166666666666663,0.2791666666666667,-0.004793804125382567,-0.08216321382365749,1.2382722291133659,0.05697830971323892,0.26034969627604554
3,0.04,0.1,0.55,2,5,2,2,4,23,0.33531746031746035,0.39285714285714285,0.32619047619047614,-0.008306597448412018,-0.07077912631995642,0.9889859292369062,0.2182449493086038,0.25932881867872737
2,0.03,0.06,0.55,2,4,2,1,1,5,0.4,0.4,0.4,-0.020934010086590633,-0.04051156871637396,0.36187986181214504,0.0,0.25896818859509796
2,0.03,0.08,0.55,2,4,2,1,1,5,0.4,0.4,0.4,-0.020934010086590633,-0.04051156871637396,0.36187986181214504,0.0,0.25896818859509796
3,0.02,0.08,0.6,2,5,1,1,4,30,0.26666666666666666,0.3333333333333333,0.26666666666666666,-0.004236575931228559,-0.10837440166690102,1.4342317547339427,0.15634719199411432,0.2574752790350172
2,0.02,0.1,0.55,2,4,2,2,4,23,0.3508928571428571,0.4017857142857143,0.35,-0.009746400970424472,-0.05715764664650691,0.8121390249719008,0.21897219036457855,0.25680053372078127
2,0.03,0.08,0.55,2,4,2,2,3,13,0.42857142857142855,0.2857142857142857,0.4666666666666666,-0.009996889335332394,-0.02796423534213281,0.2415592491441421,0.42056004125370694,0.2565184373782562
3,0.02,0.1,0.6,2,5,1,1,4,31,0.26666666666666666,0.3333333333333333,0.26666666666666666,-0.004778042460279906,-0.11370875505250436,1.4342317547339427,0.15634719199411432,0.25618539679388325
3,0.02,0.08,0.6,2,5,2,1,4,35,0.31666666666666665,0.3333333333333333,0.31666666666666665,-0.004559231695125248,-0.16263981095070537,1.0126563288686383,0.07264831572567788,0.25604611903653524
3,0.02,0.1,0.6,2,4,2,1,4,20,0.3,0.3333333333333333,0.3,-0.008061749015722337,-0.1160643212779282,1.09684367584732,0.05773502691896257,0.2545268745420504
4,0.04,0.1,0.55,2,4,2,3,4,19,0.20714285714285713,0.2,0.275,-0.007128572077797657,-0.06193903009031723,1.7318289202559538,0.20738901629939965,0.25418250792661484
2,0.03,0.06,0.55,2,4,2,2,3,13,0.42857142857142855,0.2857142857142857,0.4666666666666666,-0.012131188735684617,-0.03116568444266114,0.2415592491441421,0.42056004125370694,0.2535731042057701
4,0.02,0.06,0.6,2,5,2,1,4,33,0.3047619047619048,0.3,0.3047619047619048,-0.002008128818157759,-0.19593037587584566,1.0068551459607842,0.017496355305594128,0.25132254166076257
4,0.04,0.06,0.55,2,5,2,3,4,20,0.175,0.1,0.25,-0.007992269537908527,-0.032704741164617995,1.8990236422671956,0.20463381929681126,0.25078589345238633
4,0.04,0.1,0.55,2,4,2,1,2,9,0.325,0.325,0.325,-0.012844144885644053,-0.11017597612613528,0.921707411778544,0.07500000000000001,0.2503525019443744
2,0.02,0.1,0.55,2,4,2,3,4,25,0.3404761904761905,0.38095238095238093,0.35,-0.011056150186800298,-0.058449463458925155,0.7998204326850313,0.21856831619321546,0.24943313919439958
3,0.03,0.08,0.55,2,5,2,2,4,22,0.3125,0.375,0.31547619047619047,-0.013127669149597404,-0.06764408297870833,1.0561921851467844,0.2072890493972125,0.24776199601824198
2,0.03,0.08,0.55,2,4,2,3,3,15,0.4166666666666667,0.25,0.4666666666666666,-0.011376464224650877,-0.02968665775869043,0.22123057190675657,0.42491829279939874,0.24732415966129803
4,0.02,0.1,0.7,2,5,2,1,4,54,0.3718137254901961,0.3833333333333333,0.3718137254901961,-0.013471970060554169,-0.31241585317524534,0.8292604705504626,0.09842418290671007,0.24648955812643322
2,0.03,0.06,0.55,2,4,2,3,3,14,0.4166666666666667,0.25,0.4666666666666666,-0.011962662193971853,-0.0311656844426611,0.22123057190675657,0.42491829279939874,0.2464432388960364
3,0.03,0.06,0.55,2,5,2,2,4,22,0.3125,0.375,0.31547619047619047,-0.014887847680351533,-0.07079264445881925,1.0561921851467844,0.2072890493972125,0.2452719544037237
3,0.02,0.1,0.6,2,5,2,1,4,37,0.32708333333333334,0.35416666666666663,0.32708333333333334,-0.008704893052284321,-0.20610508850962306,0.8748901018099683,0.07713961908989007,0.24124572300037697
4,0.03,0.06,0.55,2,5,1,2,3,17,0.23148148148148148,0.25,0.3333333333333333,-0.0038574418751410058,-0.03733389396047423,1.1017185054806424,0.1819155805961898,0.23530856979866344
4,0.02,0.06,0.6,2,5,1,1,4,28,0.2763888888888889,0.275,0.2763888888888889,-0.008710366488565675,-0.13885573795180317,1.21133330256699,0.19721733170775313,0.23366692710602155
2,0.02,0.08,0.55,2,5,2,2,4,29,0.33630952380952384,0.4226190476190476,0.31875,-0.017525785557958806,-0.08618244283391499,0.7774464134784519,0.19676648423887613,0.23017084424383144
4,0.02,0.08,0.6,2,5,2,1,4,35,0.29166666666666663,0.31666666666666665,0.29166666666666663,-0.005656833774802059,-0.1959303758758457,0.9366255619536762,0.05464532103584999,0.22984190697189544
2,0.02,0.06,0.55,2,5,2,2,4,29,0.33630952380952384,0.4226190476190476,0.31875,-0.01872632897065693,-0.08821524410569381,0.7774464134784519,0.19676648423887613,0.22848625599598024
3,0.02,0.1,0.55,2,4,2,1,3,14,0.3666666666666667,0.3333333333333333,0.3666666666666667,-0.018668056935137862,-0.09203954781896773,0.4539841381073884,0.17847087115787788,0.2269279806288526
3,0.03,0.08,0.55,2,5,2,3,4,25,0.28863636363636364,0.32727272727272727,0.31547619047619047,-0.01382341063280351,-0.0678763299442823,0.915924771380196,0.2020938943876344,0.22535481953832856
2,0.02,0.06,0.55,2,5,2,1,4,20,0.35,0.45,0.35,-0.02151366657690823,-0.09675580810674739,0.6339753669614979,0.206155281280883,0.22429850998934964
2,0.02,0.08,0.55,2,5,2,1,4,20,0.35,0.45,0.35,-0.02151366657690823,-0.09675580810674739,0.6339753669614979,0.206155281280883,0.22429850998934964
4,0.03,0.08,0.55,2,5,1,2,4,20,0.2569444444444444,0.29166666666666663,0.375,-0.010306199985576896,-0.05182152571052301,0.8073688229607164,0.16360026374152423,0.22354046166958033
3,0.02,0.1,0.7,2,5,2,1,4,54,0.33872549019607845,0.30000000000000004,0.33872549019607845,-0.014555612089166857,-0.3086247690489113,0.8907619467619861,0.16945405585966217,0.2233744931067673
3,0.03,0.06,0.55,2,5,2,3,4,24,0.28863636363636364,0.32727272727272727,0.31547619047619047,-0.016181279922421996,-0.07079264445881922,0.915924771380196,0.2020938943876344,0.22217541864904194
4,0.02,0.06,0.55,2,5,1,2,3,23,0.23737373737373735,0.16666666666666666,0.2738095238095238,-0.006575867139929018,-0.07483843827319303,1.195991670796017,0.22822471773121217,0.222129789664573
4,0.02,0.06,0.6,2,4,1,1,3,14,0.25555555555555554,0.16666666666666666,0.25555555555555554,-0.009251654472789863,-0.06273326529898811,1.166092615683013,0.2528845928164676,0.22053777573720834
4,0.02,0.08,0.6,2,4,1,1,3,14,0.25555555555555554,0.16666666666666666,0.25555555555555554,-0.009251654472789863,-0.06273326529898811,1.166092615683013,0.2528845928164676,0.22053777573720834
2,0.02,0.1,0.55,2,5,2,1,4,23,0.34375,0.4375,0.34375,-0.022262495666315968,-0.11247106961013256,0.6388849959196745,0.2049199538844375,0.2179431802100239
2,0.02,0.08,0.55,2,5,2,3,4,32,0.31490384615384615,0.3798076923076923,0.31875,-0.017461553164716197,-0.08727611709484293,0.725514331969492,0.18834560307643194,0.21700323123163498
4,0.02,0.1,0.6,2,4,1,1,3,15,0.25555555555555554,0.16666666666666666,0.25555555555555554,-0.010905064298143067,-0.07816402010369779,1.166092615683013,0.2528845928164676,0.2167019933702193
2,0.02,0.06,0.55,2,5,2,3,4,31,0.31490384615384615,0.3798076923076923,0.31875,-0.019387149689950367,-0.08821524410569381,0.725514331969492,0.18834560307643194,0.2145798201600519
2,0.02,0.1,0.55,2,5,2,2,4,33,0.3211538461538461,0.39230769230769236,0.3125,-0.018992256375557435,-0.10215951492288433,0.7180935977060238,0.1906369733847602,0.2141659112735168
4,0.02,0.1,0.6,2,5,2,1,4,37,0.3020833333333333,0.31666666666666665,0.3020833333333333,-0.010921824959234753,-0.2520168867811006,0.8267850226620215,0.06465050270492875,0.2139767118984203
4,0.02,0.08,0.6,2,5,1,1,4,30,0.26944444444444443,0.31666666666666665,0.26944444444444443,-0.0102048844978496,-0.13885573795180323,1.0093317648711202,0.16449980299436587,0.21381689588739333
4,0.02,0.08,0.55,2,5,1,2,4,26,0.26136363636363635,0.25,0.33035714285714285,-0.012345018934167905,-0.07994993394506211,0.8702175998376328,0.2019689013146709,0.21273694602249293
4,0.02,0.1,0.6,2,5,1,1,4,31,0.26944444444444443,0.31666666666666665,0.26944444444444443,-0.010688825359861143,-0.14574995181692016,1.0093317648711202,0.16449980299436587,0.21240886118916547
4,0.03,0.06,0.55,2,5,1,3,3,19,0.20000000000000004,0.2,0.3333333333333333,-0.005838246871353023,-0.03733389396047423,0.9729841555783889,0.16329931618554522,0.20995549029721366
3,0.02,0.08,0.55,2,5,2,2,4,29,0.30059523809523814,0.30952380952380953,0.2875,-0.01518376977198938,-0.08727408719396262,0.7786405229425162,0.2071180540706084,0.20979624046294704
4,0.02,0.06,0.55,2,5,1,3,3,25,0.21428571428571427,0.14285714285714285,0.2738095238095238,-0.007652209232988747,-0.07483843827319303,1.1416618083539731,0.21028002062685347,0.2075377555362761
3,0.02,0.06,0.55,2,5,2,2,4,29,0.30059523809523814,0.30952380952380953,0.2875,-0.016943948302743508,-0.09042264867407354,0.7786405229425162,0.2071180540706084,0.20730619884842877
4,0.03,0.08,0.55,2,5,1,3,4,22,0.23333333333333334,0.26666666666666666,0.375,-0.01179180373273591,-0.05182152571052301,0.7215459230258808,0.15275252316519466,0.20513472442430905
2,0.02,0.1,0.55,2,5,2,3,4,36,0.30519480519480524,0.36038961038961037,0.3125,-0.018669967155265105,-0.10314789769639496,0.6849236076067386,0.185207281778593,0.2050332600940285
3,0.02,0.08,0.55,2,4,2,2,4,20,0.2875,0.325,0.26666666666666666,-0.013033296485234519,-0.04542030082344936,0.7186803703943104,0.18833148966649205,0.20404585191046345
4,0.03,0.1,0.55,2,4,1,2,3,12,0.2222222222222222,0.3333333333333333,0.3333333333333333,-0.006532568147543519,-0.022391563681621356,0.7527008188627545,0.15713484026367722,0.20378587553574606
4,0.02,0.1,0.55,2,5,1,2,4,27,0.25541125541125537,0.23809523809523808,0.31785714285714284,-0.0135447763710759,-0.08689707836528582,0.8437525549289865,0.20500018168920472,0.20292530231655065
4,0.02,0.08,0.55,2,5,1,3,4,28,0.244047619047619,0.23809523809523808,0.33035714285714285,-0.013152275503962703,-0.07994993394506211,0.8339976915429369,0.18926325113791245,0.20209488969709638
3,0.02,0.06,0.55,2,4,2,1,3,11,0.3111111111111111,0.3333333333333333,0.3111111111111111,-0.01621097301100486,-0.03173364991674873,0.5273261015455925,0.2454524670486058,0.2015109073787655
3,0.02,0.08,0.55,2,4,2,1,3,11,0.3111111111111111,0.3333333333333333,0.3111111111111111,-0.01621097301100486,-0.03173364991674873,0.5273261015455925,0.2454524670486058,0.2015109073787655
4,0.03,0.1,0.55,2,4,2,1,2,9,0.325,0.325,0.325,-0.024537469550459982,-0.11017597612613533,0.4850057864539804,0.07500000000000001,0.20138438232063022
3,0.02,0.06,0.55,2,4,2,2,4,20,0.2875,0.325,0.26666666666666666,-0.015380201192906692,-0.048940657884957606,0.7186803703943104,0.18833148966649205,0.20080712341387585
3,0.03,0.06,0.55,2,5,2,1,3,13,0.30158730158730157,0.3333333333333333,0.30158730158730157,-0.0222197817675316,-0.11932614028648843,0.7824979735455087,0.23436227079735555,0.19889972729618177
3,0.03,0.08,0.55,2,5,2,1,3,13,0.30158730158730157,0.3333333333333333,0.30158730158730157,-0.0222197817675316,-0.11932614028648843,0.7824979735455087,0.23436227079735555,0.19889972729618177
3,0.02,0.08,0.55,2,5,2,3,4,32,0.28044871794871795,0.29166666666666663,0.2875,-0.015375244581069597,-0.08750633415953665,0.7269854786473188,0.19296761769605264,0.19747229835659644
3,0.02,0.08,0.55,2,4,2,3,4,22,0.27361111111111114,0.325,0.26666666666666666,-0.013569192581784777,-0.04567997250222619,0.7072931157445327,0.1736222218666894,0.19738737704515197
4,0.03,0.1,0.55,2,5,1,2,4,21,0.2444444444444444,0.26666666666666666,0.3333333333333333,-0.0126566881836449,-0.05942908797680169,0.6982865628029691,0.16555182695279266,0.19696592915709069
4,0.03,0.1,0.55,2,4,1,3,3,13,0.20634920634920637,0.2857142857142857,0.3333333333333333,-0.006328315342378917,-0.022391563681621356,0.7419560099535607,0.14720029357929687,0.19682330078110136
3,0.03,0.1,0.55,2,5,2,2,4,26,0.31006493506493504,0.3701298701298701,0.29047619047619044,-0.019775371750111334,-0.10849203116318717,0.6230060689394697,0.1960122237781797,0.195034476647646
3,0.02,0.06,0.55,2,4,2,3,4,21,0.27361111111111114,0.325,0.26666666666666666,-0.015477907037704521,-0.048940657884957633,0.7072931157445327,0.1736222218666894,0.1947056374521205
3,0.02,0.06,0.55,2,5,2,3,4,31,0.28044871794871795,0.29166666666666663,0.2875,-0.01773311387068808,-0.09042264867407357,0.7269854786473188,0.19296761769605264,0.19429289746730982
4,0.02,0.1,0.55,2,5,1,3,4,29,0.23958333333333331,0.22916666666666666,0.31785714285714284,-0.014162779340797028,-0.08658644542533628,0.8139483774661084,0.19179117332835383,0.19377079624245214
4,0.02,0.06,0.55,2,4,1,2,3,16,0.2261904761904762,0.25,0.27777777777777773,-0.008929547280065654,-0.04478854858127176,0.7527048629801889,0.17577170309801668,0.1874058400660122
4,0.02,0.08,0.55,2,4,1,2,3,16,0.2261904761904762,0.25,0.27777777777777773,-0.008929547280065654,-0.04478854858127176,0.7527048629801889,0.17577170309801668,0.1874058400660122
3,0.03,0.1,0.55,2,5,2,3,4,29,0.2916666666666667,0.33333333333333337,0.29047619047619044,-0.019303523154711802,-0.10802836044172062,0.6033486707621348,0.19094065395649334,0.1862102484010288
4,0.04,0.1,0.55,2,5,2,3,4,26,0.1875,0.125,0.24285714285714285,-0.011479633412549275,-0.0791970106120467,1.1640671048441462,0.2072890493972125,0.18620947163867854
4,0.03,0.1,0.55,2,5,1,3,4,23,0.22499999999999998,0.25,0.3333333333333333,-0.013565409281867464,-0.05908892527257692,0.6579017255716234,0.15523280008497634,0.18476101853464827
3,0.02,0.1,0.55,2,4,2,2,4,23,0.29642857142857143,0.34285714285714286,0.26666666666666666,-0.017359478780780174,-0.09071023092799474,0.5292257680147653,0.18718510973398086,0.18237284089035768
3,0.02,0.1,0.55,2,5,2,2,4,33,0.29294871794871796,0.31666666666666665,0.28125,-0.01962954633186343,-0.12367397007933414,0.5795223709031804,0.19220830765232805,0.18066571612923504
4,0.02,0.06,0.55,2,4,1,3,3,17,0.20833333333333334,0.25,0.27777777777777773,-0.009146519538162314,-0.044788548581271716,0.7359191071444602,0.15590239111558088,0.1793564435623185
4,0.02,0.08,0.55,2,4,1,3,3,17,0.20833333333333334,0.25,0.27777777777777773,-0.009146519538162314,-0.044788548581271716,0.7359191071444602,0.15590239111558088,0.1793564435623185
3,0.02,0.1,0.55,2,4,2,3,4,25,0.28253968253968254,0.34285714285714286,0.26666666666666666,-0.017895374877330436,-0.09096990260677157,0.5178385133649877,0.17309594768527728,0.1756647575649582
3,0.02,0.1,0.55,2,5,2,3,4,36,0.2765151515151515,0.303030303030303,0.28125,-0.019316903886295485,-0.1232340094533072,0.5590171244480214,0.1800338581563052,0.173032113687204
4,0.04,0.1,0.55,2,4,2,2,4,17,0.18333333333333335,0.16666666666666666,0.225,-0.008882336065997032,-0.05810558699465759,0.9405939925737735,0.18484227510682363,0.17032866367880062
3,0.02,0.06,0.55,2,5,2,1,4,20,0.26875,0.225,0.26875,-0.02096093796411981,-0.10784134745213872,0.5886516785971218,0.22595284353156522,0.1656093195540441
3,0.02,0.08,0.55,2,5,2,1,4,20,0.26875,0.225,0.26875,-0.02096093796411981,-0.10784134745213872,0.5886516785971218,0.22595284353156522,0.1656093195540441
4,0.02,0.1,0.55,2,4,1,2,3,17,0.20952380952380953,0.2,0.25,-0.011598479516753066,-0.06029901705797144,0.6598256943345364,0.17509310772238318,0.1619102637476263
3,0.03,0.1,0.55,2,5,2,1,4,18,0.27619047619047615,0.26666666666666666,0.27619047619047615,-0.02603334354236966,-0.1313599731669051,0.5515719207920899,0.20767583321291927,0.16003228749927095
3,0.02,0.1,0.55,2,5,2,1,4,23,0.28125,0.25,0.28125,-0.02552125863558393,-0.14522398635066328,0.5087808642965679,0.22316963839196408,0.15760900934758798
4,0.04,0.1,0.55,2,5,2,2,4,23,0.18253968253968253,0.14285714285714285,0.20714285714285713,-0.011591693983211072,-0.07564680551642392,0.883048421415001,0.19097157802406292,0.15594992660087947
4,0.02,0.1,0.55,2,4,1,3,3,18,0.19166666666666665,0.2,0.25,-0.011815451774849724,-0.060299017057971395,0.6430399384988077,0.1532064692570853,0.1540222533625615
4,0.04,0.08,0.55,2,4,2,2,3,12,0.1111111111111111,0.0,0.13333333333333333,-0.006741320050688525,-0.021692276419240025,1.2233962096453224,0.15713484026367722,0.15127491898606324
4,0.03,0.06,0.55,2,4,1,2,2,9,0.16666666666666666,0.16666666666666666,0.25,-0.008663855663290336,-0.03358734552243203,0.6264007087189727,0.16666666666666666,0.14735161510554426
4,0.03,0.08,0.55,2,4,1,2,2,9,0.16666666666666666,0.16666666666666666,0.25,-0.008663855663290336,-0.03358734552243203,0.6264007087189727,0.16666666666666666,0.14735161510554426
4,0.02,0.08,0.55,2,5,2,2,4,29,0.19642857142857142,0.14285714285714285,0.225,-0.016605046506864257,-0.08879873976409838,0.7502959378351141,0.21053260933127851,0.14599201884323507
4,0.04,0.06,0.55,2,4,2,2,3,12,0.1111111111111111,0.0,0.13333333333333333,-0.011389129953842605,-0.028663991273971123,1.2233962096453224,0.15713484026367722,0.14486094131971064
4,0.04,0.06,0.55,2,4,2,3,3,12,0.1111111111111111,0.0,0.13333333333333333,-0.011389129953842605,-0.028663991273971123,1.2233962096453224,0.15713484026367722,0.14486094131971064
4,0.02,0.06,0.55,2,5,2,2,4,29,0.19642857142857142,0.14285714285714285,0.225,-0.019219439577388427,-0.09352930404536974,0.7502959378351141,0.21053260933127851,0.1422870794448535
4,0.03,0.08,0.55,2,5,2,2,4,22,0.1625,0.125,0.23214285714285715,-0.016373514420839053,-0.06453888127044363,0.7506266288228567,0.1709349291397168,0.13853602434576254
4,0.03,0.06,0.55,2,4,1,3,2,10,0.14285714285714285,0.14285714285714285,0.25,-0.008357476455543432,-0.03358734552243203,0.6049110909005851,0.14285714285714285,0.1371905769198457
4,0.03,0.08,0.55,2,4,1,3,2,10,0.14285714285714285,0.14285714285714285,0.25,-0.008357476455543432,-0.03358734552243203,0.6049110909005851,0.14285714285714285,0.1371905769198457
4,0.03,0.06,0.55,2,5,2,2,4,22,0.1625,0.125,0.23214285714285715,-0.018987907491363223,-0.06926944555171499,0.7506266288228567,0.1709349291397168,0.13483108494738094
4,0.04,0.1,0.55,2,5,2,1,3,15,0.20952380952380953,0.2,0.20952380952380953,-0.01954767660381448,-0.0977700801478862,0.5950227047464195,0.17509310772238318,0.13459522241007535
4,0.02,0.08,0.55,2,5,2,3,4,32,0.1778846153846154,0.125,0.225,-0.018452294828290042,-0.09226691545410237,0.7078808069822315,0.19296761769605267,0.1330263484175309
4,0.02,0.06,0.55,2,5,2,3,4,31,0.1778846153846154,0.125,0.225,-0.01983557352120343,-0.09352930404536972,0.7078808069822315,0.19296761769605267,0.13121492735508275
4,0.02,0.1,0.55,2,5,2,2,4,33,0.19038461538461537,0.15,0.21875,-0.021266567811178645,-0.13353325007486727,0.6103889412401581,0.19876653665714095,0.12080899790731982
4,0.03,0.08,0.55,2,5,2,3,4,25,0.14090909090909093,0.1,0.23214285714285715,-0.01868723667744753,-0.06800705696044765,0.635838795644861,0.15232360072832765,0.11793334708279425
4,0.03,0.1,0.55,2,4,2,2,4,18,0.17142857142857143,0.14285714285714285,0.225,-0.01793521282817963,-0.07169039177284126,0.47996285818922724,0.17612611437054218,0.11632469424179548
4,0.03,0.06,0.55,2,5,2,3,4,24,0.14090909090909093,0.1,0.23214285714285715,-0.02007051537036092,-0.06926944555171499,0.635838795644861,0.15232360072832765,0.11612192602034611
4,0.02,0.1,0.55,2,5,2,3,4,36,0.17532467532467533,0.13636363636363635,0.21875,-0.02261006794460814,-0.13673839297422277,0.5899109410467398,0.1837788532218819,0.11159598223165602
4,0.03,0.1,0.55,2,4,2,3,4,20,0.1625,0.125,0.225,-0.0199155972214457,-0.07552383486850087,0.4765832146404515,0.1709349291397168,0.10961528599010384
4,0.02,0.08,0.55,2,4,2,2,4,20,0.15625,0.125,0.18333333333333335,-0.016046928784830727,-0.04665175076735151,0.49941684098512673,0.16237976320958225,0.10908760825483121
4,0.02,0.06,0.55,2,5,2,1,4,20,0.175,0.1,0.175,-0.020871403068156727,-0.0943710074149138,0.5485777472456855,0.20463381929681126,0.10489530966433219
4,0.02,0.08,0.55,2,5,2,1,4,20,0.175,0.1,0.175,-0.020871403068156727,-0.0943710074149138,0.5485777472456855,0.20463381929681126,0.10489530966433219
4,0.02,0.06,0.55,2,4,2,2,4,20,0.15625,0.125,0.18333333333333335,-0.019532786212196285,-0.05188053690839983,0.49941684098512673,0.16237976320958225,0.10427712500506672
4,0.03,0.1,0.55,2,5,2,2,4,26,0.16233766233766234,0.14285714285714285,0.20714285714285713,-0.023054708498572375,-0.1127097317632979,0.5325922366012443,0.16465873159877878,0.10272438187083413
4,0.02,0.08,0.55,2,4,2,3,4,22,0.14583333333333331,0.125,0.18333333333333335,-0.018427265484825324,-0.05048519386301112,0.4941370940951653,0.14877975892797604,0.10174931163469007
4,0.02,0.06,0.55,2,4,2,3,4,21,0.14583333333333331,0.125,0.18333333333333335,-0.01913449917783451,-0.05188053690839983,0.4941370940951653,0.14877975892797604,0.10073319003763243
4,0.02,0.1,0.55,2,4,2,2,4,23,0.16517857142857142,0.14285714285714285,0.18333333333333335,-0.01917318158957604,-0.09648913617728366,0.47144219179743674,0.16816793037354788,0.10067245047466963
4,0.02,0.1,0.55,2,4,2,1,3,14,0.18888888888888888,0.16666666666666666,0.18888888888888888,-0.02247139005790763,-0.1018348873324515,0.37535630472917236,0.16405358955814892,0.10049614044207633
4,0.03,0.06,0.55,2,5,2,1,3,13,0.14285714285714285,0.0,0.14285714285714285,-0.023208936493097826,-0.09656801817946341,0.7769683463563928,0.20203050891044214,0.09941328387956588
4,0.03,0.08,0.55,2,5,2,1,3,13,0.14285714285714285,0.0,0.14285714285714285,-0.023208936493097826,-0.09656801817946341,0.7769683463563928,0.20203050891044214,0.09941328387956588
4,0.02,0.1,0.55,2,5,2,1,4,23,0.1875,0.125,0.1875,-0.025983101461271696,-0.13930757177112008,0.4847324168290529,0.2072890493972125,0.09617383902848681
4,0.02,0.1,0.55,2,4,2,3,4,25,0.15476190476190477,0.14285714285714285,0.18333333333333335,-0.021553518289570642,-0.10032257927294327,0.46616244490747527,0.15567496226930977,0.09324559096033909
4,0.03,0.1,0.55,2,5,2,3,4,29,0.14583333333333331,0.125,0.20714285714285713,-0.024236059270551558,-0.1158946694532651,0.506476090673118,0.14877975892797604,0.09267864650912908
4,0.02,0.06,0.55,2,4,2,1,3,11,0.13333333333333333,0.0,0.13333333333333333,-0.020973841080427037,-0.035726548909384724,0.4381915457073238,0.1885618083164127,0.07718125049230094
4,0.02,0.08,0.55,2,4,2,1,3,11,0.13333333333333333,0.0,0.13333333333333333,-0.020973841080427037,-0.035726548909384724,0.4381915457073238,0.1885618083164127,0.07718125049230094
4,0.03,0.1,0.55,2,5,2,1,4,18,0.15714285714285714,0.1,0.15714285714285714,-0.02921528105655244,-0.12209927584663746,0.4475255404197655,0.17670452681218543,0.07409828786200413
4,0.03,0.08,0.55,2,4,2,2,3,13,0.09523809523809523,0.0,0.13333333333333333,-0.018811822400265323,-0.03980534945681824,0.30213394087622986,0.13468700594029476,0.05556873550354777
4,0.03,0.06,0.55,2,4,2,2,3,13,0.09523809523809523,0.0,0.13333333333333333,-0.023459632303419405,-0.04677706431154934,0.30213394087622986,0.13468700594029476,0.04915475783719513
4,0.03,0.08,0.55,2,4,2,3,3,15,0.08333333333333333,0.0,0.13333333333333333,-0.021452334924620082,-0.04491660691769772,0.2953746537786784,0.11785113019775792,0.04723575381347247
4,0.03,0.06,0.55,2,4,2,3,3,14,0.08333333333333333,0.0,0.13333333333333333,-0.02239531318196566,-0.04677706431154934,0.2953746537786784,0.11785113019775792,0.04588092501739559
