trade_date,ts_code,name,industry,event_type_candidate,candidate_condition_count,pct_chg,vol_ratio20,close_pos,platform_range_20,entry_date,entry_possible,max_favorable_excursion,max_adverse_excursion
20260327,600513.SH,联环药业,化学制药,breakout_strong,6,10.01,1.7892398345092995,1.0,0.18432989690721646,20260330,True,0.22373909745923415,-0.007584376185058805
20260327,002082.SZ,万邦德,中成药,breakout_strong,6,10.01,1.51807390322642,1.0,0.31051964512040564,20260330,True,0.3049962714392245,-0.020134228187919434
20260327,002294.SZ,信立泰,化学制药,breakout_strong,6,10.01,1.3862977396787461,1.0,0.2265755251750583,20260330,True,0.15056726094003237,-0.012965964343598091
20260327,002263.SZ,大东南,塑料,breakout_strong,5,10.0,4.382912793269419,1.0,0.163978494623656,20260330,True,0.24220623501199046,-0.04076738609112707
20260327,002038.SZ,双鹭药业,生物制药,breakout_strong,5,9.98,2.628125441864324,1.0,0.1545595054095827,20260330,True,0.34285714285714297,-0.027142857142857246
20260327,002755.SZ,奥赛康,化学制药,trend_high_like,4,10.01,3.0708327046767514,1.0,0.13788659793814426,20260330,True,0.12888601036269431,-0.0032383419689118176
20260326,600207.SH,安彩高科,电气设备,breakout_strong,6,10.03,2.067644636581734,1.0,0.1423948220064725,20260327,True,0.203125,-0.042187500000000044
20260326,603937.SH,丽岛新材,铝,breakout_strong,5,9.98,2.687482639513166,1.0,0.19565217391304354,20260327,True,0.11786237188872617,-0.03733528550512444
20260326,603507.SH,振江股份,电气设备,trend_high_like,4,1.73,1.2683552456370446,0.5218855218855223,0.2558536585365853,20260327,True,0.1573684210526316,0.0
20260325,603227.SH,雪峰科技,化工原料,breakout_strong,6,5.14,3.387317286531943,0.8026315789473679,0.09159482758620686,20260326,True,0.1048648648648649,0.0
20260325,600539.SH,狮头股份,互联网,breakout_strong,6,9.97,2.7510537786961393,1.0,0.1776570985259892,20260326,True,0.2153846153846155,-0.021538461538461506
20260325,002192.SZ,融捷股份,小金属,breakout_strong,6,10.0,2.4807425270876933,1.0,0.14162377552714586,20260326,True,0.2591708917387414,-0.021473307485833537
20260325,603272.SH,联翔股份,家居用品,breakout_strong,5,6.08,2.7582846053455907,0.829268292682928,0.20204700530705075,20260326,True,0.3568023469013568,-0.03923725705903924
20260325,000688.SZ,国城矿业,铅锌,trend_high_like,5,5.13,1.313734407224539,0.8502994011976049,0.23058823529411765,20260326,True,0.17378378378378367,-0.005405405405405461
20260324,000809.SZ,和展能源,电气设备,breakout_strong,6,9.86,3.803586000729449,0.9705882352941182,0.17048346055979652,20260325,True,0.14358974358974352,-0.017948717948717885
20260324,000690.SZ,宝新能源,火力发电,trend_high_like,5,5.81,1.989114126393246,1.0,0.14677103718199608,20260325,True,0.21980198019801978,-0.025742574257425765
20260324,002616.SZ,长青集团,环境保护,trend_high_like,5,5.3,1.8126479855127622,1.0,0.13384615384615386,20260325,True,0.11987381703470024,-0.02208201892744477
20260323,600982.SH,宁波能源,供气供热,breakout_strong,6,8.37,3.491077935558952,0.8709677419354838,0.14498141263940525,20260324,True,0.3602941176470589,-0.003676470588235392
20260323,001256.SZ,炜冈科技,轻工机械,breakout_strong,5,2.77,4.117951228987172,0.9705882352941172,0.11767169179229475,20260324,True,0.2021052631578948,-0.012631578947368438
20260320,600310.SH,广西能源,水力发电,breakout_strong,6,9.91,4.147198764356099,1.0,0.15754923413566743,20260323,True,0.43790849673202614,-0.013071895424836555
20260320,600758.SH,辽宁能源,煤炭开采,trend_high_like,4,2.38,2.771324623591584,0.4166666666666667,0.17555555555555558,20260323,True,0.3977777777777778,-0.004444444444444362
20260319,603016.SH,新宏泰,电气设备,breakout_like,5,3.9,3.0833844861215822,0.6236162361623606,0.13793103448275856,20260320,True,0.18636995827538239,-0.04061196105702369
20260317,600643.SH,爱建集团,多元金融,breakout_strong,5,10.11,5.2844968530034215,1.0,0.09274193548387095,20260318,True,0.14000000000000012,-0.014000000000000012
20260317,603693.SH,江苏新能,新型电力,trend_high_like,5,9.97,2.1221048320513516,1.0,0.2433436532507739,20260318,True,0.18478944060339408,-0.007542426147077341
20260316,603558.SH,健盛集团,纺织,breakout_like,5,1.15,5.897552090330158,0.3658536585365861,0.1277906081601232,20260317,True,0.10738766184310733,-0.0038080731150038627
20260313,002950.SZ,奥美医疗,医疗保健,breakout_strong,5,10.03,2.6832820197409677,1.0,0.09244444444444437,20260316,True,0.11130587204206832,-0.014899211218229569
20260312,000990.SZ,诚志股份,化工原料,breakout_strong,6,10.01,2.424910334430897,1.0,0.16062176165803116,20260313,True,0.1279999999999999,-0.030000000000000027
20260312,600683.SH,京投发展,区域地产,trend_high_like,5,6.7,1.0835461808108389,0.8405797101449272,0.30322580645161284,20260313,True,0.4374209860935523,-0.013906447534766109
20260312,000890.SZ,法尔胜,环境保护,trend_high_like,5,10.04,1.0731311877362604,1.0,0.45929018789144055,20260313,True,0.3474976392823419,-0.013220018885741314
20260311,600227.SH,赤天化,农药化肥,breakout_strong,6,5.74,2.7130055109697704,0.782608695652173,0.3894472361809045,20260312,True,0.3366336633663367,-0.03960396039603964
20260311,603949.SH,雪龙集团,汽车配件,breakout_strong,5,5.08,4.455399534362381,0.8738738738738733,0.13343253968253974,20260312,True,0.19274153997057386,-0.005885237861696924
20260311,000062.SZ,深圳华强,元器件,breakout_strong,5,9.99,3.550130069460969,1.0,0.1176699029126214,20260312,True,0.10620155038759682,-0.012403100775193798
20260311,600722.SH,金牛化工,化工原料,trend_high_like,5,9.98,1.265068212716981,1.0,0.5094086021505376,20260312,True,0.3797381116471399,-0.011026878015162
20260311,002150.SZ,正泰电源,机械基件,trend_high_like,4,10.01,0.7226343000286269,1.0,0.22858099062918336,20260312,True,0.126444159178434,-0.014762516046213148
20260310,002709.SZ,天赐材料,化工原料,breakout_like,6,4.13,2.247085168078419,0.37956204379561825,0.13942628418945954,20260311,True,0.1196487376509332,-0.012513721185510418
20260310,001207.SZ,联科科技,化工原料,breakout_strong,5,1.79,1.3628624509747327,0.7682926829268278,0.08415841584158425,20260311,True,0.19575060954371293,-0.008359456635318785
20260310,600509.SH,天富能源,火力发电,trend_high_like,4,1.88,1.6815656387128737,0.4800000000000004,0.11422413793103435,20260311,True,0.10679611650485432,-0.03667745415318224
20260310,000048.SZ,京基智农,农业综合,trend_high_like,3,2.62,1.5825329499059029,0.5590551181102371,0.10619469026548668,20260311,True,0.1338541666666666,0.0
20260310,603098.SH,森特股份,装修装饰,trend_high_like,3,2.18,1.4836820836089217,0.800000000000004,0.09287925696594417,20260311,True,0.1071428571428572,-0.01253132832080206
20260310,002812.SZ,恩捷股份,电气设备,trend_high_like,3,1.13,0.9502867808402766,0.3154121863799276,0.26889534883720934,20260311,True,0.1594488188976375,-0.002574197456087224
20260310,002360.SZ,同德化工,化工原料,trend_high_like,3,2.25,0.8657595227666433,0.7368421052631582,0.16999999999999993,20260311,True,0.16188870151770662,-0.010118043844856595
20260309,601611.SH,中国核建,建筑工程,trend_high_like,5,4.05,1.8393658968422106,0.8235294117647054,0.12804171494785635,20260310,True,0.13176470588235278,-0.035882352941176476
20260309,600628.SH,新世界,百货,trend_high_like,4,4.85,2.5514239435230617,0.9019607843137275,0.12200956937799039,20260310,True,0.13625304136253025,-0.021897810218978297
20260309,002298.SZ,中电鑫龙,电气设备,breakout_strong,4,2.73,2.4823607438309754,0.9636363636363612,0.09865470852017934,20260310,True,0.1929824561403508,-0.014912280701754432
20260309,603538.SH,美诺华,化学制药,breakout_like,4,1.21,2.0509571864443896,0.6355140186915883,0.10097864768683272,20260310,True,0.15079365079365092,-0.010141093474426821
20260309,600135.SH,乐凯胶片,塑料,trend_high_like,4,9.96,1.8810265720697077,1.0,0.164569215876089,20260310,True,0.11250000000000004,-0.025000000000000022
20260309,601700.SH,风范股份,电气设备,breakout_like,4,1.62,1.2933924771975822,0.6071428571428563,0.13599999999999995,20260310,True,0.125,-0.03639240506329122
20260309,601218.SH,吉鑫科技,电气设备,trend_high_like,4,0.87,1.180668336917858,1.0,0.09450171821305854,20260310,True,0.3087478559176673,-0.012006861063464935
20260306,605286.SH,同力天启,运输设备,breakout_strong,6,9.99,3.745851429940962,1.0,0.10791887976822788,20260309,True,0.15593834995466915,0.0
20260306,001896.SZ,豫能控股,火力发电,breakout_strong,6,9.97,2.15627104313972,1.0,0.6115755627009647,20260309,True,0.19199999999999995,0.0
20260306,600545.SH,卓郎智能,纺织机械,breakout_strong,6,10.08,1.6161764890113028,1.0,0.35278514588859416,20260309,True,0.12371134020618557,-0.030927835051546393
20260306,002652.SZ,扬子新材,其他建材,breakout_strong,6,7.91,1.3533984499326268,0.8541666666666662,0.19917012448132787,20260309,True,0.21532091097308492,-0.01863354037267073
20260306,600405.SH,动力源,电气设备,breakout_like,5,5.76,4.623712166495003,0.549019607843138,0.07706093189964153,20260309,True,0.14495412844036704,0.0
20260306,002480.SZ,新筑股份,运输设备,breakout_strong,5,7.25,3.1224709896523684,0.7812499999999993,0.09737248840803708,20260309,True,0.12135176651305679,-0.015360983102918557
20260306,000677.SZ,恒天海龙,化纤,breakout_strong,5,10.0,2.3768012357937733,1.0,0.11943793911007022,20260309,True,0.13832199546485247,-0.024943310657596474
20260306,605098.SH,行动教育,文教休闲,breakout_like,5,0.45,2.072062789364951,0.6616161616161638,0.13811939133827544,20260309,True,0.11243412063244196,-0.010345500683193287
20260306,603716.SH,塞力医疗,医药商业,trend_high_like,4,10.01,2.4594298124958374,1.0,0.16093880972338642,20260309,True,0.12910481331533963,-0.0022492127755285862
20260306,000516.SZ,国际医学,医疗保健,trend_high_like,4,10.11,2.055539327122892,1.0,0.12031558185404345,20260309,True,0.1060000000000001,-0.02200000000000002
20260306,603218.SH,日月股份,电气设备,breakout_strong,4,1.62,1.5543366374998877,0.7115384615384606,0.07435719249478806,20260309,True,0.18080667593880384,-0.014603616133518793
20260306,603421.SH,鼎信通讯,通信设备,trend_high_like,4,1.82,1.229849470971909,0.5624999999999987,0.1171597633136094,20260309,True,0.23039806996381196,-0.021712907117008462
20260306,000815.SZ,美利云,通信设备,trend_high_like,4,9.98,0.9806671486201424,1.0,0.23230490018148828,20260309,True,0.1935874168179068,-0.04355716878402904
20260306,002506.SZ,协鑫集成,电气设备,trend_high_like,4,10.1,0.877677849307278,1.0,0.43379790940766555,20260309,True,0.12566371681415922,-0.04778761061946912
20260306,600775.SH,南京熊猫,通信设备,trend_high_like,3,1.16,2.440068430421174,0.6235294117647054,0.11193029490616621,20260309,True,0.19647887323943647,0.0
20260306,603778.SH,国晟科技,电气设备,trend_high_like,3,10.03,1.0991566511405937,1.0,0.26971428571428574,20260309,True,0.3255406195207482,-0.0005844535359438296
20260305,603316.SH,诚邦股份,建筑工程,breakout_like,6,5.99,2.664530544364422,0.4629629629629629,0.14918566775244294,20260306,True,0.12264763140817658,0.0
20260305,002986.SZ,宇新股份,化工原料,breakout_strong,6,10.03,2.5897183647180517,1.0,0.23131443298969073,20260306,True,0.1380387257963771,-0.026858213616489768
20260305,600513.SH,联环药业,化学制药,breakout_like,6,6.33,1.8565499538622372,0.6270270270270266,0.1855530474040632,20260306,True,0.10177192185370276,-0.00045433893684698745
20260305,000720.SZ,新能泰山,电气设备,breakout_like,6,3.36,1.736153727309033,0.4090909090909089,0.10327455919395469,20260306,True,0.15671641791044788,-0.004975124378109319
20260305,002952.SZ,亚世光电,元器件,breakout_strong,6,10.0,1.4556693642615566,1.0,0.18484500574052806,20260306,True,0.10679611650485432,-0.04699029126213594
20260305,601616.SH,广电电气,电气设备,breakout_like,5,3.7,1.6354723269114768,0.5999999999999994,0.13928571428571418,20260306,True,0.14795008912655971,-0.0017825311942960553
20260305,002857.SZ,三晖电气,电器仪表,trend_high_like,4,10.0,2.3788565374164516,1.0,0.15177832919768397,20260306,True,0.11309523809523814,-0.005952380952380931
20260305,000920.SZ,沃顿科技,塑料,trend_high_like,4,10.01,2.119207602403742,1.0,0.10196649672250549,20260306,True,0.10592592592592598,-0.029629629629629672
20260305,002451.SZ,摩恩电气,电气设备,breakout_strong,4,2.99,1.9009217642868874,0.6969696969696981,0.08925318761384339,20260306,True,0.10091743119266061,0.0
20260305,002198.SZ,嘉应制药,中成药,trend_high_like,4,0.55,1.394986817918547,0.2916666666666676,0.08689839572192518,20260306,True,0.11261872455902289,-0.013568521031207648
20260305,600710.SH,苏美达,商贸代理,trend_high_like,4,5.41,1.1752542733224836,0.8734177215189877,0.2063037249283668,20260306,True,0.10217391304347823,-0.007971014492753725
20260305,601669.SH,中国电建,建筑工程,trend_high_like,3,2.68,1.7035039314278302,0.6666666666666666,0.0764006791171476,20260306,True,0.15451388888888906,-0.005208333333333259
20260304,001696.SZ,宗申动力,摩托车,breakout_like,5,5.75,3.404981680870497,0.6345177664974623,0.11371681415929204,20260305,True,0.14933333333333332,-0.008888888888888835
20260304,603826.SH,坤彩科技,染料涂料,trend_high_like,5,6.74,1.5707342195573604,0.8709677419354847,0.26232558139534884,20260305,True,0.13388734995383178,-0.024930747922437657
20260304,001258.SZ,立新能源,新型电力,trend_high_like,4,2.55,1.5386011404607505,0.843750000000003,0.07872078720787214,20260305,True,0.27250308261405687,-0.008631319358816336
20260304,600482.SH,中国动力,船舶,trend_high_like,4,5.73,1.1112188342429499,0.8720538720538735,0.27491408934707906,20260305,True,0.12492836676217767,-0.005444126074498512
20260303,002350.SZ,北京科锐,电气设备,breakout_strong,6,10.01,2.9086847457757914,1.0,0.28961748633879786,20260304,True,0.2683333333333333,-0.0008333333333333526
20260303,605366.SH,宏柏新材,化工原料,breakout_like,6,4.95,2.664401938930114,0.6261682242990663,0.2927083333333333,20260304,True,0.1366459627329193,0.0
20260303,600149.SH,廊坊发展,综合类,trend_high_like,5,4.62,2.4445752943578993,0.46774193548387094,0.18944099378881996,20260304,True,0.2295345104333868,0.0
20260303,002383.SZ,合众思壮,通信设备,trend_high_like,4,1.98,3.8341112746142234,0.6018518518518505,0.12500000000000003,20260304,True,0.11583333333333345,-0.03500000000000003
20260227,600516.SH,方大炭素,矿物制品,breakout_strong,6,5.87,2.491179159801049,0.7884615384615377,0.12175324675324675,20260302,True,0.10789049919484706,-0.01610305958132041
20260227,002628.SZ,成都路桥,建筑工程,breakout_strong,6,10.02,2.3158527642868516,1.0,0.15831663326653306,20260302,True,0.137142857142857,-0.011428571428571344
20260227,600803.SH,新奥股份,供气供热,breakout_strong,6,3.03,1.4811525310600708,0.8805970149253753,0.05969412925505678,20260302,True,0.1690476190476191,-0.02619047619047621
20260227,001282.SZ,三联锻造,汽车配件,breakout_strong,5,6.36,4.317791394965516,0.8232323232323225,0.10359964881474976,20260302,True,0.1428571428571428,-0.019599303135888424
20260227,603897.SH,长城科技,电气设备,breakout_strong,5,10.02,3.644806801345983,1.0,0.11735941320293397,20260302,True,0.18305647840531547,-0.0009966777408638716
20260227,600956.SH,新天绿能,供气供热,breakout_strong,5,3.44,1.9311397621103072,1.0,0.0677749360613811,20260302,True,0.11508951406649626,-0.008951406649616356
20260227,600301.SH,华锡有色,小金属,trend_high_like,5,10.01,1.411266101319163,1.0,0.30318208603417796,20260302,True,0.17797637079672834,-0.03226295062102391
20260227,603093.SH,南华期货,多元金融,trend_high_like,4,10.02,3.1342575744317633,1.0,0.10309801929913667,20260302,True,0.13679480778831743,0.0
20260227,600025.SH,华能水电,水力发电,breakout_strong,4,1.08,1.2180176096145665,0.8571428571428481,0.045258620689655166,20260302,True,0.10470085470085477,-0.005341880341880212
20260227,000852.SZ,石化机械,化工机械,trend_high_like,4,3.71,1.0932198430915347,0.8750000000000028,0.09327036599763883,20260302,True,0.11525029103608841,-0.02677532013969741
20260227,601139.SH,深圳燃气,供气供热,trend_high_like,4,1.02,0.843419992562857,0.8888888888888911,0.04166666666666667,20260302,True,0.1228813559322035,-0.039548022598870136
20260227,002380.SZ,科远智慧,软件服务,trend_high_like,3,1.85,0.7033513019569007,0.8173076923076943,0.16143234517170532,20260302,True,0.24625000000000008,0.0
20260226,600979.SH,广安爱众,水力发电,breakout_strong,6,10.07,5.162307193789402,1.0,0.05555555555555551,20260227,True,0.11646586345381515,-0.012048192771084487
20260226,603070.SH,万控智造,电气设备,breakout_like,6,5.64,3.120499092828715,0.6043165467625896,0.08425865447419993,20260227,True,0.10797237915881985,0.0
20260226,600644.SH,乐山电力,水力发电,breakout_strong,6,4.32,2.532545412358305,0.8923076923076919,0.10373443983402489,20260227,True,0.17563025210084038,0.0
20260226,002384.SZ,东山精密,元器件,breakout_strong,6,8.01,1.929324053550829,0.7966537966537968,0.17570552147239255,20260227,True,0.17418203450327185,-0.0005948839976204212
20260226,001339.SZ,智微智能,IT设备,breakout_strong,6,10.01,1.8381660443164682,1.0,0.11834520176330955,20260227,True,0.14050000000000007,-0.02533333333333343
20260226,600744.SH,华银电力,火力发电,breakout_strong,5,10.06,3.110962870951621,1.0,0.1072961373390558,20260227,True,0.21505376344086002,-0.0026881720430108613
20260226,000791.SZ,甘肃能源,水力发电,breakout_strong,5,3.92,1.9347676298465655,0.7000000000000015,0.07396870554765297,20260227,True,0.15833333333333321,-0.00694444444444442
20260226,601083.SH,锦江航运,水运,breakout_like,5,1.33,1.3035113201152102,0.6538461538461541,0.05901639344262286,20260227,True,0.12919051512673763,-0.00817661488143906
20260226,002796.SZ,世嘉科技,通信设备,trend_high_like,5,6.64,1.201017162293556,0.8947368421052635,0.2045365662886195,20260227,True,0.14342708956712547,-0.04647915419908244
20260226,002733.SZ,雄韬股份,电气设备,breakout_strong,4,2.9,2.8370066511882515,0.8163265306122452,0.1070615034168564,20260227,True,0.13071593533487302,-0.014318706697459493
20260226,600318.SH,新力金融,多元金融,breakout_strong,4,1.57,2.1982778178223015,0.8076923076923062,0.05843439911797146,20260227,True,0.10816777041942593,-0.0033112582781458233
20260226,600821.SH,金开新能,新型电力,trend_high_like,4,2.75,1.9218442985205373,0.40909090909090806,0.2038123167155426,20260227,True,0.2545454545454544,0.0
20260226,603318.SH,水发燃气,供气供热,trend_high_like,4,1.25,1.3703286650534312,0.7500000000000009,0.06557377049180334,20260227,True,0.4746227709190671,-0.010973936899862813
20260226,002491.SZ,通鼎互联,通信设备,trend_high_like,4,9.97,0.588744094277137,1.0,0.4588014981273408,20260227,True,0.30335968379446654,-0.010869565217391242
20260226,000993.SZ,闽东电力,水力发电,trend_high_like,3,2.26,1.830814201505733,0.46969696969696767,0.12592592592592589,20260227,True,0.15914307574598308,-0.004590665646518777
20260226,000731.SZ,四川美丰,农药化肥,trend_high_like,3,0.28,1.1512388039447465,0.5294117647058817,0.08390646492434656,20260227,True,0.21229050279329598,-0.005586592178770999
20260226,600725.SH,云维股份,商贸代理,trend_high_like,3,1.24,0.9511954237639845,0.6363636363636371,0.1428571428571428,20260227,True,0.11860940695296529,-0.002044989775051076
20260226,603393.SH,新天然气,供气供热,trend_high_like,3,1.71,0.8763288185435673,0.644067796610168,0.1328606658446362,20260227,True,0.29656250000000006,0.0
20260225,601975.SH,招商南油,水运,breakout_like,6,4.63,3.243041373732575,0.4615384615384618,0.18500000000000005,20260226,True,0.3466334164588529,-0.004987531172069737
20260225,600428.SH,中远海特,水运,breakout_like,6,3.71,2.0815212583047367,0.5079365079365092,0.11259079903147697,20260226,True,0.13381995133819946,-0.018248175182481785
20260225,605196.SH,华通线缆,电气设备,breakout_strong,6,9.98,1.4991259279486822,0.9979591836734698,0.2524354087251165,20260226,True,0.1304347826086958,-0.026003744539213614
20260225,600507.SH,方大特钢,特种钢,trend_high_like,5,4.08,1.532369197454328,0.5652173913043474,0.11360239162929756,20260226,True,0.11969696969696964,-0.003030303030302939
20260225,002378.SZ,章源钨业,小金属,trend_high_like,5,10.0,0.8525374110786524,1.0,0.4549382716049382,20260226,True,0.2995780590717301,-0.012095639943741188
20260225,603209.SH,兴通股份,水运,trend_high_like,4,1.45,2.344400478153451,0.45161290322580755,0.05744286596664617,20260226,True,0.11851851851851869,-0.03024691358024678
20260225,001286.SZ,陕西能源,火力发电,trend_high_like,4,0.5,1.2279960633580906,0.33333333333333726,0.05888125613346415,20260226,True,0.11023622047244097,-0.0009842519685039353
20260225,002756.SZ,永兴材料,小金属,trend_high_like,4,3.43,1.0388837820665413,0.6581920903954805,0.21074451546035589,20260226,True,0.1564171122994653,-0.03074866310160429
20260225,600295.SH,鄂尔多斯,特种钢,trend_high_like,3,2.06,0.9212308784450464,0.5048543689320378,0.12278558338423955,20260226,True,0.10458715596330248,-0.012232415902140858
20260225,002353.SZ,杰瑞股份,化工机械,trend_high_like,3,0.96,0.5615890084015822,0.8709677419354864,0.23108614232209732,20260226,True,0.2487031700288187,-0.016426512968299667
20260224,605289.SH,罗曼股份,建筑工程,breakout_strong,6,10.0,1.8067833679235787,1.0,0.27761724827739503,20260225,True,0.3306065442936952,-0.008379888268156277
20260224,603306.SH,华懋科技,汽车配件,breakout_strong,6,9.67,1.7352263523381533,0.968824940047961,0.19912312751187425,20260225,True,0.11243155073983457,-0.013165559827566065
20260224,002457.SZ,青龙管业,塑料,breakout_strong,6,10.04,1.7127638984191653,1.0,0.14436885865457294,20260225,True,0.10183150183150169,-0.02564102564102566
20260224,600152.SH,维科技术,电气设备,breakout_strong,6,6.2,1.4849544558251146,0.8148148148148154,0.11884753901560627,20260225,True,0.14183551847437426,-0.00476758045292025
20260224,600470.SH,六国化工,农药化肥,breakout_strong,6,10.03,1.439521939493319,1.0,0.14121037463976951,20260225,True,0.1610284167794318,0.0
20260224,603588.SH,高能环境,环境保护,breakout_strong,6,9.0,1.3838717815330646,0.9111111111111111,0.21061946902654874,20260225,True,0.19043478260869562,-0.01043478260869557
20260224,002795.SZ,永和智控,机械基件,breakout_strong,6,10.06,1.3523972011916,1.0,0.150197628458498,20260225,True,0.13205128205128203,-0.008974358974358942
20260224,603115.SH,海星股份,铝,breakout_strong,6,9.99,1.214611086779011,1.0,0.18858001502629598,20260225,True,0.1257548845470693,-0.0248667850799289
20260224,601919.SH,中远海控,水运,breakout_strong,5,3.63,1.8605751127542645,0.9062500000000021,0.03812117086453361,20260225,True,0.14420485175202158,-0.0060646900269542
20260224,000988.SZ,华工科技,专用机械,breakout_strong,5,10.0,1.7054133131615115,1.0,0.11472623527983491,20260225,True,0.17619603267211192,-0.018436406067677935
20260224,603871.SH,嘉友国际,仓储物流,trend_high_like,5,6.93,1.580359585101989,0.8135593220338992,0.11451942740286297,20260225,True,0.10891763104152474,-0.004084411164057111
20260224,600510.SH,黑牡丹,全国地产,trend_high_like,5,5.5,1.5714827265772986,0.7183098591549284,0.09183673469387758,20260225,True,0.10429447852760743,-0.04396728016359919
20260224,601208.SH,东材科技,化工原料,trend_high_like,5,4.0,1.3728781565584884,0.27826086956521756,0.16108291032148905,20260225,True,0.2648180242634315,0.0
20260224,002348.SZ,高乐股份,文教休闲,trend_high_like,5,4.72,1.1861148363370109,0.6923076923076917,0.13757396449704137,20260225,True,0.22383720930232553,-0.008720930232558044
20260224,600869.SH,远东股份,电气设备,trend_high_like,5,9.16,1.1545188583814563,0.9009009009009014,0.2772133526850507,20260225,True,0.12255257432922417,-0.03553299492385775
20260224,600172.SH,黄河旋风,矿物制品,trend_high_like,5,9.98,0.9642720273683731,1.0,0.32905484247374567,20260225,True,0.14590347923681257,-0.01683501683501687
20260224,603727.SH,博迈科,石油开采,trend_high_like,5,9.98,0.9028630603951254,1.0,0.1538461538461539,20260225,True,0.23386183465458665,-0.014156285390713452
20260224,600110.SH,诺德股份,电气设备,trend_high_like,4,6.6,3.167530912546693,0.6065573770491802,0.14361001317523056,20260225,True,0.14564369310793235,-0.007802340702210753
20260224,603067.SH,振华股份,化工原料,trend_high_like,3,7.67,1.1050348045651315,0.8810572687224685,0.1677239279370718,20260225,True,0.19109947643979042,-0.01387434554973821
20260213,600397.SH,江钨装备,专用机械,breakout_strong,6,8.25,2.91734741068873,0.780701754385965,0.3570929419986025,20260224,True,0.39678615574783693,-0.006180469715698522
20260213,603738.SH,泰晶科技,元器件,breakout_strong,6,3.49,2.276548387819801,0.7528089887640463,0.07828134196586217,20260224,True,0.33481894150417846,-0.024512534818941334
20260213,603373.SH,安邦护卫,仓储物流,breakout_like,5,2.73,3.9252598605953852,0.3409090909090905,0.07111650485436892,20260224,True,0.11199625117150891,-0.00046860356138711534
20260213,002008.SZ,大族激光,专用机械,breakout_strong,5,2.62,1.4878913038816308,0.8186157517899765,0.17129026252094587,20260224,True,0.3864425360862416,-0.0036543029417137607
20260213,002297.SZ,博云新材,航空,trend_high_like,5,4.44,1.3245559022611393,0.8400000000000011,0.1587537091988131,20260224,True,0.11737804878048785,-0.008384146341463339
20260213,002498.SZ,汉缆股份,电气设备,trend_high_like,5,10.08,1.060943010764274,1.0,0.36906584992343033,20260224,True,0.2380281690140844,-0.00422535211267594
20260213,001203.SZ,大中矿业,普钢,trend_high_like,4,4.05,0.9488942130579465,0.7191489361702114,0.2307032590051457,20260224,True,0.2343661971830986,-0.006197183098591519
20260213,000688.SZ,国城矿业,铅锌,trend_high_like,3,2.83,0.9944311417827875,0.6868686868686882,0.25651241189089796,20260224,True,0.14526823387582888,-0.018083182640144746
20260212,603088.SH,宁波精达,机床制造,breakout_strong,6,10.0,2.247370675523191,1.0,0.12459283387622146,20260213,True,0.11234177215189867,-0.020569620253164556
20260212,600960.SH,渤海汽车,汽车配件,breakout_strong,5,10.1,3.841170914189755,1.0,0.10357142857142859,20260213,True,0.1210526315789473,-0.01754385964912286
20260212,603155.SH,新亚强,化工原料,breakout_strong,5,9.09,3.5255435782172615,0.9191919191919191,0.1123052122514777,20260213,True,0.2243093922651933,-0.014917127071823355
20260211,600080.SH,金花股份,中成药,breakout_like,6,4.01,3.6527088540521095,0.4383561643835618,0.061274509803921566,20260212,True,0.10814094775212624,-0.015795868772782606
20260211,002448.SZ,中原内配,汽车配件,trend_high_like,5,4.58,1.3855682703397794,0.5299999999999994,0.15400134498991253,20260212,True,0.14854111405835546,-0.0006631299734748408
20260211,600522.SH,中天科技,通信设备,breakout_like,5,1.93,1.2228220438882105,0.5021834061135367,0.2768039135752141,20260212,True,0.10271782573940857,-0.033573141486810565
20260211,600966.SH,博汇纸业,造纸,trend_high_like,5,4.99,1.1671941387141098,0.8599999999999994,0.17183462532299743,20260212,True,0.1197007481296759,-0.006234413965087282
20260211,002080.SZ,中材科技,玻璃,trend_high_like,5,10.0,0.5236368393546251,1.0,0.20655080213903748,20260212,True,0.12071129707112971,-0.023012552301255096
20260211,600685.SH,中船防务,船舶,trend_high_like,4,1.73,1.5697682004102316,0.5141700404858286,0.12040229885057466,20260212,True,0.1230769230769233,-0.010946745562130156
20260210,605589.SH,圣泉集团,化工原料,breakout_strong,6,6.11,2.216064550759365,0.7038461538461528,0.08548644338118021,20260211,True,0.11019108280254786,-0.0031847133757960666
20260210,605318.SH,法狮龙,其他建材,breakout_like,6,5.09,1.5537364379541692,0.5920826161790012,0.15423753452536715,20260211,True,0.13992590481618694,-0.035765175263607896
20260210,002859.SZ,洁美科技,元器件,breakout_strong,6,6.5,1.306082783010782,0.923875432525952,0.26629889669007023,20260211,True,0.14643304130162682,-0.013767209011264159
20260210,603950.SH,长源东谷,汽车配件,breakout_strong,6,3.96,1.2459183445147235,0.8258706467661683,0.15196223074653295,20260211,True,0.19335260115606934,-0.007514450867051936
20260210,002655.SZ,共达电声,元器件,breakout_strong,5,10.0,4.085817446437532,1.0,0.09084249084249085,20260211,True,0.17113850616388682,-0.006526468455402501
20260210,600673.SH,东阳光,综合类,trend_high_like,4,5.52,1.1672883600944863,0.6281407035175902,0.20903614457831327,20260211,True,0.24640287769784175,-0.024280575539568416
20260210,605007.SH,五洲特纸,造纸,trend_high_like,3,2.24,0.8805611193742229,0.8095238095238104,0.10537334263782273,20260211,True,0.2263345195729538,-0.002135231316726105
20260210,601233.SH,桐昆股份,化纤,trend_high_like,3,2.07,0.8643728479622093,0.889908256880733,0.23152709359605905,20260211,True,0.13219424460431672,-0.010341726618704916
20260209,000779.SZ,甘咨询,建筑工程,breakout_strong,6,3.37,2.7919819976302835,0.8611111111111089,0.05679287305122492,20260210,True,0.14628820960698685,-0.004366812227074357
20260209,600875.SH,东方电气,电气设备,breakout_strong,6,10.02,1.9140236715007406,1.0,0.13935300391041586,20260210,True,0.19072343371408795,-0.0048459674627898686
20260209,001896.SZ,豫能控股,火力发电,breakout_like,6,3.99,1.463434657474677,0.3921568627450968,0.17593984962406012,20260210,True,0.47499999999999987,-0.0117647058823529
20260209,600487.SH,亨通光电,通信设备,breakout_strong,6,5.42,1.225512538914834,0.8693181818181814,0.3745397159389795,20260210,True,0.1166666666666667,-0.015897435897435863
20260209,001217.SZ,华尔泰,化工原料,breakout_strong,5,10.01,2.0539857498637137,1.0,0.1108711303095753,20260210,True,0.2047756874095512,0.0
20260209,600299.SH,安迪苏,饲料,breakout_strong,5,2.72,1.983599311048978,0.9268292682926845,0.07851239669421485,20260210,True,0.10918367346938762,-0.01734693877551019
20260209,002150.SZ,正泰电源,机械基件,trend_high_like,5,4.04,1.390828757288256,0.4354838709677414,0.2969653179190751,20260210,True,0.11952041963282123,-0.007118771075309116
20260209,603186.SH,华正新材,元器件,trend_high_like,5,9.42,1.2800965672309326,1.0,0.28699242945629744,20260210,True,0.20785714285714274,0.0
20260209,605376.SH,博迁新材,小金属,trend_high_like,5,4.14,1.0321606541312758,0.5193298969072163,0.42309553770206176,20260210,True,0.14323348619377518,-0.004293101766025931
20260209,603058.SH,永吉股份,广告包装,trend_high_like,5,6.4,0.9501251722497541,0.7327586206896564,0.2160133444537114,20260210,True,0.15827922077922074,-0.008928571428571397
20260209,603163.SH,圣晖集成,建筑工程,trend_high_like,4,10.0,0.6520228777606536,1.0,0.3605169340463458,20260210,True,0.19645328719723198,-0.03114186851211065
20260209,000951.SZ,中国重汽,汽车整车,trend_high_like,3,2.93,0.9663866755843001,0.5769230769230778,0.17564870259481036,20260210,True,0.11850000000000005,-0.012499999999999956
20260209,600292.SH,电投水电,水力发电,trend_high_like,3,1.84,0.9296230951768749,0.8928571428571392,0.06666666666666664,20260210,True,0.20231213872832376,-0.007225433526011571
20260209,002360.SZ,同德化工,化工原料,trend_high_like,3,0.75,0.8636602852225994,0.3000000000000009,0.10661764705882354,20260210,True,0.10905730129390023,-0.011090573012939142
20260206,002412.SZ,汉森制药,中成药,breakout_strong,6,10.0,6.252835852289288,1.0,0.07949790794979084,20260209,True,0.10967741935483866,-0.04645161290322586
20260206,601231.SH,环旭电子,元器件,breakout_strong,6,7.83,1.4666204366011255,0.7777777777777776,0.23879766212079037,20260209,True,0.12633832976445403,-0.025695931477516032
20260206,002812.SZ,恩捷股份,电气设备,breakout_strong,5,10.0,1.694882288175492,1.0,0.16334382651276663,20260209,True,0.11016949152542366,-0.04067796610169494
20260206,603301.SH,振德医疗,医疗保健,breakout_strong,5,4.86,1.6207855594458789,0.8958333333333325,0.08731034482758618,20260209,True,0.267605633802817,-0.0004024144869215762
20260206,002440.SZ,闰土股份,染料涂料,trend_high_like,5,9.99,0.9845632184426955,1.0,0.42290076335877863,20260209,True,0.1353711790393013,0.0
20260206,603188.SH,亚邦股份,染料涂料,trend_high_like,4,2.1,1.3561789738696397,0.9230769230769215,0.18000000000000005,20260209,True,0.1558441558441559,0.0
20260205,603618.SH,杭电股份,电气设备,breakout_like,6,3.66,4.205280351742724,0.5801104972375692,0.34193011647254573,20260206,True,0.2945425361155696,-0.027287319422151013
20260205,002634.SZ,棒杰股份,服饰,trend_high_like,3,4.67,1.0759269800320548,0.8571428571428553,0.2148499210110585,20260206,True,0.2188976377952756,0.0
20260204,002957.SZ,科瑞技术,专用机械,breakout_like,6,6.0,3.1571661889040703,0.48969072164948385,0.13536243492190625,20260205,True,0.18338323353293418,-0.043787425149700576
20260204,603042.SH,华脉科技,通信设备,breakout_like,6,5.98,3.138730856402699,0.5443037974683534,0.14621131270010665,20260205,True,0.10108695652173938,-0.008152173913043348
20260204,002126.SZ,银轮股份,汽车配件,breakout_strong,6,10.01,2.170383509114137,1.0,0.16302046577275936,20260205,True,0.1022935779816514,-0.038302752293578046
20260204,600814.SH,杭州解百,百货,breakout_strong,6,10.0,2.0095732399729047,1.0,0.09681093394077446,20260205,True,0.22052401746724892,-0.01091703056768556
20260204,603922.SH,金鸿顺,汽车配件,breakout_strong,5,7.43,2.1869139043885872,0.864197530864198,0.11309220580743755,20260205,True,0.10939830929885619,-0.009448035803082955
20260204,603999.SH,读者传媒,出版业,trend_high_like,4,1.15,1.3040047114675124,0.45945945945945915,0.10984848484848486,20260205,True,0.13682864450127874,-0.007672634271099765
20260204,603317.SH,天味食品,食品,trend_high_like,3,0.37,0.9739317126317067,0.7619047619047595,0.0967976710334789,20260205,True,0.1028106508875739,-0.004437869822485063
20260204,603960.SH,克来机电,汽车配件,trend_high_like,3,0.46,0.7137729761671557,0.3999999999999974,0.10240144993203451,20260205,True,0.13590909090909076,-0.011363636363636354
20260203,000533.SZ,顺钠股份,电气设备,breakout_strong,6,9.98,1.3099796456462829,1.0,0.17321248741188308,20260204,True,0.11308411214953273,-0.03364485981308407
20260203,000039.SZ,中集集团,运输设备,breakout_strong,5,9.97,2.0556095458614423,1.0,0.11673151750972756,20260204,True,0.11374407582938373,-0.004739336492891044
20260203,600330.SH,天通股份,专用机械,trend_high_like,5,10.0,0.5409208646145408,1.0,0.24256756756756753,20260204,True,0.1878980891719746,-0.0286624203821656
20260203,605088.SH,冠盛股份,汽车配件,trend_high_like,4,2.64,1.2335318693487038,0.9909909909909927,0.08839634941329857,20260204,True,0.14698162729658804,-0.012335958005249337
20260203,600841.SH,动力新科,汽车配件,trend_high_like,4,7.06,0.8970338128527262,0.9615384615384623,0.36544502617801056,20260204,True,0.1851063829787234,-0.04574468085106376
20260203,003003.SZ,天元股份,广告包装,trend_high_like,3,1.83,0.863143290428565,0.8928571428571449,0.08291636883488207,20260204,True,0.10344827586206895,-0.005747126436781658
20260202,603126.SH,中材节能,环境保护,breakout_strong,6,5.03,3.4678515552521882,0.7666666666666659,0.10146862483311078,20260203,True,0.13341968911917101,-0.007772020725388518
20260202,603059.SH,倍加洁,日用化工,trend_high_like,5,3.78,2.496576043767827,0.6878980891719756,0.2311441765007696,20260203,True,0.11131013306038895,-0.0025588536335722223
20260130,002531.SZ,天顺风能,电气设备,breakout_strong,6,4.93,3.2321552531804407,0.845070422535211,0.11624834874504622,20260202,True,0.15842839036755407,-0.0038022813688212143
20260130,002905.SZ,金逸影视,影视音像,breakout_like,6,5.1,2.839834223479028,0.6293706293706297,0.09044801352493663,20260202,True,0.12106537530266337,-0.039548022598870025
20260130,600084.SH,中信尼雅,红黄酒,breakout_strong,6,9.97,2.3147205510004403,1.0,0.21903323262839883,20260202,True,0.15751445086705207,-0.021676300578034713
20260130,603808.SH,歌力思,服饰,trend_high_like,5,4.33,2.161341689532721,0.8115942028985494,0.21542803386641587,20260202,True,0.10850439882697938,0.0
20260129,601599.SH,浙文影业,纺织,breakout_like,6,5.31,3.605492566927104,0.6122448979591849,0.11926605504587166,20260130,True,0.12643678160919558,-0.016091954022988353
20260129,002970.SZ,锐明技术,IT设备,breakout_strong,6,10.01,2.2423898862961744,1.0,0.20059930081571495,20260130,True,0.2220566318926973,-0.015068719986752854
20260129,603919.SH,金徽酒,白酒,breakout_strong,5,10.01,3.431803170531704,1.0,0.09167842031029616,20260130,True,0.1653261840929401,-0.043342269883824835
20260129,600768.SH,宁波富邦,铝,trend_high_like,4,1.13,2.2566785917652092,0.5471698113207554,0.21794871794871795,20260130,True,0.16195063214930783,-0.011438892233594067
20260129,000672.SZ,上峰水泥,水泥,trend_high_like,3,0.36,0.8833123722440949,0.4218750000000001,0.19341275402943237,20260130,True,0.11360347322720687,-0.02315484804630974
20260128,000815.SZ,美利云,通信设备,breakout_strong,6,10.02,2.306081329662607,1.0,0.1548974943052391,20260129,True,0.13432835820895517,-0.018656716417910446
20260128,002995.SZ,天地在线,互联网,breakout_like,6,3.3,2.2874349387403172,0.3148148148148141,0.415067004708439,20260129,True,0.25682878081279137,-0.028647568287808123
20260128,000995.SZ,皇台酒业,白酒,trend_high_like,5,4.86,2.2421115625572625,0.6915887850467289,0.06221547799696512,20260129,True,0.6370656370656371,-0.008494208494208455
20260128,603162.SH,海通发展,水运,breakout_like,5,4.82,1.769607291178427,0.6562500000000011,0.08739365815931933,20260129,True,0.21235521235521237,-0.00617760617760621
20260127,603396.SH,金辰股份,专用机械,breakout_strong,6,10.01,2.533819313824937,1.0,0.279100529100529,20260128,True,0.10624734381640466,-0.042498937526561864
20260127,603279.SH,景津装备,环境保护,breakout_strong,6,5.5,2.2196860842616104,0.7218045112781951,0.11797752808988772,20260128,True,0.1540570175438598,-0.00383771929824539
20260127,603685.SH,晨丰科技,电气设备,breakout_strong,6,4.39,1.7772456507775904,0.7165354330708665,0.12254901960784315,20260128,True,0.17186726102030692,0.0
20260127,002948.SZ,青岛银行,银行,breakout_strong,4,2.22,1.6762452291477505,0.7692307692307739,0.08315098468271331,20260128,True,0.18082788671023975,-0.008714596949891074
20260126,603578.SH,三星新材,家用电器,breakout_strong,6,9.99,5.10627600608448,1.0,0.14150943396226412,20260127,True,0.19305277221108885,-0.011356045424181671
20260126,002575.SZ,群兴玩具,文教休闲,breakout_strong,6,9.97,2.7105519012825865,1.0,0.10997067448680352,20260127,True,0.13793103448275867,-0.04022988505747127
20260126,002734.SZ,利民股份,农药化肥,breakout_strong,6,6.17,2.478772440873494,0.8275862068965524,0.1501614639397201,20260127,True,0.16756756756756763,-0.013513513513513487
20260126,603895.SH,天永智能,专用机械,breakout_strong,6,10.01,1.6886761959030718,1.0,0.14099378881987584,20260127,True,0.12033195020746867,-0.01126259632483706
20260126,002385.SZ,大北农,饲料,breakout_strong,5,2.7,2.776848342086357,0.9230769230769247,0.0315533980582524,20260127,True,0.13064133016627077,-0.028503562945368155
20260126,000911.SZ,广农糖业,食品,breakout_strong,5,1.97,2.3173941300741,0.714285714285715,0.05859374999999991,20260127,True,0.14044213263979177,-0.04681404421326407
20260126,002842.SZ,翔鹭钨业,小金属,trend_high_like,5,10.01,0.8128269097761083,1.0,0.42132416165090286,20260127,True,0.25121951219512195,-0.0012195121951219523
20260126,600172.SH,黄河旋风,矿物制品,trend_high_like,4,0.31,1.7758194895074875,0.2894736842105249,0.16,20260127,True,0.19939117199391165,-0.0365296803652968
20260123,600959.SH,江苏有线,影视音像,breakout_strong,6,10.0,3.4566852638438,1.0,0.14467005076142128,20260126,True,0.16995073891625623,-0.029556650246305383
20260123,000301.SZ,东方盛虹,化纤,breakout_strong,6,6.43,2.3319618427932416,0.8260869565217401,0.11304347826086962,20260126,True,0.10107705053852523,-0.0057995028997515075
20260123,600078.SH,澄星股份,化工原料,breakout_strong,6,8.07,2.21965207551534,0.8135593220338977,0.20857863751051306,20260126,True,0.15305313243457563,-0.03330689928628072
20260123,600452.SH,涪陵电力,水力发电,breakout_strong,6,6.63,2.0902845448667327,0.8656716417910449,0.15018315018315023,20260126,True,0.1400709219858156,-0.021276595744680882
20260123,601702.SH,华峰铝业,铝,breakout_strong,6,10.0,1.9973513459217918,1.0,0.10051425899953259,20260126,True,0.20042826552462523,-0.04967880085653109
20260123,600522.SH,中天科技,通信设备,breakout_like,6,4.82,1.7066913602453098,0.5384615384615377,0.10040567951318462,20260126,True,0.14228255404725987,-0.0005027652086476708
20260123,600961.SH,株冶集团,铅锌,breakout_strong,6,8.43,1.4580117607671534,0.8692810457516342,0.24358353510895883,20260126,True,0.20526315789473681,-0.030701754385964897
20260123,000737.SZ,北方铜业,铜,breakout_strong,6,3.31,1.2787073835236782,0.8630136986301351,0.12363636363636359,20260126,True,0.25,-0.027906976744186074
20260123,600219.SH,南山铝业,铝,trend_high_like,5,4.47,1.1318820614993053,0.7346938775510208,0.2589820359281437,20260126,True,0.2264150943396226,0.0
20260123,601298.SH,青岛港,港口,breakout_strong,4,2.24,2.067392064476484,0.9565217391304355,0.03733955659276549,20260126,True,0.10804597701149432,-0.008045977011494121
20260123,600722.SH,金牛化工,化工原料,trend_high_like,4,2.17,1.5614603183109679,0.5405405405405409,0.19505494505494503,20260126,True,0.30952380952380953,-0.008403361344537785
20260123,605337.SH,李子园,乳制品,breakout_strong,4,1.62,1.517335836477141,0.8571428571428557,0.06374501992031878,20260126,True,0.17768924302788824,-0.007968127490039945
20260123,002170.SZ,芭田股份,农药化肥,trend_high_like,4,1.14,1.302642211921991,0.75,0.1075996990218209,20260126,True,0.10404191616766467,-0.008233532934131649
20260123,000878.SZ,云南铜业,铜,trend_high_like,4,5.62,1.0087994945035546,0.7743902439024407,0.2521920668058455,20260126,True,0.20927369716864996,-0.022979072630283204
20260123,002319.SZ,乐通股份,染料涂料,trend_high_like,3,0.67,0.9130072688868058,0.6842105263157922,0.1726408193123628,20260126,True,0.11047754811119037,-0.023521026372059883
20260122,001288.SZ,运机集团,专用机械,breakout_strong,5,10.0,2.264138173592123,1.0,0.1354197133664814,20260123,True,0.1579096045197741,-0.0485875706214689
20260122,002043.SZ,兔宝宝,其他建材,breakout_strong,5,5.72,1.6304258726110867,0.7999999999999994,0.11593220338983057,20260123,True,0.13898305084745766,-0.014915254237288234
20260122,000831.SZ,中国稀土,小金属,breakout_like,5,1.67,1.309709318298099,0.6696428571428565,0.18071415624433565,20260123,True,0.10808388600107555,-0.048216526259186154
20260122,002183.SZ,怡亚通,仓储物流,trend_high_like,5,10.02,1.0768293916533782,1.0,0.13084112149532698,20260123,True,0.1079646017699114,-0.019469026548672663
20260122,002853.SZ,皮阿诺,家居用品,trend_high_like,5,7.71,0.9846068198190183,0.7999999999999997,0.187883749488334,20260123,True,0.17029862792574657,-0.02058111380145289
20260122,600759.SH,洲际油气,石油开采,trend_high_like,5,10.1,0.7869871800950505,1.0,0.2912371134020618,20260123,True,0.33255269320843106,-0.016393442622950727
20260122,002658.SZ,雪迪龙,环境保护,trend_high_like,4,2.74,1.166801663480303,0.6136363636363633,0.12295081967213108,20260123,True,0.10607621009268797,-0.029866117404737436
20260122,000159.SZ,国际实业,石油贸易,trend_high_like,4,3.51,1.0703636262291731,0.9615384615384623,0.20684736091298148,20260123,True,0.11887072808320953,-0.010401188707280906
20260122,002318.SZ,久立特材,特种钢,trend_high_like,4,1.81,0.9225422145596339,0.3243243243243253,0.16431039899465905,20260123,True,0.11534854642075643,-0.018755861206626978
20260122,601118.SH,海南橡胶,橡胶,trend_high_like,3,1.82,0.908487255834724,0.6666666666666666,0.13488372093023257,20260123,True,0.23270440251572322,0.0
20260122,600313.SH,农发种业,种植业,trend_high_like,3,1.35,0.9006261567777201,1.0,0.060294117647058845,20260123,True,0.2213967310549778,-0.0014858841010402246
20260122,600392.SH,盛和资源,小金属,trend_high_like,3,0.95,0.8604164035592919,0.7464788732394361,0.15052461662631156,20260123,True,0.22222222222222232,-0.004884004884004978
20260121,002809.SZ,红墙股份,化工原料,breakout_strong,6,10.0,4.824646364456421,1.0,0.13553719008264453,20260122,True,0.16733386709367482,0.0
20260121,600791.SH,京能置业,全国地产,breakout_strong,6,6.11,1.8631599298404786,0.7083333333333337,0.11695906432748532,20260122,True,0.25794392523364507,-0.00747663551401867
20260121,600391.SH,航发科技,航空,breakout_like,6,4.95,1.6455833519991583,0.5975395430579965,0.3337579617834395,20260122,True,0.1540523819344195,-0.016292018972984157
20260121,600938.SH,中国海油,石油开采,breakout_strong,6,3.1,1.2353639677662944,0.9687499999999989,0.10151116951379763,20260122,True,0.17406807131280377,-0.0012965964343598646
20260121,605089.SH,味知香,食品,breakout_like,5,1.43,4.712131929461413,0.38888888888888895,0.17158977763026878,20260122,True,0.10679933665008279,-0.019568822553897136
20260121,603619.SH,中曼石油,石油开采,trend_high_like,5,5.15,1.4127879426119327,0.6421568627450976,0.18740740740740736,20260122,True,0.2548148148148148,0.0
20260121,603608.SH,天创时尚,服饰,trend_high_like,4,10.05,0.3572295616242908,1.0,0.36363636363636365,20260122,True,0.17244525547445244,-0.023722627737226443
20260121,000951.SZ,中国重汽,汽车整车,trend_high_like,3,1.35,1.201828384953574,0.868421052631578,0.05350978135788261,20260122,True,0.13863109048723898,-0.001160092807424573
20260121,603637.SH,镇海股份,建筑工程,trend_high_like,3,1.28,1.1402679678344634,0.8,0.11936560934891483,20260122,True,0.14730639730639727,-0.005892255892255949
20260121,001316.SZ,润贝航科,批发业,trend_high_like,3,2.34,1.099254738047058,0.4864048338368575,0.23106316026073276,20260122,True,0.22146118721461194,-0.014383561643835474
20260120,002408.SZ,齐翔腾达,化工原料,breakout_strong,6,4.15,2.662235786147065,1.0,0.08431372549019603,20260121,True,0.17431192660550465,-0.012844036697247763
20260120,002156.SZ,通富微电,半导体,breakout_like,6,5.85,2.345498252895132,0.6544401544401546,0.26474820143884886,20260121,True,0.1607843137254903,-0.019607843137254943
20260120,605016.SH,百龙创园,食品,breakout_strong,6,7.1,2.32084910959036,0.907514450867052,0.11386796632698273,20260121,True,0.11787733797303179,-0.02566333188342762
20260120,002998.SZ,优彩资源,化纤,breakout_strong,6,3.17,2.170383649650554,0.6818181818181842,0.06900878293601002,20260121,True,0.115151515151515,-0.026666666666666727
20260120,600352.SH,浙江龙盛,染料涂料,breakout_strong,6,3.22,2.0175603477410005,1.0,0.08770421324161662,20260121,True,0.14599156118143464,-0.006751054852320637
20260120,601339.SH,百隆东方,纺织,breakout_strong,6,4.21,1.450690152407519,0.9705882352941158,0.14173228346456684,20260121,True,0.10971786833855801,-0.01567398119122254
20260120,603040.SH,新坐标,汽车配件,breakout_strong,6,3.68,1.4439993847464547,0.7916666666666655,0.18332097064745162,20260121,True,0.3004175365344468,-0.013256784968684765
20260120,002921.SZ,联诚精密,汽车配件,breakout_strong,6,3.65,1.3159130214328192,0.859375,0.31964117091595845,20260121,True,0.162424803331791,-0.006015733456732897
20260120,603737.SH,三棵树,染料涂料,breakout_strong,5,10.0,3.308318235833661,1.0,0.12661122661122667,20260121,True,0.10452035181018604,-0.02822663121292701
20260120,601609.SH,金田股份,铜,trend_high_like,4,1.88,1.980527738379236,0.9344262295081981,0.10218340611353711,20260121,True,0.133216476774759,0.0
20260120,002397.SZ,梦洁股份,纺织,trend_high_like,4,4.94,1.8363689918487949,0.8888888888888882,0.12471655328798191,20260121,True,0.18352941176470594,-0.007058823529411784
20260120,000612.SZ,焦作万方,铝,trend_high_like,3,2.6,1.1393046016235657,0.7948717948717949,0.2807407407407407,20260121,True,0.1269604182225541,-0.028379387602688655
20260120,002662.SZ,峰璟股份,汽车配件,trend_high_like,3,0.73,0.9778077718403768,0.6666666666666716,0.08591885441527453,20260121,True,0.10218978102189769,-0.0048661800486619056
20260119,002617.SZ,露笑科技,电气设备,breakout_like,6,7.16,3.9823560159866864,0.5370370370370363,0.13295454545454555,20260120,True,0.10022026431718056,-0.01651982378854633
20260119,600955.SH,维远股份,化工原料,breakout_strong,6,8.52,3.35916936239628,0.8828828828828821,0.20076169749727962,20260120,True,0.18343195266272194,-0.0005379236148467248
20260119,601700.SH,风范股份,电气设备,breakout_strong,6,9.97,2.6985627702800157,1.0,0.1896551724137931,20260120,True,0.15434083601286175,0.0
20260119,603001.SH,奥康国际,服饰,breakout_strong,6,10.06,2.5654897480866286,1.0,0.09297297297297291,20260120,True,0.10848549946294295,-0.029001074113856218
20260119,002993.SZ,奥海科技,元器件,breakout_strong,6,3.66,2.06241856131729,0.7736625514403304,0.12241918665276338,20260120,True,0.14922600619195037,-0.02559339525283799
20260119,603980.SH,吉华集团,染料涂料,breakout_strong,6,3.45,1.8510356465963076,0.8399999999999999,0.07835820895522386,20260120,True,0.12777777777777777,-0.011111111111111183
20260119,002440.SZ,闰土股份,染料涂料,breakout_strong,6,3.08,1.767256777458232,0.9687500000000006,0.07402760351317439,20260120,True,0.24064837905236902,-0.004987531172069737
20260119,600487.SH,亨通光电,通信设备,breakout_like,6,5.66,1.4984947954134569,0.1382113821138196,0.19608567208271785,20260120,True,0.1405109489051095,-0.029927007299270114
20260119,603186.SH,华正新材,元器件,breakout_strong,6,10.0,1.4858504076341912,1.0,0.3046132971506106,20260120,True,0.11614687355968667,-0.0185896451067753
20260119,000830.SZ,鲁西化工,化工原料,breakout_strong,6,6.08,1.3591837925388794,0.8414634146341454,0.17311946902654862,20260120,True,0.12050163576881134,-0.0005452562704472141
20260119,002780.SZ,三夫户外,服饰,breakout_strong,6,4.43,1.3200883372150651,1.0,0.07176079734219269,20260120,True,0.10948905109489049,-0.016589250165892522
20260119,002196.SZ,方正电机,纺织机械,trend_high_like,5,5.09,1.9348611672792868,0.4067796610169496,0.30650887573964486,20260120,True,0.20024494794856107,-0.009185548071034777
20260119,001319.SZ,铭科精技,汽车配件,breakout_like,5,1.17,1.8821186653282185,0.3711340206185552,0.1252204585537919,20260120,True,0.11263157894736842,-0.0031578947368421373
20260119,603379.SH,三美股份,化工原料,trend_high_like,5,5.2,1.8551131906366536,0.8575268817204317,0.08646800195407907,20260120,True,0.12750484809308338,-0.0339366515837104
20260119,600158.SH,中体产业,文教休闲,trend_high_like,5,3.28,1.7084150183712419,0.8799999999999955,0.0748373101952279,20260120,True,0.10219780219780228,-0.006593406593406681
20260119,600021.SH,上海电力,火力发电,trend_high_like,5,3.01,1.3912444084605224,0.6126126126126127,0.16093474426807755,20260120,True,0.13211845102505704,-0.018223234624145768
20260119,002283.SZ,天润工业,汽车配件,breakout_strong,5,1.75,1.3433380844814904,1.0,0.07511737089201871,20260120,True,0.17289719626168232,-0.006230529595015577
20260119,002493.SZ,荣盛石化,化纤,trend_high_like,5,4.9,1.3319521788846065,0.9861111111111114,0.23970944309927364,20260120,True,0.15947925142392205,-0.01301871440195268
20260119,603949.SH,雪龙集团,汽车配件,trend_high_like,4,0.09,2.7378470045748653,0.6384615384615395,0.17490842490842493,20260120,True,0.12093023255813962,-0.0032558139534883956
20260119,002259.SZ,升达林业,供气供热,trend_high_like,4,1.46,1.771234986726072,0.5999999999999976,0.12910798122065725,20260120,True,0.25235849056603765,-0.030660377358490587
20260119,605111.SH,新洁能,半导体,trend_high_like,4,0.8,1.376032033563962,0.08219178082191154,0.1286735504368548,20260120,True,0.20932697403285627,-0.0045045045045045695
20260119,000534.SZ,万泽股份,生物制药,trend_high_like,4,10.02,1.1736771321355168,1.0,0.17038539553752532,20260120,True,0.17658730158730163,-0.0353174603174603
20260119,600988.SH,赤峰黄金,黄金,trend_high_like,4,3.34,1.154067045348318,0.9793814432989731,0.11970802919708033,20260120,True,0.27920910724985015,-0.03954463750748949
20260119,002487.SZ,大金重工,电气设备,trend_high_like,3,2.81,1.1373545472970898,0.8671328671328662,0.12598566308243717,20260120,True,0.11408800567778576,-0.004613200851667831
20260119,000758.SZ,中色股份,铅锌,trend_high_like,3,0.85,1.1237386908667961,0.7187499999999979,0.1901504787961696,20260120,True,0.2447552447552448,-0.03356643356643363
20260116,603283.SH,赛腾股份,专用机械,breakout_strong,6,10.01,2.47699929530394,1.0,0.15615804960067256,20260119,True,0.13117647058823523,0.0
20260116,002326.SZ,永太科技,化工原料,breakout_strong,6,3.77,1.233356639024702,0.7150537634408595,0.2062615101289134,20260119,True,0.10735080058224167,-0.03566229985443958
20260116,000751.SZ,锌业股份,铅锌,breakout_like,5,2.28,4.116055724071235,0.26000000000000156,0.24223602484472048,20260119,True,0.2067510548523206,-0.0042194092827004814
20260116,002636.SZ,金安国纪,元器件,breakout_like,5,2.66,2.5032766354846996,0.6046511627906975,0.17239467849223944,20260119,True,0.35179324894514763,0.0
20260116,002824.SZ,和胜股份,铝,trend_high_like,5,6.69,2.1331317464734796,0.8866666666666679,0.18916349809885935,20260119,True,0.2059553349875931,-0.006947890818858382
20260116,002434.SZ,万里扬,汽车配件,trend_high_like,5,4.03,1.9989758535004685,0.8409090909090942,0.12182741116751263,20260119,True,0.1377551020408163,-0.020408163265306256
20260116,603626.SH,科森科技,元器件,trend_high_like,5,10.01,0.5304991079437587,1.0,0.3893518518518519,20260119,True,0.14751899865891827,-0.02548055431381313
20260115,603320.SH,迪贝电气,电气设备,breakout_strong,6,10.01,5.587376226139803,1.0,0.09474232170744405,20260116,True,0.11222540592168095,-0.03008595988538698
20260115,002119.SZ,康强电子,半导体,breakout_strong,6,10.03,2.4293078983863383,1.0,0.20976863753213368,20260116,True,0.22904761904761894,-0.023809523809523836
20260115,000021.SZ,深科技,元器件,breakout_strong,6,4.46,1.7495182619137333,0.8413461538461545,0.1891699323120769,20260116,True,0.17152777777777772,-0.027430555555555514
20260115,600176.SH,中国巨石,玻璃,breakout_strong,6,4.38,1.3163181100629553,0.8144329896907188,0.17951541850220262,20260116,True,0.17602179836512244,0.0
20260115,002782.SZ,可立克,元器件,trend_high_like,5,3.07,1.547090394635168,0.834951456310681,0.15154536390827514,20260116,True,0.1410192973775357,-0.013854527461652721
20260115,600667.SH,太极实业,半导体,trend_high_like,5,3.86,1.438301648469676,0.9761904761904767,0.1806020066889633,20260116,True,0.1701149425287356,-0.0034482758620688614
20260115,603360.SH,百傲化学,农药化肥,trend_high_like,4,10.01,2.5407600866282785,1.0,0.12823600240818778,20260116,True,0.16358208955223863,-0.035522388059701426
20260115,600189.SH,泉阳泉,软饮料,trend_high_like,4,0.95,1.4142179822768033,0.240000000000002,0.081989247311828,20260116,True,0.12719891745602174,-0.009472259810554773
20260115,002026.SZ,山东威达,机械基件,trend_high_like,4,0.99,1.3331006991987824,0.7101449275362327,0.13506493506493505,20260116,True,0.12206266318537873,-0.004569190600522188
20260115,001221.SZ,悍高集团,家居用品,trend_high_like,4,0.71,1.2497392258797264,0.37333333333333485,0.09193366607631623,20260116,True,0.15327257663628813,-0.018061309030654615
20260115,002008.SZ,大族激光,专用机械,trend_high_like,4,4.15,1.1539075180902505,0.8645418326693216,0.23753728163613122,20260116,True,0.1697777777777778,-0.010888888888888948
20260115,603239.SH,浙江仙通,汽车配件,trend_high_like,3,1.4,0.8202192448869547,0.6266666666666652,0.13777777777777783,20260116,True,0.2111517367458866,-0.013254113345520957
20260114,605118.SH,力鼎光电,元器件,breakout_strong,6,10.01,4.007957971980506,1.0,0.18253047011027276,20260115,True,0.13802816901408455,-0.030985915492957816
20260114,002637.SZ,赞宇科技,日用化工,breakout_strong,6,4.94,3.4810704836777933,0.7051282051282051,0.057601510859301173,20260115,True,0.17608897126969425,-0.01575532900834109
20260114,603988.SH,中电电机,电气设备,breakout_strong,6,10.0,3.42182754238567,1.0,0.09083940206975857,20260115,True,0.13012729844413018,-0.01980198019801993
20260114,002426.SZ,胜利精密,元器件,breakout_like,6,4.43,2.011361135819219,0.4411764705882346,0.19395465994962216,20260115,True,0.1460957178841309,0.0
20260114,002643.SZ,万润股份,化工原料,breakout_strong,6,5.04,1.5049505635443559,0.6915887850467273,0.14468864468864465,20260115,True,0.11850060459492151,-0.006045949214026458
20260114,002716.SZ,湖南白银,小金属,breakout_strong,6,9.98,1.3931005141052866,1.0,0.351409978308026,20260115,True,0.32555879494655016,-0.03790087463556835
20260114,002427.SZ,尤夫股份,化纤,breakout_strong,6,10.06,1.3093669447185499,1.0,0.15134370579915138,20260115,True,0.12364130434782594,-0.04076086956521752
20260114,002922.SZ,伊戈尔,电气设备,trend_high_like,4,0.79,1.7650781814468173,0.36827195467422,0.2428534638166366,20260115,True,0.13438320209973753,-0.019160104986876703
20260114,002968.SZ,新大正,房产服务,trend_high_like,4,2.42,1.3041988505139839,0.6382978723404261,0.15050426687354548,20260115,True,0.135975135975136,-0.01476301476301467
20260114,600426.SH,华鲁恒升,农药化肥,trend_high_like,4,1.34,1.2225778493065007,0.8999999999999984,0.19096812278630465,20260115,True,0.14932126696832593,-0.004524886877828038
20260114,600595.SH,中孚实业,铝,trend_high_like,4,0.33,1.2186046133045412,0.4418604651162782,0.20353982300884946,20260115,True,0.13870246085011195,-0.006711409395973034
20260114,600333.SH,长春燃气,供气供热,trend_high_like,3,0.7,1.972098666209275,0.4090909090909089,0.07288135593220349,20260115,True,0.14655172413793105,-0.005172413793103514
20260113,001202.SZ,炬申股份,仓储物流,breakout_strong,6,10.02,6.994883141858565,1.0,0.17543859649122814,20260114,True,0.13269339356295862,-0.0016939582156973998
20260113,600141.SH,兴发集团,农药化肥,breakout_like,6,5.61,1.367038432782092,0.6229508196721313,0.20317040951122856,20260114,True,0.11440457618304722,-0.01950078003120126
20260113,002707.SZ,众信旅游,旅游服务,breakout_like,5,2.88,2.780676346482392,0.14999999999999922,0.08389715832205685,20260114,True,0.17290322580645157,-0.001290322580645098
20260113,002004.SZ,华邦健康,农药化肥,breakout_like,5,1.02,2.4887269127991116,0.5,0.06275303643724706,20260114,True,0.15090543259557343,-0.008048289738430636
20260113,001255.SZ,博菲电气,电气设备,trend_high_like,5,10.0,0.8716628007171352,1.0,0.2688667799077894,20260114,True,0.3578171770665439,-0.009670734515312085
20260113,603861.SH,白云电器,电气设备,trend_high_like,4,2.23,2.0132085849592603,0.6534653465346537,0.18222222222222229,20260114,True,0.21052631578947367,-0.011278195488721776
20260113,600499.SH,科达制造,专用机械,trend_high_like,4,2.92,1.7599861462072872,0.5000000000000012,0.16442953020134235,20260114,True,0.19473684210526332,-0.042763157894736725
20260113,000506.SZ,招金黄金,黄金,trend_high_like,4,2.6,1.4069542307338805,0.5064935064935076,0.1454293628808864,20260114,True,0.21507607192254485,-0.03526970954356856
20260113,605099.SH,共创草坪,文教休闲,trend_high_like,4,1.43,1.3536462931969806,0.3728813559322035,0.13109371053296298,20260114,True,0.18085655314757498,-0.001547987616098978
20260113,605098.SH,行动教育,文教休闲,trend_high_like,4,0.16,1.2926521449007593,0.25517241379310607,0.10273665320771642,20260114,True,0.1121116614137776,-0.010130571814498057
20260113,603355.SH,莱克电气,家用电器,trend_high_like,3,9.99,0.9519847842840989,1.0,0.17178090048752506,20260114,True,0.10197086546700951,-0.019137389317337772
20260112,603630.SH,拉芳家化,日用化工,breakout_strong,6,5.51,2.6314454170444614,0.6999999999999993,0.08461538461538469,20260113,True,0.13388734995383178,-0.018928901200369386
20260112,002574.SZ,明牌珠宝,服饰,breakout_strong,6,10.05,2.359513428528095,1.0,0.10884353741496594,20260113,True,0.2343499197431782,-0.025682182985553803
20260112,605488.SH,福莱新材,塑料,breakout_strong,6,5.98,2.011421601967184,0.850746268656717,0.13530891808778314,20260113,True,0.17508877355913688,-0.03004643540016394
20260112,603067.SH,振华股份,化工原料,breakout_like,6,5.7,1.4800270299138252,0.6236559139784968,0.2535612535612536,20260113,True,0.12140141227593704,-0.03041825095057027
20260112,002203.SZ,海亮股份,铜,breakout_like,5,2.56,3.599539294350306,0.5128205128205137,0.2120996441281139,20260113,True,0.12945205479452038,-0.006164383561643838
20260112,601116.SH,三江购物,超市连锁,breakout_strong,5,10.01,2.18640890226664,1.0,0.1602959309494451,20260113,True,0.26347634763476346,-0.03190319031903177
20260112,600644.SH,乐山电力,水力发电,trend_high_like,5,3.21,1.5052800204638905,1.0,0.09260991580916747,20260113,True,0.13063909774436078,-0.024436090225563922
20260112,603759.SH,海天股份,水务,breakout_strong,5,2.34,1.494658080798174,0.7567567567567566,0.09698078682525164,20260113,True,0.16289592760180982,-0.02443438914027163
20260112,601212.SH,白银有色,铜,trend_high_like,5,6.08,1.3799678890983516,1.0,0.24303405572755424,20260113,True,0.22416534181240055,0.0
20260112,000603.SZ,盛达资源,铅锌,trend_high_like,5,8.21,1.0114599623616005,0.9184782608695623,0.19132149901380677,20260113,True,0.12167199148029817,-0.008253461128860495
20260112,001209.SZ,洪兴股份,服饰,trend_high_like,4,1.24,1.4336553231762057,0.6249999999999967,0.08535447761194039,20260113,True,0.1704331450094163,-0.004237288135593209
20260112,601616.SH,广电电气,电气设备,trend_high_like,4,1.75,1.2936444882381468,0.8750000000000028,0.1073170731707316,20260113,True,0.24444444444444446,-0.012345679012345623
20260112,001337.SZ,四川黄金,黄金,trend_high_like,4,1.49,1.287719073488916,0.4571428571428554,0.09652892561983477,20260113,True,0.2600401606425702,-0.0060240963855421326
20260112,600662.SH,外服控股,文教休闲,trend_high_like,3,1.38,1.5348294679615997,0.8888888888888911,0.056710775047258945,20260113,True,0.31047619047619035,0.0
20260112,002358.SZ,森源电气,电气设备,trend_high_like,3,0.86,1.1465819756853055,0.8181818181818145,0.0870307167235496,20260113,True,0.21367521367521358,-0.018803418803418737
20260112,601126.SH,四方股份,电气设备,trend_high_like,3,0.73,0.9462900142388248,0.8785714285714272,0.16804733727810642,20260113,True,0.19609040928527777,-0.022602321319486918
20260112,000975.SZ,山金国际,黄金,trend_high_like,3,1.1,0.9275235507267535,0.3108108108108106,0.1192233009708738,20260113,True,0.18466353677621283,0.0
20260109,601858.SH,中国科传,出版业,breakout_strong,6,5.23,3.5672456269254935,0.9017857142857145,0.07077747989276141,20260112,True,0.2427860696517412,-0.0029850746268658135
20260109,603045.SH,福达合金,小金属,breakout_strong,6,8.28,3.533744123527071,0.9247311827956985,0.14359214218896166,20260112,True,0.10386151797603205,-0.02174877940523756
20260109,000338.SZ,潍柴动力,汽车配件,breakout_like,6,4.32,1.9941452415793803,0.5409836065573748,0.059214167127836205,20260112,True,0.15211569362613808,-0.012319228709159136
20260109,002223.SZ,鱼跃医疗,医疗保健,breakout_strong,6,4.75,1.9032318424517904,0.9408866995073902,0.10992637725310989,20260112,True,0.1383972468043264,-0.005408062930186808
20260109,600301.SH,华锡有色,小金属,breakout_strong,6,7.75,1.305056405273766,0.8114942528735632,0.1486486486486487,20260112,True,0.2530232558139536,-0.017209302325581488
20260109,000960.SZ,锡业股份,小金属,breakout_strong,6,7.81,1.216813024924118,0.9461279461279472,0.25060386473429946,20260112,True,0.233803627987331,-0.03167290526921951
20260109,605398.SH,新炬网络,软件服务,breakout_like,5,5.01,4.140530795256326,0.5643274853801172,0.12831423895253688,20260112,True,0.1526645768025079,-0.024137931034482696
20260109,603739.SH,蔚蓝生物,农业综合,breakout_like,5,4.79,3.001047861641132,0.5887850467289726,0.086092715231788,20260112,True,0.2095926412614979,-0.02365308804205002
20260109,000607.SZ,华媒控股,广告包装,breakout_strong,5,3.73,2.356032631493623,0.9473684210526329,0.08904109589041088,20260112,True,0.12860310421286036,-0.008869179600886956
20260109,002467.SZ,二六三,互联网,breakout_strong,5,2.91,2.3168193607225747,0.9500000000000011,0.08346709470304983,20260112,True,0.14576802507836994,0.0
20260109,000875.SZ,电投绿能,火力发电,breakout_strong,5,2.83,2.032917561292747,0.8500000000000026,0.052356020942408495,20260112,True,0.18664383561643838,-0.008561643835616417
20260109,002828.SZ,贝肯能源,石油开采,breakout_strong,5,3.19,1.9589028951976764,0.7111111111111129,0.11785095320623913,20260112,True,0.10726643598615926,-0.025086505190311525
20260109,603356.SH,华菱精工,运输设备,trend_high_like,5,3.44,1.8585375035738059,0.7974683544303776,0.2149817295980512,20260112,True,0.13258983890954146,-0.00867410161090465
20260109,601360.SH,三六零,互联网,breakout_strong,5,6.3,1.8409751938275263,0.9000000000000002,0.1742361684558216,20260112,True,0.16693163751987283,-0.0023847376788552754
20260109,002582.SZ,好想你,食品,trend_high_like,5,6.02,1.4817532053530635,0.872340425531914,0.22797527047913443,20260112,True,0.13717848791893994,-0.013250194855806696
20260109,603602.SH,纵横通信,通信设备,breakout_strong,5,1.01,1.3987403735744814,0.9130434782608716,0.07754010695187166,20260112,True,0.17549668874172197,-0.0013245033112582183
20260109,001216.SZ,华瓷股份,家居用品,breakout_strong,5,2.11,1.2496161714026193,0.6949152542372885,0.06984667802385011,20260112,True,0.1318435754189946,-0.017318435754189898
20260109,600797.SH,浙大网新,软件服务,breakout_strong,4,2.41,2.0633438586506525,0.9032258064516094,0.10426540284360203,20260112,True,0.10303587856485752,-0.011039558417663242
20260109,002206.SZ,海利得,化纤,trend_high_like,4,0.49,1.9762302893889128,0.5199999999999996,0.12,20260112,True,0.15171288743882538,-0.004893964110929905
20260109,002881.SZ,美格智能,元器件,breakout_strong,4,2.41,1.870543252640285,0.9333333333333371,0.0996735582154517,20260112,True,0.11143151390319272,-0.02162718846549938
20260109,600763.SH,通策医疗,医疗保健,breakout_strong,4,1.02,1.7545416961935862,0.8484848484848472,0.0330438977327544,20260112,True,0.14347305389221554,-0.00023952095808377205
20260109,600088.SH,中视传媒,影视音像,breakout_strong,4,2.3,1.7359275895290627,0.9772727272727237,0.04973037747153995,20260112,True,0.1380116959064328,-0.0005847953216374657
20260109,002045.SZ,国光电器,元器件,breakout_strong,4,2.0,1.6659475345522805,0.9677419354838716,0.0717703349282297,20260112,True,0.10154673839946193,-0.0026899798251512896
20260109,002856.SZ,美芝股份,装修装饰,trend_high_like,4,4.9,1.1108029365502439,0.8539325842696621,0.13674560733384256,20260112,True,0.15037593984962405,0.0
20260109,002046.SZ,国机精工,机械基件,trend_high_like,4,10.01,1.0646058264295182,1.0,0.27318825269385166,20260112,True,0.1220657276995305,-0.04592774035517455
20260109,002331.SZ,皖通科技,软件服务,trend_high_like,3,0.65,1.3016300090052633,0.8076923076923116,0.11889596602972391,20260112,True,0.13155080213903747,-0.007486631016042855
20260108,603496.SH,恒为科技,IT设备,breakout_like,6,5.54,4.2697382328032205,0.5523465703971111,0.125645438898451,20260109,True,0.3530821917808218,-0.011643835616438336
20260108,600133.SH,东湖高新,环境保护,breakout_strong,6,5.55,3.832656991141302,0.7671232876712325,0.05466237942122184,20260109,True,0.15784008307372788,-0.0010384215991694479
20260108,000555.SZ,神州信息,软件服务,breakout_like,6,5.53,3.4778345673543076,0.5625000000000007,0.11644997173544377,20260109,True,0.12458471760797352,-0.012181616832779518
20260108,603272.SH,联翔股份,家居用品,breakout_strong,6,6.44,3.0128990327282392,0.6852791878172582,0.12790123456790123,20260109,True,0.12607861936720988,-0.007670182166826467
20260108,600850.SH,电科数字,软件服务,breakout_like,6,6.52,1.9335740670235173,0.6622950819672129,0.1784565916398714,20260109,True,0.14077362079898537,-0.01553582752060867
20260108,002171.SZ,楚江新材,铜,breakout_strong,6,4.94,1.7353603875683732,0.9540229885057461,0.1803865425912671,20260109,True,0.13086770981507811,-0.026315789473684292
20260108,002222.SZ,福晶科技,元器件,breakout_strong,6,8.2,1.7061495434699896,0.753488372093023,0.14279169211973122,20260109,True,0.19327994975663376,-0.03171612498037357
20260108,600825.SH,新华传媒,出版业,breakout_like,5,4.37,3.535273732913079,0.6470588235294121,0.08320726172465971,20260109,True,0.14932126696832593,-0.0015082956259426794
20260108,000409.SZ,云鼎科技,软件服务,breakout_strong,5,3.48,2.7270010551219492,0.7619047619047628,0.0842013888888888,20260109,True,0.25589519650655035,0.0
20260108,002054.SZ,德美化工,染料涂料,breakout_like,5,4.08,2.6582215403941447,0.6346153846153852,0.08857509627727861,20260109,True,0.19437340153452687,-0.01662404092071612
20260108,600640.SH,国脉文化,影视音像,breakout_strong,5,5.28,2.5648300436832874,0.7222222222222232,0.0887035633055345,20260109,True,0.21056493030080703,-0.0022010271460015662
20260108,002857.SZ,三晖电气,电器仪表,trend_high_like,5,6.8,2.3538002982024784,0.8216216216216208,0.09191685912240179,20260109,True,0.1277287505805853,-0.013005109150023286
20260108,600676.SH,交运股份,汽车配件,trend_high_like,5,3.18,2.1548529649137245,0.8461538461538459,0.11631663974151868,20260109,True,0.6016129032258064,-0.004838709677419395
20260108,002279.SZ,久其软件,软件服务,breakout_strong,5,9.95,2.0396934992482576,1.0,0.14942528735632174,20260109,True,0.13686534216335544,-0.01876379690949226
20260108,603927.SH,中科软,软件服务,breakout_like,5,1.18,1.463870469237521,0.6470588235294191,0.06822810590631363,20260109,True,0.10908168442415,-0.0020294266869609334
20260108,600100.SH,同方股份,IT设备,breakout_like,5,1.65,1.4026102667341664,0.6071428571428583,0.13015184381778752,20260109,True,0.10668103448275867,-0.012931034482758563
20260108,601226.SH,华电科工,建筑工程,breakout_like,5,1.95,1.3747016816404916,0.5249999999999972,0.08163265306122446,20260109,True,0.11807228915662638,0.0
20260108,600410.SH,华胜天成,软件服务,trend_high_like,4,2.88,2.1251169951449786,0.622641509433961,0.15724563206577605,20260109,True,0.2832369942196531,-0.0078822911192854
20260108,600756.SH,浪潮软件,软件服务,trend_high_like,4,3.23,1.8047509223188758,0.6702127659574448,0.12686183872624546,20260109,True,0.13045765386638597,0.0
20260108,600497.SH,驰宏锌锗,铅锌,trend_high_like,4,1.41,1.74595914798814,0.3538461538461534,0.19047619047619052,20260109,True,0.20128205128205123,-0.002564102564102555
20260108,000593.SZ,德龙汇能,供气供热,trend_high_like,4,6.32,1.441493595881942,0.978260869565216,0.20611916264090183,20260109,True,0.5393988627132411,-0.009748172217709294
20260108,603678.SH,火炬电子,元器件,trend_high_like,4,2.83,1.3974505679339682,0.8509316770186329,0.18373333333333336,20260109,True,0.11842105263157898,-0.0034210526315789913
20260108,002439.SZ,启明星辰,软件服务,breakout_strong,4,1.95,1.3958866609884937,0.771428571428571,0.08071135430916551,20260109,True,0.1546321525885559,-0.0034059945504086864
20260108,600724.SH,宁波富达,综合类,trend_high_like,4,4.08,1.1573357374575346,0.9062499999999993,0.12542372881355934,20260109,True,0.14383561643835607,-0.006849315068493178
20260108,600126.SH,杭钢股份,普钢,trend_high_like,3,1.55,1.723886047597516,0.5555555555555541,0.11252900232018549,20260109,True,0.14688601645123378,-0.001175088131609825
20260108,002181.SZ,粤传媒,出版业,trend_high_like,3,2.46,1.3785485728603495,0.7692307692307699,0.132762312633833,20260109,True,0.276502732240437,-0.005464480874317057
20260108,600397.SH,江钨装备,专用机械,trend_high_like,3,0.24,1.129008101513551,0.5312499999999993,0.21566265060240974,20260109,True,0.21271393643031788,0.0
20260107,002929.SZ,润建股份,通信设备,breakout_strong,6,9.99,6.003716497220005,1.0,0.10099337748344378,20260108,True,0.10434590778733743,-0.007059342598720542
20260107,603916.SH,苏博特,化工原料,breakout_like,6,4.98,5.575080529269466,0.5196078431372553,0.07645875251509053,20260108,True,0.16324535679374397,-0.02052785923753675
20260107,603687.SH,大胜达,广告包装,breakout_strong,6,8.32,3.0528650779559374,0.8476190476190476,0.1295180722891567,20260108,True,0.12070657507360161,0.0
20260107,002735.SZ,王子新材,塑料,breakout_like,6,5.95,2.250846277264256,0.6422018348623848,0.26424609178013103,20260108,True,0.16504854368932032,-0.02572815533980588
20260107,600226.SH,亨通股份,供气供热,breakout_like,6,5.76,2.223117903642156,0.5769230769230761,0.23302752293577988,20260108,True,0.10344827586206895,-0.003629764065335661
20260107,002703.SZ,浙江世宝,汽车配件,breakout_like,6,3.92,1.8758252795441297,0.2551020408163264,0.5108829568788501,20260108,True,0.13591465823785076,-0.035954168312919754
20260107,002335.SZ,科华数据,电气设备,breakout_strong,6,5.17,1.7858591422068437,0.7910112359550564,0.11758743030917386,20260108,True,0.10931372549019613,-0.011437908496732097
20260107,002865.SZ,钧达股份,电气设备,breakout_strong,6,7.47,1.6863548808546711,0.8032128514056218,0.40357852882703776,20260108,True,0.42253978564468975,-0.014777525170509898
20260107,605222.SH,起帆电缆,电气设备,breakout_strong,6,3.94,1.3885717182401198,0.8260869565217396,0.13531870428422152,20260108,True,0.11093831000518417,-0.013478486262311962
20260107,605588.SH,冠石科技,元器件,trend_high_like,5,3.23,2.324265433856945,0.5677083333333346,0.11363636363636366,20260108,True,0.10782478472482215,0.0
20260107,000777.SZ,中核科技,机械基件,trend_high_like,5,5.44,2.1495207792853464,0.7314049586776863,0.2988019732205779,20260108,True,0.13781818181818184,-0.004727272727272691
20260107,605288.SH,凯迪股份,电气设备,breakout_strong,5,10.0,2.134158888494751,1.0,0.15593255838307676,20260108,True,0.2141414141414142,-0.02020202020202022
20260107,002255.SZ,海陆重工,专用机械,breakout_like,5,2.8,1.3321028630691207,0.545454545454546,0.13571961222967938,20260108,True,0.12279411764705883,-0.014705882352941124
20260107,601179.SH,中国西电,电气设备,trend_high_like,5,9.97,0.9083355496309852,1.0,0.17391304347826092,20260108,True,0.26251180358829074,-0.032105760151085905
20260107,603138.SH,海量数据,软件服务,breakout_like,4,0.55,2.40400341477625,0.018867924528301508,0.08327645051194543,20260108,True,0.26558265582655816,-0.008807588075880668
20260107,002600.SZ,领益智造,元器件,trend_high_like,4,1.06,1.6451294761230277,0.36904761904762184,0.10140500916310324,20260108,True,0.16450216450216426,-0.012987012987012991
20260107,600268.SH,国电南自,电气设备,trend_high_like,4,2.01,1.4881810487755693,0.5869565217391323,0.09260908281389144,20260108,True,0.1659192825112108,-0.007174887892376636
20260107,600089.SH,特变电工,电气设备,trend_high_like,4,2.8,1.3329754691322093,0.675675675675676,0.11239193083573489,20260108,True,0.23270181219110375,-0.020593080724876422
20260107,002029.SZ,七匹狼,服饰,trend_high_like,4,3.65,0.979949850092489,0.7014925373134312,0.1658767772511848,20260108,True,0.18799999999999994,-0.009599999999999942
20260107,002090.SZ,金智科技,电气设备,trend_high_like,3,0.58,1.2400176084390873,0.6764705882352956,0.092816787732042,20260108,True,0.12489660876757647,-0.006617038875103343
20260106,601615.SH,明阳智能,电气设备,breakout_strong,6,9.98,2.586028217295157,1.0,0.14899154196486658,20260107,True,0.3438857852265673,-0.006828057107386654
20260106,600673.SH,东阳光,综合类,breakout_strong,6,4.27,1.477463212921195,0.7203389830508489,0.16749379652605462,20260107,True,0.2631154156577886,-0.01937046004842613
20260106,600722.SH,金牛化工,化工原料,breakout_strong,5,7.45,3.987881006584671,0.7843137254901971,0.10094637223974759,20260107,True,0.10681114551083604,-0.02941176470588236
20260106,600589.SH,大位科技,软件服务,breakout_strong,5,7.98,3.90875534486781,0.7551020408163278,0.13533834586466165,20260107,True,0.3668341708542715,-0.0012562814070351536
20260106,603598.SH,引力传媒,互联网,breakout_strong,5,10.01,2.532168262351717,1.0,0.19696202531645574,20260107,True,0.5183930300096806,-0.0019361084220715918
20260106,600773.SH,西藏城投,区域地产,breakout_strong,5,4.86,1.796359470113857,0.8000000000000012,0.1187500000000001,20260107,True,0.1324753974261923,-0.002271006813020504
20260106,603078.SH,江化微,半导体,breakout_strong,5,1.53,1.7157946676649338,0.8478260869565214,0.058791801510248105,20260107,True,0.24130663856691248,-0.005268703898840932
20260106,002471.SZ,中超控股,电气设备,trend_high_like,5,9.99,1.5473869117580992,1.0,0.49759036144578317,20260107,True,0.18404907975460127,-0.03558282208588959
20260106,002792.SZ,通宇通讯,通信设备,trend_high_like,5,3.38,1.1096462002695056,0.6692789968652036,0.41835213966361506,20260107,True,0.5606382978723403,0.0
20260106,603000.SH,人民网,互联网,breakout_strong,4,2.05,2.8027830175059383,0.6849315068493147,0.06720977596741345,20260107,True,0.28362720403022657,-0.005541561712846477
20260106,002027.SZ,分众传媒,广告包装,trend_high_like,4,2.9,1.378108380678375,0.8571428571428571,0.06693440428380187,20260107,True,0.11827956989247301,-0.02284946236559149
20260106,605336.SH,帅丰电器,家用电器,trend_high_like,4,1.62,1.364335273731362,0.695652173913042,0.1620648259303721,20260107,True,0.13001215066828675,-0.023086269744836074
20260106,000400.SZ,许继电气,电气设备,trend_high_like,4,1.96,1.3414786440097577,0.8906249999999997,0.07763061074319351,20260107,True,0.12028127313101411,-0.0022205773501109416
20260106,002366.SZ,融发核电,专用机械,trend_high_like,4,0.78,1.3106144007139995,0.7391304347826099,0.13375000000000004,20260107,True,0.22564102564102573,-0.0064102564102563875
20260106,603011.SH,合锻智能,专用机械,trend_high_like,4,0.4,1.2198036799997591,0.57142857142857,0.2368319876970396,20260107,True,0.26910699919549486,-0.009251810136765903
20260106,002565.SZ,顺灏股份,造纸,trend_high_like,4,4.12,1.0792028761192087,0.5573770491803282,0.4332129963898917,20260107,True,0.3183098591549296,-0.03211267605633805
20260106,600549.SH,厦门钨业,小金属,trend_high_like,4,3.14,0.9482754620066105,0.8947368421052652,0.204123244222927,20260107,True,0.1507319304666057,-0.013952424519670603
20260106,603929.SH,亚翔集成,装修装饰,trend_high_like,4,10.0,0.9018327101508727,1.0,0.43224699828473406,20260107,True,0.1465269562278182,-0.0446172046645259
20260106,603103.SH,横店影视,影视音像,trend_high_like,3,2.38,1.6852488233446665,0.6119402985074613,0.12068965517241369,20260107,True,0.11428571428571432,-0.005247813411078717
20260106,600026.SH,中远海能,水运,trend_high_like,3,2.65,1.434047228610133,0.9250000000000014,0.07290803645401829,20260107,True,0.14942528735632177,-0.019704433497536922
20260105,600120.SH,浙江东方,多元金融,breakout_strong,6,6.81,3.8617413435833083,0.6774193548387094,0.09119010819165377,20260106,True,0.1638065522620904,-0.004680187207488307
20260105,002347.SZ,泰尔股份,机械基件,breakout_strong,6,6.14,3.089845452548923,0.7486910994764403,0.4588045234248789,20260106,True,0.15632554391619657,-0.03223207091055602
20260105,600584.SH,长电科技,半导体,breakout_strong,6,4.3,2.4729097222570102,0.828571428571427,0.06325060048038424,20260106,True,0.1730569948186529,-0.013989637305699465
20260105,000561.SZ,烽火电子,通信设备,breakout_strong,6,4.58,2.4248488354989006,0.8514851485148511,0.1462450592885375,20260106,True,0.15869218500797455,-0.02631578947368407
20260105,001225.SZ,和泰机电,专用机械,breakout_strong,6,10.01,2.216455912518047,1.0,0.16784000000000004,20260106,True,0.24366262098632663,-0.00491626978030435
20260105,601336.SH,新华保险,保险,breakout_strong,6,8.87,2.050959207370927,0.969369369369369,0.12988427501701846,20260106,True,0.10292567211386405,-0.0002635740643119888
20260105,000803.SZ,山高环能,环境保护,breakout_like,6,5.17,1.9519454163941412,0.5319148936170206,0.13217623497997333,20260106,True,0.13190954773869334,-0.03768844221105527
20260105,002409.SZ,雅克科技,半导体,breakout_like,6,4.95,1.7884291867678588,0.6562499999999983,0.11234935855902554,20260106,True,0.18320512820512835,-0.010128205128205225
20260105,002025.SZ,航天电器,元器件,breakout_like,6,3.09,1.7195459098444825,0.5301507537688445,0.19190140845070414,20260106,True,0.4135235489544655,-0.009185069376587807
20260105,002379.SZ,宏桥控股,铝,breakout_like,6,5.27,1.68036285359264,0.46428571428571347,0.12725090036014405,20260106,True,0.19023437499999996,0.0
20260105,000426.SZ,兴业银锡,铅锌,breakout_strong,6,10.0,1.617655242501372,1.0,0.16910819840657926,20260106,True,0.14385964912280702,-0.02506265664160401
20260105,003009.SZ,中天火箭,航空,breakout_strong,6,8.0,1.5947923585087096,0.8488931665062553,0.27412783295136245,20260106,True,0.24274243360098824,-0.02927733168622615
20260105,601611.SH,中国核建,建筑工程,breakout_strong,6,3.71,1.2362404508255198,0.7543859649122822,0.18398268398268391,20260106,True,0.4397111913357401,-0.010108303249097395
20260105,600556.SH,天下秀,互联网,breakout_strong,5,10.05,3.384714154550435,1.0,0.1392801251956181,20260106,True,0.28358208955223874,-0.007462686567164201
20260105,603888.SH,新华网,互联网,breakout_strong,5,3.5,2.7670820229066346,0.9736842105263163,0.05487804878048772,20260106,True,0.21873442949676125,-0.004484304932735439
20260105,002354.SZ,天娱数科,互联网,breakout_strong,5,5.02,2.761925769364226,0.7906976744186053,0.09214501510574023,20260106,True,0.2128935532233882,-0.008995502248875464
20260105,002202.SZ,金风科技,电气设备,trend_high_like,5,6.96,2.7033632628627884,0.173333333333332,0.35996488147497807,20260106,True,0.6562942008486563,-0.019330504479019295
20260105,600257.SH,大湖股份,渔业,breakout_strong,5,5.25,2.6459403942231488,0.683333333333334,0.10925644916540209,20260106,True,0.14008941877794334,-0.032786885245901565
20260105,603882.SH,金域医学,医疗保健,breakout_strong,5,3.91,2.5317747053924715,0.9062499999999993,0.05959352394075096,20260106,True,0.24890387858347407,-0.005059021922428242
20260105,002400.SZ,省广集团,广告包装,breakout_like,5,4.96,2.5266300586229105,0.6500000000000011,0.12127894156560094,20260106,True,0.26496674057649683,-0.0011086474501108556
20260105,600839.SH,四川长虹,家用电器,breakout_strong,5,3.63,2.123228067331099,0.7173913043478249,0.07799145299145285,20260106,True,0.11612903225806459,-0.009677419354838679
20260105,002602.SZ,世纪华通,互联网,breakout_strong,5,8.15,1.958123318891985,0.8839285714285721,0.10502793296089381,20260106,True,0.12086720867208678,-0.0189701897018969
20260105,002517.SZ,恺英网络,互联网,breakout_strong,5,6.63,1.8725981234876077,0.8682170542635672,0.08667529107373874,20260106,True,0.14437819420783637,-0.011925042589437829
20260105,600588.SH,用友网络,软件服务,breakout_strong,5,3.09,1.8509197066306313,0.9387755102040828,0.09999999999999996,20260106,True,0.17794117647058827,-0.007352941176470562
20260105,002605.SZ,姚记科技,互联网,breakout_strong,5,2.79,1.8485378984295018,1.0,0.06119027661357925,20260106,True,0.15703517587939708,-0.01005025125628134
20260105,600760.SH,中航沈飞,航空,breakout_strong,5,3.79,1.8343095782852137,0.8607594936708867,0.08918732782369146,20260106,True,0.12650602409638556,-0.010327022375215211
20260105,600562.SH,国睿科技,通信设备,breakout_like,5,2.19,1.7674002499593957,0.39423076923076833,0.11327310632383605,20260106,True,0.20729166666666665,-0.014583333333333393
20260105,601519.SH,大智慧,软件服务,trend_high_like,5,4.35,1.7244229537915017,0.9193548387096764,0.1085383502170767,20260106,True,0.17218045112781954,0.0
20260105,002985.SZ,北摩高科,航空,breakout_strong,5,2.02,1.6856832360996001,0.7241379310344817,0.15238392022436908,20260106,True,0.11713395638629276,-0.00903426791277262
20260105,002446.SZ,盛路通信,通信设备,breakout_like,5,2.67,1.447662934990718,0.5869565217391284,0.19906976744186053,20260106,True,0.25894538606403006,-0.020715630885122294
20260105,601089.SH,福元医药,化学制药,breakout_strong,5,10.0,1.4054348270038444,1.0,0.12538461538461546,20260106,True,0.12111111111111117,-0.022962962962962963
20260105,605358.SH,立昂微,半导体,trend_high_like,5,9.99,1.3526203302713018,1.0,0.25376623376623375,20260106,True,0.1381313131313131,-0.014646464646464574
20260105,002774.SZ,快意电梯,运输设备,breakout_strong,5,10.02,1.2777791263533207,1.0,0.11639676113360327,20260106,True,0.5592417061611372,-0.006635071090047462
20260105,603169.SH,兰石重装,专用机械,trend_high_like,5,3.0,1.2692203290960555,0.5384615384615392,0.17181818181818187,20260106,True,0.30091743119266057,-0.015596330275229331
20260105,600980.SH,北矿科技,专用机械,breakout_like,5,0.96,1.2344680478419117,0.6470588235294087,0.07502168256721597,20260106,True,0.10279569892473117,-0.0021505376344086446
20260105,600855.SH,航天长峰,专用机械,trend_high_like,5,9.98,1.0531559538900201,1.0,0.2718531468531468,20260106,True,0.23456790123456783,-0.03292181069958855
20260105,002555.SZ,三七互娱,互联网,trend_high_like,5,10.0,0.8178923928912518,1.0,0.17416666666666666,20260106,True,0.14623902252768217,-0.005345551737304333
20260105,002413.SZ,雷科防务,通信设备,trend_high_like,5,10.04,0.07521750059990732,0.5,0.36254980079681276,20260106,True,0.38827586206896547,-0.020689655172413834
20260105,600880.SH,博瑞传播,广告包装,trend_high_like,4,9.92,3.2665457821978414,1.0,0.12065813528336383,20260106,True,0.2992700729927007,-0.014598540145985384
20260105,002392.SZ,北京利尔,其他建材,trend_high_like,4,4.68,2.476214209911606,0.7058823529411762,0.0888324873096447,20260106,True,0.16516129032258053,-0.006451612903225823
20260105,600967.SH,内蒙一机,运输设备,breakout_like,4,2.2,2.22207072117849,0.5875000000000025,0.09652736904061206,20260106,True,0.16666666666666674,-0.013403263403263477
20260105,000676.SZ,智度股份,互联网,breakout_strong,4,2.55,2.0659642833885683,0.9687500000000007,0.07981755986316982,20260106,True,0.1788154897494305,-0.01252847380410016
20260105,000156.SZ,华数传媒,影视音像,breakout_strong,4,2.51,1.889669448748864,0.9545454545454555,0.05721716514954491,20260106,True,0.1228978007761965,-0.002587322121604174
20260105,001373.SZ,翔腾新材,元器件,trend_high_like,4,4.74,1.7926282632416048,0.8738738738738735,0.18138847858197932,20260106,True,0.16558249556475468,-0.011827321111768097
20260105,002161.SZ,远望谷,通信设备,breakout_strong,4,2.74,1.3483759634933041,0.857142857142856,0.08187919463087252,20260106,True,0.11717709720372849,-0.007989347536617841
20260105,600446.SH,金证股份,软件服务,trend_high_like,4,0.82,1.2000117912920898,1.0,0.08552229688454492,20260106,True,0.1225886745488487,-0.0031113876789048422
20260105,600633.SH,浙数文化,互联网,trend_high_like,3,2.57,2.1973272071506926,0.9750000000000004,0.07558578987150416,20260106,True,0.1622441243366186,-0.006823351023502622
20260105,002609.SZ,捷顺科技,软件服务,trend_high_like,3,0.86,1.480874542758551,1.0,0.06503198294243083,20260106,True,0.13675213675213693,-0.0064102564102562765
20260105,000831.SZ,中国稀土,小金属,trend_high_like,3,2.91,1.4554826339064175,0.8613138686131401,0.11194496560350214,20260106,True,0.1447012283989173,-0.0029148448886112677
20260105,600602.SH,云赛智联,软件服务,trend_high_like,3,0.64,1.133407575709399,0.6818181818181789,0.11480519480519485,20260106,True,0.1200423056583817,-0.005288207297726166
20251231,603859.SH,能科科技,软件服务,breakout_strong,6,4.58,2.7522630115217788,0.6851063829787227,0.08765133171912827,20260105,True,0.12687585266030021,-0.020009095043201364
20251231,003041.SZ,真爱美家,纺织,breakout_strong,6,9.01,2.3007182425517443,0.9281524926686214,0.23741959894059775,20260105,True,0.13186191284663273,-0.03263535182041122
20251231,002943.SZ,宇晶股份,机床制造,breakout_strong,6,5.94,1.9149033605964096,0.8260869565217396,0.19123711340206181,20260105,True,0.46629069469366846,-0.035631889259164384
20251231,600266.SH,城建发展,区域地产,breakout_strong,5,9.98,3.1743808520944174,1.0,0.0942622950819672,20260105,True,0.386194029850746,-0.027985074626865725
20251231,603156.SH,养元饮品,软饮料,breakout_strong,5,9.98,3.083675702096819,1.0,0.10639802050194408,20260105,True,0.16040361864996533,-0.03375086986778009
20251231,603533.SH,掌阅科技,互联网,breakout_strong,5,10.0,2.9576912997961116,1.0,0.15710382513661197,20260105,True,0.21518987341772133,-0.015370705244122984
20251231,001231.SZ,农心科技,农药化肥,trend_high_like,5,10.01,2.8949564845878744,1.0,0.20666666666666664,20260105,True,0.2068000000000001,-0.02079999999999993
20251231,603039.SH,泛微网络,软件服务,breakout_like,5,3.3,2.8198667113194134,0.5879396984924619,0.09684053094036267,20260105,True,0.12111568700861097,-0.006177461624859548
20251231,603051.SH,鹿山新材,塑料,breakout_strong,5,3.52,2.5835148038960365,0.9396551724137928,0.09738717339667462,20260105,True,0.10796793965110796,-0.005186232909005106
20251231,600629.SH,华建集团,建筑工程,breakout_strong,5,9.98,2.3784441554232334,1.0,0.13655761024182073,20260105,True,0.18504845408398696,-0.015228426395939132
20251231,003037.SZ,三和管桩,水泥,trend_high_like,4,1.89,3.029332889848924,0.846153846153843,0.11656441717791413,20260105,True,0.11262376237623761,-0.011138613861386149
20251231,600577.SH,精达股份,电气设备,trend_high_like,4,3.67,1.1520197365093365,0.658227848101266,0.22337870296236997,20260105,True,0.1976,-0.007199999999999984
20251231,603579.SH,荣泰健康,家用电器,trend_high_like,3,1.58,1.2859911913881288,0.6847826086956498,0.09213759213759214,20260105,True,0.1837555287494974,-0.006433453960595137
20251230,603037.SH,凯众股份,汽车配件,breakout_strong,6,8.25,3.70480710611186,0.8441558441558441,0.1080139372822299,20251231,True,0.17905405405405395,-0.04054054054054068
20251230,002921.SZ,联诚精密,汽车配件,breakout_strong,6,6.03,2.761991861609609,0.7948717948717947,0.1511771995043371,20251231,True,0.15479115479115468,-0.011670761670761753
20251230,603179.SH,新泉股份,汽车配件,breakout_strong,6,7.96,1.7190682479316748,0.8726114649681533,0.14388290527478598,20251231,True,0.1179404232376331,-0.04973716134249895
20251230,002757.SZ,南兴股份,专用机械,breakout_strong,5,10.01,4.12662984985091,1.0,0.11609195402298839,20251231,True,0.3969335604770019,-0.03747870528109032
20251230,600075.SH,新疆天业,化工原料,breakout_strong,5,3.27,2.4020710239658163,0.7241379310344825,0.09000000000000004,20251231,True,0.11553784860557781,-0.02589641434262946
20251230,603926.SH,铁流股份,汽车配件,trend_high_like,5,3.6,2.071205374403106,0.8192771084337328,0.13392330383480824,20251231,True,0.11011370436864154,-0.03052064631956919
20251230,600501.SH,航天晨光,专用机械,trend_high_like,5,5.1,1.904537338627427,0.6085626911314985,0.270260747004933,20251231,True,0.24005784526391882,-0.016630513376717282
20251230,002945.SZ,华林证券,证券,trend_high_like,4,3.61,3.5567355634345286,0.4732142857142855,0.07524752475247529,20251231,True,0.30974632843791716,-0.016688918558077415
20251230,603171.SH,税友股份,软件服务,trend_high_like,4,6.18,1.7802086272601498,0.6083333333333341,0.1525145772594753,20251231,True,0.24321309036816663,-0.0037188545927854255
20251230,002315.SZ,焦点科技,互联网,trend_high_like,3,1.84,1.7878930025593773,0.25694444444444675,0.09159292035398231,20251231,True,0.13157894736842124,-0.0011343012704173594
20251230,600869.SH,远东股份,电气设备,trend_high_like,3,1.14,0.9573953881081991,0.6956521739130428,0.15222772277227728,20251231,True,0.3735849056603773,-0.015094339622641506
20251229,605155.SH,西大门,家居用品,breakout_like,6,3.99,4.855996179540817,0.4310344827586202,0.07934655775962668,20251230,True,0.14762741652021094,-0.014645577035735213
20251229,002290.SZ,禾盛新材,家用电器,breakout_strong,6,6.29,2.191480807478286,0.8056872037914691,0.1278812056737588,20251230,True,0.12883163038649492,-0.008884940026654964
20251229,600259.SH,中稀有色,小金属,breakout_like,6,3.77,2.0350085290902213,0.38479809976246965,0.14054244452271933,20251230,True,0.1433928571428571,-0.007857142857142785
20251229,601698.SH,中国卫通,电信运营,breakout_strong,6,5.97,2.0224460212084305,0.822289156626506,0.27552101730837153,20251230,True,0.5537931034482759,-0.014482758620689706
20251229,605168.SH,三人行,互联网,breakout_strong,6,10.01,1.5830337935983623,1.0,0.16727889234246968,20251230,True,0.1760806152214267,-0.018827897109520042
20251229,603667.SH,五洲新春,机械基件,breakout_strong,6,10.0,1.3169724555492006,1.0,0.22442244224422445,20251230,True,0.42405498281786924,-0.0053264604810997485
20251229,000987.SZ,越秀资本,多元金融,breakout_strong,5,9.95,4.767630955573302,1.0,0.07244501940491598,20251230,True,0.15402843601895744,-0.04265402843601884
20251229,600316.SH,洪都航空,航空,breakout_strong,5,5.15,3.421996414044842,0.812244897959183,0.11411411411411404,20251230,True,0.10119047619047605,-0.026488095238095255
20251229,000901.SZ,航天科技,汽车配件,trend_high_like,5,5.85,1.3174286854247372,0.7400722021660654,0.32247191011235954,20251230,True,0.1561032863849765,-0.016040688575899797
20251229,603216.SH,梦天家居,家居用品,trend_high_like,5,9.61,0.8696553536910515,0.9685039370078729,0.31127819548872177,20251230,True,0.11869575416373435,-0.03401360544217691
20251229,603009.SH,北特科技,汽车配件,trend_high_like,4,1.99,1.371822267845305,0.7133757961783422,0.1223053233611967,20251230,True,0.14029850746268657,-0.0025258323765786628
20251229,605086.SH,龙高股份,矿物制品,trend_high_like,4,10.0,0.5474975359708993,1.0,0.18712085860942596,20251230,True,0.13785864240727785,-0.00863074411010023
20251226,000420.SZ,吉林化纤,化纤,breakout_like,6,3.42,2.953776776847205,0.4838709677419372,0.10023866348448696,20251229,True,0.14831460674157304,-0.020224719101123556
20251226,002476.SZ,宝莫股份,化工原料,breakout_strong,6,5.17,2.234380881799429,0.8292682926829262,0.15432098765432098,20251229,True,0.16812865497076035,-0.0014619883040934978
20251226,603012.SH,创力集团,专用机械,breakout_strong,5,2.04,2.107203826891624,0.7894736842105256,0.09259259259259271,20251229,True,0.10316139767054922,-0.014975041597337757
20251226,603119.SH,浙江荣泰,汽车配件,trend_high_like,5,4.38,2.0784057352049077,0.36111111111111016,0.15103766333589547,20251229,True,0.14492753623188404,-0.004830917874396157
20251226,600435.SH,北方导航,专用机械,breakout_like,5,1.09,2.0223064701768343,0.620000000000001,0.1043771043771043,20251229,True,0.20696584058941725,-0.01339584728734089
20251226,605123.SH,派克新材,航空,breakout_like,5,2.66,1.8805838085408209,0.2917847025495753,0.31562819203268644,20251229,True,0.10010946362822182,-0.01492685839387009
20251226,600955.SH,维远股份,化工原料,trend_high_like,5,3.11,1.7650705340192314,0.8461538461538468,0.0996825396825397,20251229,True,0.1434948979591837,-0.005739795918367374
20251226,605598.SH,上海港湾,建筑工程,trend_high_like,5,10.0,1.1232891678678383,1.0,0.365751211631664,20251229,True,0.12370505789152952,-0.02407068860450945
20251226,600376.SH,首开股份,区域地产,trend_high_like,4,4.56,2.23007481938144,0.6436781609195408,0.22025723472668812,20251229,True,0.1960132890365449,-0.01661129568106301
20251226,600909.SH,华安证券,证券,trend_high_like,4,1.5,1.5855591616306535,0.6190476190476186,0.08235294117647053,20251229,True,0.12259970457902503,-0.00738552437223039
20251226,000973.SZ,佛塑科技,塑料,trend_high_like,4,9.98,1.0659696051908027,1.0,0.5396073121191605,20251229,True,0.11565096952908593,-0.049168975069252
20251226,000700.SZ,模塑科技,汽车配件,trend_high_like,3,2.04,1.1642055646211957,0.7307692307692328,0.2058333333333334,20251229,True,0.3886462882096071,0.0
20251225,605003.SH,众望布艺,纺织,breakout_strong,6,8.86,3.5352307959629634,0.9056603773584904,0.17757352941176466,20251226,True,0.24170450576318547,-0.012224938875305513
20251225,002870.SZ,香山股份,汽车配件,breakout_strong,6,10.01,3.50114033955256,1.0,0.12729124236252545,20251226,True,0.10750507099391493,-0.027636916835699687
20251225,600580.SH,卧龙电驱,电气设备,breakout_strong,6,4.28,2.1030491219278877,0.7137254901960793,0.12091871200180135,20251226,True,0.12448042003937854,-0.0231896740319405
20251225,002050.SZ,三花智控,家用电器,breakout_strong,6,5.5,1.4721147175745555,0.8394160583941616,0.12418024116775976,20251226,True,0.23147165003185388,-0.013803355277129059
20251225,002196.SZ,方正电机,纺织机械,trend_high_like,5,10.0,2.5234376490753605,1.0,0.1588107324147933,20251226,True,0.18099231306778463,-0.049615653389238346
20251225,002915.SZ,中欣氟材,化工原料,breakout_strong,5,2.61,2.0188701829314875,0.8095238095238103,0.08603066439522997,20251226,True,0.10042372881355921,-0.017796610169491633
20251225,002254.SZ,泰和新材,化纤,breakout_strong,5,2.07,1.5485024753992065,0.7857142857142898,0.060265577119509695,20251226,True,0.1153846153846152,-0.011133603238866474
20251225,000559.SZ,万向钱潮,汽车配件,trend_high_like,5,9.98,1.5056828977461598,1.0,0.1897058823529412,20251226,True,0.30148148148148146,-0.005185185185185182
20251225,601689.SH,拓普集团,汽车配件,trend_high_like,5,3.83,1.1404885131259461,0.808049535603714,0.1374120956399437,20251226,True,0.1302280039166317,-0.013008812421317573
20251225,603305.SH,旭升集团,汽车配件,trend_high_like,4,10.01,2.3762452339784925,1.0,0.17852684144818973,20251226,True,0.1297611362169142,-0.017430600387346673
20251225,002824.SZ,和胜股份,铝,trend_high_like,4,2.63,2.233213097530787,0.6124031007751936,0.11006781429316655,20251226,True,0.10041841004184082,-0.006276150627615107
20251225,002243.SZ,力合科创,广告包装,trend_high_like,3,0.94,1.1048081614007483,0.7222222222222179,0.11448834853090163,20251226,True,0.14270941054808706,-0.0010341261633919352
20251225,600736.SH,苏州高新,园区开发,trend_high_like,3,1.52,1.0826616883588478,1.0,0.09819967266775785,20251226,True,0.20764119601328912,0.0
20251225,603680.SH,今创集团,运输设备,trend_high_like,3,2.7,0.9539679811080388,0.4963503649635037,0.3181818181818182,20251226,True,0.17353139770425385,-0.0182309250506415
20251224,605069.SH,正和生态,环境保护,breakout_strong,6,10.02,3.9791377217627613,1.0,0.17673992673992672,20251225,True,0.26829268292682906,-0.04471544715447162
20251224,002951.SZ,金时科技,广告包装,trend_high_like,5,10.0,3.795110039837051,1.0,0.18217054263565893,20251225,True,0.17733333333333334,-0.020000000000000018
20251224,002342.SZ,巨力索具,机械基件,trend_high_like,5,5.79,2.8537432616867435,0.6184210526315792,0.10358565737051796,20251225,True,0.26379542395693156,-0.010767160161507361
20251224,002296.SZ,辉煌科技,通信设备,breakout_strong,5,2.43,1.6104631025610057,0.7948717948717949,0.08003679852805881,20251225,True,0.1274060494958753,-0.004582951420714965
20251224,600118.SH,中国卫星,航空,trend_high_like,5,10.0,1.4871804453652728,1.0,0.3967455621301774,20251225,True,0.42190969652109556,-0.008142116950407119
20251224,600105.SH,永鼎股份,通信设备,trend_high_like,5,9.99,1.1060313500172088,1.0,0.3238636363636363,20251225,True,0.17711400925536402,-0.021455616323096227
20251224,000547.SZ,航天发展,通信设备,trend_high_like,5,9.34,1.0134079669401534,0.975708502024292,0.5179249261914805,20251225,True,0.382857142857143,-0.008163265306122436
20251224,600343.SH,航天动力,机械基件,trend_high_like,5,10.0,0.9601367332074763,1.0,0.5234507897934386,20251225,True,0.20255606462503017,-0.020496744634675657
20251224,603778.SH,国晟科技,电气设备,trend_high_like,5,7.93,0.8649652480724103,1.0,0.3520730850316233,20251225,True,0.22177688710754828,-0.02605210420841686
20251224,000048.SZ,京基智农,农业综合,trend_high_like,4,4.49,1.4321314490480626,0.8620689655172404,0.1231527093596059,20251225,True,0.2684989429175477,0.0
20251224,002049.SZ,紫光国微,半导体,trend_high_like,4,1.84,1.4055744095344462,0.9642857142857131,0.06398256186690596,20251225,True,0.18117616846430407,-0.006676938880328609
20251224,002152.SZ,广电运通,IT设备,trend_high_like,3,1.38,1.094878299740435,1.0,0.04799999999999997,20251225,True,0.11031746031746037,-0.007936507936507908
20251223,603311.SH,金海高科,家用电器,breakout_strong,6,4.24,2.424961237187221,0.8170731707317069,0.1267071320182094,20251224,True,0.26532137518684595,-0.0022421524663678305
20251223,002324.SZ,普利特,塑料,breakout_strong,6,3.07,2.2803293499438304,0.8181818181818158,0.08695652173913035,20251224,True,0.17764618800888243,0.0
20251223,600179.SH,安通控股,水运,breakout_strong,6,10.07,2.1801047726302034,1.0,0.15720524017467252,20251224,True,0.36458333333333326,-0.01666666666666672
20251223,603698.SH,航天工程,专用机械,breakout_strong,6,9.99,1.9819912758736031,1.0,0.3897610921501707,20251224,True,0.3684566024991558,0.0
20251223,002843.SZ,泰嘉股份,钢加工,breakout_strong,5,9.98,3.5142513299622715,1.0,0.12037037037037035,20251224,True,0.10871794871794882,-0.01333333333333342
20251223,002897.SZ,意华股份,元器件,breakout_strong,5,1.93,2.26793401121604,0.6923076923076945,0.08488612836438912,20251224,True,0.11383790472262323,-0.004124561765312507
20251223,002245.SZ,蔚蓝锂芯,电气设备,breakout_strong,5,1.78,2.2577456550729633,0.7037037037037029,0.06230910201588279,20251224,True,0.13696969696969696,-0.00303030303030305
20251223,600230.SH,沧州大化,化工原料,trend_high_like,4,1.77,1.7599874600505385,0.9230769230769248,0.11011235955056171,20251224,True,0.11796042617960412,-0.003044140030441511
20251223,002126.SZ,银轮股份,汽车配件,trend_high_like,3,0.77,1.1883106286869705,0.6117647058823555,0.09220055710306393,20251224,True,0.10829103214890012,-0.007896221094190636
20251222,601208.SH,东材科技,化工原料,breakout_strong,6,9.95,1.4878002275966589,0.9953271028037393,0.27641589180050713,20251223,True,0.20490156689433503,-0.0028123744475693213
20251222,002080.SZ,中材科技,玻璃,trend_high_like,5,7.72,1.8126313291036826,0.8013029315960915,0.13067400275103164,20251223,True,0.14919921326215224,-0.001966844619275099
20251222,600578.SH,京能电力,火力发电,trend_high_like,4,2.16,2.1294266617844007,0.6111111111111138,0.07773109243697482,20251223,True,0.1195876288659794,0.0
20251222,002228.SZ,合兴包装,广告包装,trend_high_like,3,10.07,1.1570507640716061,1.0,0.2553191489361702,20251223,True,0.29844961240310086,-0.02131782945736438
20251222,002947.SZ,恒铭达,元器件,trend_high_like,3,0.93,0.9142344304441463,0.6000000000000016,0.07637075718015661,20251223,True,0.26364640883977897,-0.010607734806629798
20251219,600858.SH,银座股份,百货,breakout_strong,6,4.89,2.64952397375846,0.6716417910447765,0.18749999999999997,20251222,True,0.1116071428571428,-0.04166666666666652
20251219,600859.SH,王府井,百货,breakout_strong,6,4.16,2.2031895762902,0.8999999999999998,0.08443271767810022,20251222,True,0.10259740259740258,-0.021428571428571463
20251219,000036.SZ,华联控股,全国地产,breakout_strong,6,10.02,2.1899703201653025,1.0,0.2030651340996168,20251222,True,0.346551724137931,-0.04482758620689653
20251219,002748.SZ,世龙实业,化工原料,breakout_strong,6,10.03,1.5865733408088074,1.0,0.10968775020016021,20251222,True,0.13869731800766272,-0.02298850574712652
20251219,002046.SZ,国机精工,机械基件,breakout_strong,6,9.99,1.273834391457942,1.0,0.19766233766233765,20251222,True,0.13828763828763835,-0.03848003848003856
20251219,000582.SZ,北部湾港,港口,trend_high_like,4,1.79,1.2677208423457094,0.7999999999999972,0.06222707423580789,20251222,True,0.20457018498367807,-0.0021762785636560977
20251219,002493.SZ,荣盛石化,化纤,trend_high_like,3,1.66,1.3305577656866003,0.6250000000000028,0.07645875251509053,20251222,True,0.10443349753694586,-0.014778325123152691
20251219,601233.SH,桐昆股份,化纤,trend_high_like,3,1.9,1.223239005480462,0.7021276595744673,0.12119289340101524,20251222,True,0.11096856959589485,-0.007697241821680523
20251219,600331.SH,宏达股份,农药化肥,trend_high_like,3,0.7,1.1004945802998616,0.8823529411764696,0.1402337228714524,20251222,True,0.10948275862068968,-0.0008620689655172153
20251218,600838.SH,上海九百,百货,breakout_strong,5,10.04,3.019653632551092,1.0,0.10106382978723415,20251219,True,0.2537165510406343,-0.0009910802775024985
20251218,603601.SH,再升科技,玻璃,trend_high_like,5,6.08,2.9155399173246392,1.0,0.5466666666666666,20251219,True,0.29455709711846345,-0.0010672358591248265
20251218,600397.SH,江钨装备,专用机械,breakout_like,5,3.53,2.0923964621193702,0.5789473684210524,0.11948790896159314,20251219,True,0.12571428571428567,-0.008571428571428563
20251218,002571.SZ,德力股份,家居用品,breakout_strong,5,5.26,1.616290479187986,0.7261904761904777,0.11860940695296526,20251219,True,0.188508064516129,-0.04435483870967738
20251218,600778.SH,友好集团,百货,trend_high_like,4,4.57,2.2544737235504573,0.7636363636363626,0.12983425414364647,20251219,True,0.10169491525423724,-0.01836158192090398
20251218,600893.SH,航发动力,航空,trend_high_like,3,2.56,1.9405184918805736,0.9915966386554639,0.04460279757191865,20251219,True,0.11273209549071628,-0.003978779840848934
20251217,605365.SH,立达信,家用电器,breakout_strong,6,10.0,1.85249659370092,1.0,0.25720930232558137,20251218,True,0.25994694960212206,0.0
20251217,002766.SZ,索菱股份,汽车配件,breakout_like,5,3.41,6.61617195972879,0.2391304347826094,0.10150375939849623,20251218,True,0.2109375,-0.0078125
20251217,603757.SH,大元泵业,机械基件,breakout_strong,5,10.0,3.273445295282623,1.0,0.12161484453360083,20251218,True,0.25439012814428086,-0.0033222591362126463
20251217,002491.SZ,通鼎互联,通信设备,breakout_strong,5,10.09,1.7687542324942243,1.0,0.09212730318257954,20251218,True,0.17692307692307696,-0.03692307692307695
20251217,002796.SZ,世嘉科技,通信设备,breakout_strong,5,10.0,1.6612770083572348,1.0,0.20254893035958121,20251218,True,0.2679425837320575,-0.024793388429751873
20251217,002851.SZ,麦格米特,电气设备,breakout_strong,5,8.22,1.5140154211015904,0.8784916201117331,0.14980714196839623,20251218,True,0.1533944954128441,-0.021406727828746197
20251217,600226.SH,亨通股份,供气供热,trend_high_like,4,6.84,2.226672982517699,0.8108108108108121,0.09565217391304338,20251218,True,0.1589403973509933,-0.002207505518763919
20251217,002910.SZ,庄园牧场,乳制品,trend_high_like,4,10.05,2.1876595301087227,1.0,0.13628472222222227,20251218,True,0.3921739130434785,-0.00782608695652176
20251217,002558.SZ,巨人网络,互联网,trend_high_like,4,5.67,1.2664967734875388,0.8501628664495111,0.09767441860465123,20251218,True,0.1433962264150943,-0.0002358490566036764
20251217,605318.SH,法狮龙,其他建材,trend_high_like,3,1.73,2.412839909383424,0.9124293785310728,0.12058615819209037,20251218,True,0.3207207207207208,-0.028828828828828867
20251216,603123.SH,翠微股份,多元金融,breakout_strong,5,10.03,3.6737077352782794,1.0,0.12350597609561757,20251217,True,0.14592933947772657,0.0
20251216,002383.SZ,合众思壮,通信设备,breakout_strong,5,7.16,3.2134115618107826,0.7627118644067786,0.09560229445506692,20251217,True,0.11240310077519378,-0.011627906976744318
20251216,002920.SZ,德赛西威,汽车配件,breakout_like,5,3.24,2.9364962339172425,0.15694164989939663,0.05543859649122801,20251217,True,0.14758092586146887,0.0
20251216,002627.SZ,三峡旅游,旅游景点,breakout_strong,5,3.27,1.4597031947817174,0.6744186046511612,0.09392265193370174,20251217,True,0.11265646731571621,0.0
20251216,002590.SZ,万安科技,汽车配件,breakout_like,4,2.19,3.685953389986977,0.3541666666666675,0.037037037037037035,20251217,True,0.15808823529411775,-0.011029411764705954
20251216,002405.SZ,四维图新,软件服务,trend_high_like,4,6.44,3.6524231200261172,0.5084745762711862,0.0716763005780348,20251217,True,0.10129564193168417,-0.008244994110718551
20251216,002788.SZ,鹭燕医药,医药商业,trend_high_like,4,4.45,1.50035164085229,0.575,0.19481605351170567,20251217,True,0.5572390572390571,-0.031144781144781253
20251216,002284.SZ,亚太股份,汽车配件,trend_high_like,3,2.09,2.5788419773430107,0.42307692307692124,0.0539062500000001,20251217,True,0.23015873015873023,-0.005555555555555536
20251216,603596.SH,伯特利,汽车配件,trend_high_like,3,1.6,2.1459040052693603,0.1336898395721922,0.08237791932059453,20251217,True,0.1317928968763371,-0.0017115960633291571
20251215,000949.SZ,新乡化纤,化纤,breakout_strong,6,7.21,2.7157230346180365,0.704545454545455,0.18029350104821792,20251216,True,0.10843373493975883,-0.026104417670682833
20251215,002989.SZ,中天精装,装修装饰,breakout_strong,5,5.74,3.433180239487916,0.9831460674157297,0.10015467904098994,20251216,True,0.1529017857142858,-0.04315476190476186
20251215,600814.SH,杭州解百,百货,trend_high_like,5,4.02,2.8114063693844935,0.5423728813559321,0.09828009828009836,20251216,True,0.12622549019607843,-0.011029411764705843
20251215,002697.SZ,红旗连锁,超市连锁,breakout_strong,5,10.07,2.5611787961912027,1.0,0.0935483870967742,20251216,True,0.16537867078825363,0.0
20251215,002149.SZ,西部材料,小金属,breakout_like,5,4.29,1.5479327406051437,0.6393805309734515,0.38057379882474934,20251216,True,0.41041666666666665,-0.03819444444444453
20251215,002837.SZ,英维克,专用机械,breakout_strong,5,3.94,1.469196339845675,0.7554347826086965,0.14000000000000004,20251216,True,0.21268292682926826,-0.012195121951219523
20251215,002842.SZ,翔鹭钨业,小金属,trend_high_like,4,3.56,1.6301889701213768,0.9508196721311458,0.08597662771285484,20251216,True,0.1707317073170731,-0.012615643397813292
20251215,002624.SZ,完美世界,互联网,breakout_like,4,2.93,1.5934291853224927,0.35820895522388096,0.05187713310580203,20251216,True,0.12253233492171534,-0.023144996596324074
20251215,002394.SZ,联发股份,纺织,trend_high_like,4,3.49,1.4279178581635146,0.7916666666666683,0.07715582450832083,20251216,True,0.1193916349809887,-0.02433460076045635
20251215,002446.SZ,盛路通信,通信设备,trend_high_like,3,2.7,1.598045250584207,0.6111111111111124,0.061135371179039354,20251216,True,0.14863387978142062,-0.024043715846994607
20251215,002414.SZ,高德红外,电器仪表,trend_high_like,3,1.36,1.5525984524985288,0.46808510638297746,0.06993006993006982,20251216,True,0.14026792750197026,-0.02206461780929858
20251215,002928.SZ,华夏航空,空运,trend_high_like,3,3.97,1.1534589737023198,0.8363636363636369,0.0751665080875356,20251216,True,0.1240458015267174,-0.014312977099236623
20251212,600151.SH,航天机电,汽车配件,breakout_strong,6,10.0,2.0247125781069784,1.0,0.44629753168779185,20251215,True,0.21062500000000006,-0.04500000000000004
20251211,001359.SZ,平安电工,矿物制品,trend_high_like,5,7.91,0.8421154941387017,0.8888888888888888,0.23051948051948057,20251212,True,0.19981090450677597,-0.028521903561298467
20251211,000969.SZ,安泰科技,小金属,trend_high_like,4,2.66,1.9674041472180803,0.6000000000000009,0.3029197080291971,20251212,True,0.17263157894736847,-0.0189473684210526
20251211,000802.SZ,北京文化,影视音像,trend_high_like,3,2.0,2.488758159597288,0.366666666666668,0.14230769230769236,20251212,True,0.1282051282051282,-0.007889546351084853
20251210,603306.SH,华懋科技,汽车配件,breakout_strong,5,4.9,1.7158906681151016,0.8343949044586,0.15983452425723957,20251211,True,0.20833333333333326,-0.006818181818181834
20251210,605289.SH,罗曼股份,建筑工程,trend_high_like,4,1.41,1.7062903186963236,0.5280373831775711,0.1486713286713287,20251211,True,0.1276027011817671,-0.0011254924029262536
20251209,001330.SZ,博纳影业,影视音像,breakout_strong,6,10.02,2.0955189204865805,1.0,0.5175619834710744,20251210,True,0.1930294906166221,-0.03306523681858797
20251209,605123.SH,派克新材,航空,trend_high_like,3,0.69,1.8168776371823927,0.3464052287581704,0.14790913784202384,20251210,True,0.24023825281270694,-0.00013236267372584987
20251208,000811.SZ,冰轮环境,工程机械,breakout_strong,6,9.98,1.996243852169786,1.0,0.1435094585779517,20251209,True,0.13193588162762038,-0.0012330456226880004
20251208,603668.SH,天马科技,饲料,breakout_strong,6,6.38,1.6520227915678083,0.677595628415299,0.17876424715057,20251209,True,0.13329486439699956,-0.03289094056549313
20251208,603211.SH,晋拓股份,汽车配件,breakout_like,5,4.58,4.203908337551837,0.27480916030534336,0.11961722488038279,20251209,True,0.10395235517054702,-0.009204114780725359
20251208,603680.SH,今创集团,运输设备,breakout_strong,5,10.0,2.6823282138689803,1.0,0.12585616438356154,20251209,True,0.24872231686541735,-0.010221465076661107
20251208,600330.SH,天通股份,专用机械,breakout_like,5,4.05,2.0897325778369393,0.629032258064515,0.12944664031620542,20251209,True,0.29085603112840475,-0.009727626459143934
20251208,000917.SZ,电广传媒,广告包装,breakout_like,5,1.84,1.492012951537699,0.09677419354838487,0.14915254237288128,20251209,True,0.11542730299667037,-0.011098779134295134
20251208,000700.SZ,模塑科技,汽车配件,trend_high_like,4,5.97,0.8819405589526778,0.7692307692307703,0.25447690857681426,20251209,True,0.1594202898550725,-0.0009661835748792091
20251205,603709.SH,中源家居,家居用品,breakout_strong,6,10.02,3.7015438190413517,1.0,0.14361389052383744,20251208,True,0.3484162895927603,-0.03280542986425328
20251205,600501.SH,航天晨光,专用机械,breakout_strong,5,6.45,2.939763952033506,0.8714285714285716,0.11324977618621312,20251208,True,0.12017353579175705,-0.014750542299349245
20251205,603667.SH,五洲新春,机械基件,trend_high_like,5,6.88,2.2026661161522187,0.75513698630137,0.1813450760608487,20251208,True,0.1845679012345678,-0.01625514403292183
20251205,600135.SH,乐凯胶片,塑料,trend_high_like,5,4.71,1.7465395673204647,0.644067796610171,0.11085180863477248,20251208,True,0.13592233009708732,-0.00728155339805836
20251205,600990.SH,四创电子,通信设备,trend_high_like,3,2.61,1.8915343295685443,0.9272727272727287,0.0976968796433879,20251208,True,0.1465930018416206,-0.015837937384898693
20251205,603829.SH,洛凯股份,电气设备,trend_high_like,3,0.14,0.9292122014769991,0.8999999999999991,0.3772495755517827,20251208,True,0.1687865245788931,-0.0436576143004469
20251204,601399.SH,国机重装,工程机械,breakout_strong,5,9.92,2.2229104900991468,1.0,0.16187989556135773,20251205,True,0.19770114942528738,-0.00919540229885063
20251204,600118.SH,中国卫星,航空,trend_high_like,5,10.0,1.8967860194657398,1.0,0.15815240527884206,20251205,True,0.19103313840155955,-0.014511587611002907
20251204,600711.SH,盛屯矿业,小金属,trend_high_like,5,3.11,1.3984277279860111,0.12790697674418547,0.21673003802281365,20251205,True,0.10054137664346485,0.0
20251204,603698.SH,航天工程,专用机械,trend_high_like,4,5.18,3.8539418710236304,0.5753424657534243,0.14230769230769236,20251205,True,0.24690133862171515,-0.018839861179970385
20251204,603130.SH,云中马,纺织,trend_high_like,3,0.77,0.9583395879953083,0.48499999999999943,0.2221969006381039,20251205,True,0.1261051651931131,-0.016984644020474615
20251203,000547.SZ,航天发展,通信设备,breakout_strong,6,5.2,2.46231541045674,0.7783251231527096,0.49480122324159026,20251204,True,0.3529411764705883,-0.022352941176470575
20251203,605299.SH,舒华体育,文教休闲,trend_high_like,5,3.08,2.120088942732539,0.6470588235294114,0.12707182320441981,20251204,True,0.6212406015037593,-0.020676691729323404
20251203,600201.SH,生物股份,农业综合,trend_high_like,4,2.09,0.9643533196231634,0.6478873239436624,0.19288537549407112,20251204,True,0.14020139426800937,-0.020139426800929505
20251202,000078.SZ,海王生物,医药商业,breakout_strong,6,9.89,2.075371728085017,1.0,0.3449197860962567,20251203,True,0.3571428571428572,-0.004761904761904856
20251202,600033.SH,福建高速,路桥,breakout_strong,6,10.1,1.975618029834707,1.0,0.12530712530712534,20251203,True,0.1788235294117646,-0.04235294117647048
20251202,000571.SZ,新大洲A,煤炭开采,trend_high_like,5,4.24,2.1902487641570745,0.6000000000000014,0.1272727272727272,20251203,True,0.21490467937608315,-0.0017331022530329143
20251201,000859.SZ,国风新材,塑料,breakout_strong,6,9.96,5.3009944238599305,1.0,0.09686221009549795,20251202,True,0.14136732329084567,-0.03823870220162229
20251201,000735.SZ,罗牛山,农业综合,breakout_like,5,-1.97,3.3360247470603897,0.2884615384615394,0.05351681957186539,20251202,True,0.20730270906949344,-0.04122497055359242
20251201,605058.SH,澳弘电子,元器件,breakout_strong,5,3.49,2.107282549290699,0.9051724137931009,0.10156760287393858,20251202,True,0.13254172015404353,-0.005455712451861383
20251201,000993.SZ,闽东电力,水力发电,breakout_like,5,0.99,1.4759479883394422,0.5555555555555565,0.09930313588850179,20251202,True,0.1958677685950414,0.0
20251201,001311.SZ,多利科技,汽车配件,breakout_like,5,-0.3,1.2608655608870731,0.11940298507462464,0.12879999999999994,20251202,True,0.12042682926829262,-0.014862804878048697
20251201,001225.SZ,和泰机电,专用机械,breakout_strong,5,4.16,1.237649989268787,0.8346666666666673,0.11464968152866241,20251202,True,0.12999457602603504,-0.018260712348580843
20251201,000807.SZ,云铝股份,铝,breakout_like,5,2.19,1.2319242620715916,0.23880597014925334,0.20133538777606566,20251202,True,0.1287128712871286,-0.019405940594059312
20251201,000701.SZ,厦门信达,商贸代理,breakout_like,4,0.14,2.4480160095880863,0.3529411764705887,0.09748427672955975,20251202,True,0.2097902097902098,-0.01118881118881121
20251201,001360.SZ,南矿集团,工程机械,breakout_strong,4,0.9,2.1294094012157085,0.8918918918918944,0.06666666666666668,20251202,True,0.23480333730631697,-0.00476758045292025
20251201,600800.SH,渤海化学,化工原料,trend_high_like,4,1.95,1.489442251723276,0.5882352941176504,0.12441314553990607,20251202,True,0.20813397129186617,-0.0023923444976076125
20251128,605086.SH,龙高股份,矿物制品,breakout_strong,5,,2.147218165476842,1.0,0.24042686754551162,20251201,True,0.21714285714285708,-0.004571428571428449
20251128,603355.SH,莱克电气,家用电器,breakout_strong,5,,1.2324526300532481,0.9411764705882352,0.1810204744881378,20251201,True,0.1217948717948718,-0.023717948717948634
20251127,603163.SH,圣晖集成,建筑工程,breakout_like,5,,1.3059834227098914,0.5585774058577408,0.2032956505077601,20251128,True,0.23221837754709718,-0.023452518262206956
20251127,601100.SH,恒立液压,工程机械,breakout_strong,4,,3.4214295369946552,1.0,0.14404404404404403,20251128,True,0.10495049504950482,-0.0435643564356436
20251127,603217.SH,元利科技,化工原料,trend_high_like,3,,2.4445085648378737,0.9700000000000006,0.13581183611532618,20251128,True,0.10646387832699622,-0.009125475285171158
20251127,603929.SH,亚翔集成,装修装饰,trend_high_like,3,,0.683030934142746,0.7215189873417717,0.3472434266327397,20251128,True,0.27467959819882215,-0.011257360581918952
20251126,603286.SH,日盈电子,汽车配件,breakout_strong,5,,1.9855187918337245,0.7950664136622382,0.15345049292756102,20251127,True,0.1793045664013404,-0.0010473397570173182
20251125,603999.SH,读者传媒,出版业,breakout_like,5,,1.3605213726661147,0.3529411764705913,0.08028169014084499,20251126,True,0.23239436619718323,-0.008450704225352101
20251125,603391.SH,力聚热能,专用机械,trend_high_like,3,,0.9666054650951682,0.78239608801956,0.21069587628865977,20251126,True,0.10703859876743449,-0.01719104768083024
20251124,603598.SH,引力传媒,互联网,breakout_strong,5,,3.1256193248411197,0.7265624999999991,0.11839207048458142,20251125,True,0.10604395604395611,-0.023076923076922995
20251124,000070.SZ,特发信息,通信设备,breakout_strong,4,,4.700547847197557,1.0,0.1389671361502348,20251125,True,0.2644628099173554,-0.006611570247933907
20251121,600685.SH,中船防务,船舶,breakout_like,5,,3.5655009904359294,0.6644736842105263,0.10197027307293464,20251124,True,0.15062059711506204,-0.016772895001677335
20251121,600835.SH,上海机电,运输设备,breakout_like,5,,3.3061483731246186,0.5540069686411148,0.10357142857142852,20251124,True,0.16551724137931023,-0.010689655172413715
20251120,000065.SZ,北方国际,建筑工程,trend_high_like,4,,2.1682375372644977,0.38709677419354527,0.07983193277310933,20251121,True,0.13833333333333342,-0.023333333333333317
20251119,603636.SH,南威软件,软件服务,breakout_strong,5,,3.0586224728854545,0.824561403508772,0.1235697940503432,20251120,True,0.15538461538461545,-0.013846153846153841
20251119,000017.SZ,深中华A,服饰,breakout_strong,4,,3.1005891650804362,1.0,0.0907840440165061,20251120,True,0.17729591836734704,-0.03443877551020402
20251117,605255.SH,天普股份,汽车配件,trend_high_like,3,,1.0237415236508245,0.9428807947019858,0.19269999999999995,20251118,True,0.19781169018139932,-0.025626259717823174
20251114,605398.SH,新炬网络,软件服务,breakout_strong,5,,3.5637186187391454,1.0,0.06276285991588487,20251117,True,0.13548387096774195,-0.004838709677419284
20251114,603660.SH,苏州科达,IT设备,trend_high_like,4,,1.4854334587694613,0.3658536585365861,0.1928721174004192,20251117,True,0.14436248682824027,-0.004214963119072768
20251114,000505.SZ,京粮控股,食品,trend_high_like,3,,1.1761913537982138,0.7199999999999989,0.11813186813186817,20251117,True,0.17174515235457077,-0.01939058171745145
20251113,600327.SH,大东方,医疗保健,breakout_strong,5,,3.2667563021733965,0.7272727272727287,0.07385229540918166,20251114,True,0.28260869565217406,-0.005928853754940566
20251113,603180.SH,金牌家居,家居用品,breakout_strong,5,,3.1674606824821314,1.0,0.1209302325581396,20251114,True,0.1251758087201127,-0.005625879043600457
20251113,603456.SH,九洲药业,医疗保健,trend_high_like,4,,1.286303626578584,0.9367088607594927,0.10000000000000003,20251114,True,0.10312345066931083,-0.02627664848785327
20251113,603758.SH,秦安股份,汽车配件,trend_high_like,3,,1.5869771998365454,0.8390804597701145,0.15830815709969795,20251114,True,0.10420711974110031,-0.012944983818770184
20251113,603898.SH,好莱客,家居用品,trend_high_like,3,,0.9651987432410681,0.6949152542372885,0.19001751313485113,20251114,True,0.2506714413607878,-0.013428827215756556
20251112,000090.SZ,天健集团,建筑工程,breakout_like,5,,3.916268782373544,0.34782608695652273,0.1119221411192215,20251113,True,0.19024390243902456,-0.01707317073170722
20251112,600301.SH,华锡有色,小金属,breakout_strong,4,,1.2249782642563047,0.8608695652173912,0.2137243047158403,20251113,True,0.10683515221137263,-0.02642159678345779
20251112,605303.SH,园林股份,建筑工程,trend_high_like,4,,1.158116380811202,1.0,0.21595149253731355,20251113,True,0.16007194244604328,-0.025629496402877594
20251112,603655.SH,朗博科技,汽车配件,trend_high_like,3,,2.01888203724166,1.0,0.12674599068804965,20251113,True,0.17206530189168157,-0.019694221300855297
20251111,000036.SZ,华联控股,全国地产,breakout_strong,4,,3.979999770435064,0.8139534883720931,0.1126436781609195,20251112,True,0.2388392857142856,-0.04241071428571441
20251111,000061.SZ,农产品,农业综合,trend_high_like,4,,1.4742147612162728,1.0,0.13312034078807242,20251112,True,0.13255567338282082,-0.008483563096500557
20251111,603158.SH,腾龙股份,汽车配件,trend_high_like,3,,1.3492818396542159,0.7999999999999972,0.057601510859301173,20251112,True,0.12606635071090055,-0.004739336492891044
20251110,600682.SH,南京新百,生物制药,breakout_strong,5,,2.6503316779447816,0.7450980392156864,0.07503234152652005,20251111,True,0.19949174078780163,-0.017789072426937724
20251110,600596.SH,新安股份,化工原料,breakout_strong,4,,3.7633089663939745,0.741379310344827,0.13949275362318833,20251111,True,0.1665166516651666,-0.0036003600360035026
20251110,600272.SH,开开实业,医药商业,trend_high_like,4,,1.7665081348832106,0.4259259259259274,0.10775862068965518,20251111,True,0.13499633162142333,-0.009537784299339713
20251110,600576.SH,祥源文旅,旅游景点,trend_high_like,3,,2.7230371913453926,0.840909090909092,0.071334214002642,20251111,True,0.26,-0.010666666666666713
20251110,603106.SH,恒银科技,IT设备,trend_high_like,3,,1.001441846684096,0.8461538461538504,0.07596153846153855,20251111,True,0.24154589371980673,-0.0019323671497584183
20251107,600409.SH,三友化工,化纤,breakout_strong,5,,2.9389660859159505,0.8974358974358972,0.07758620689655175,20251110,True,0.16112956810631252,-0.011627906976744096
20251107,600222.SH,太龙药业,中成药,trend_high_like,4,,1.2465793717049156,0.7777777777777772,0.0903790087463557,20251110,True,0.22518518518518515,-0.001481481481481417
20251107,603612.SH,索通发展,矿物制品,trend_high_like,3,,2.4171394608912102,0.784552845528455,0.17037302725968437,20251110,True,0.12140804597701149,0.0
20251107,603225.SH,新凤鸣,化纤,trend_high_like,3,,2.382815417471779,0.5128205128205148,0.13492990654205608,20251110,True,0.1450381679389312,-0.009395184967704084
20251106,603708.SH,家家悦,超市连锁,breakout_strong,5,,1.6789125629416268,0.6904761904761886,0.0908273381294964,20251107,True,0.12888888888888883,-0.01244444444444448
20251106,605580.SH,恒盛能源,供气供热,breakout_like,5,,1.2343554310592868,0.6694214876033072,0.30817120622568084,20251107,True,0.14344157504474553,-0.02838148811045771
20251106,000514.SZ,渝开发,区域地产,breakout_strong,4,,3.6537876324113183,1.0,0.11053540587219338,20251107,True,0.15640599001663902,-0.038269550748752046
20251106,600141.SH,兴发集团,农药化肥,trend_high_like,4,,2.0651805908719187,0.7649402390438246,0.1994901210962396,20251107,True,0.13799743260590502,-0.017650834403080906
20251106,603663.SH,三祥新材,小金属,trend_high_like,3,,2.4311476842963344,0.6699507389162567,0.16769547325102882,20251107,True,0.34982935153583594,-0.010238907849829393
20251106,600078.SH,澄星股份,化工原料,trend_high_like,3,,1.128253670955421,1.0,0.38496791934005503,20251107,True,0.21754385964912282,-0.0061403508771930015
20251105,603052.SH,可川科技,元器件,breakout_strong,4,,4.540679009969547,0.7874015748031473,0.166056166056166,20251106,True,0.20626550868486349,-0.003722084367245748
20251105,603353.SH,和顺石油,石油贸易,trend_high_like,4,,0.9155186463469268,0.8035714285714275,0.282792352156514,20251106,True,0.1253309796999118,-0.005736981465136792
20251104,603577.SH,汇金通,电气设备,breakout_like,5,,4.417844525703233,0.6145833333333338,0.08231707317073175,20251105,True,0.1193877551020408,0.0
20251104,600101.SH,明星电力,水力发电,breakout_like,5,,2.1329491065347037,0.6250000000000009,0.06896551724137928,20251105,True,0.12269938650306766,-0.0010224948875255935
20251104,603049.SH,中策橡胶,汽车配件,breakout_like,5,,1.8524202562262397,0.6666666666666652,0.1276211135213305,20251105,True,0.10270270270270276,-0.009009009009009028
20251104,600966.SH,博汇纸业,造纸,breakout_strong,5,,1.6637606098242321,0.7142857142857134,0.06563706563706562,20251105,True,0.13706563706563712,-0.0038610038610037423
20251104,600279.SH,重庆港,港口,breakout_strong,5,,1.2795044875544783,0.7499999999999944,0.07427536231884045,20251105,True,0.11615245009074426,-0.005444646098003547
20251104,600977.SH,中国电影,影视音像,trend_high_like,3,,2.2771181175567783,0.41111111111111087,0.17872876022655756,20251105,True,0.23660714285714302,-0.008290816326530503
20251104,600429.SH,三元股份,乳制品,trend_high_like,3,,1.034489535644908,0.714285714285718,0.07645875251509053,20251105,True,0.22606924643584514,0.0
20251104,600218.SH,全柴动力,汽车配件,trend_high_like,3,,1.0240864172907351,0.6923076923076871,0.07327141382868928,20251105,True,0.24012474012474017,-0.0020790020790020236
20251103,605338.SH,巴比食品,食品,breakout_strong,5,,3.0046706343294955,1.0,0.1617757712565838,20251104,True,0.11304347826086936,-0.021739130434782705
20251103,600067.SH,冠城新材,电气设备,breakout_like,5,,2.571915031029372,0.432432432432432,0.24936386768447835,20251104,True,0.18999999999999995,-0.015000000000000013
20251103,600678.SH,四川金顶,水泥,breakout_strong,5,,2.359701987351308,0.885714285714283,0.062240663900415084,20251104,True,0.23711340206185572,-0.016494845360824795
20251103,601107.SH,四川成渝,路桥,breakout_strong,5,,2.326114816396421,0.75,0.059625212947189185,20251104,True,0.10979729729729737,-0.0016891891891891442
20251103,000510.SZ,新金路,化工原料,breakout_strong,5,,1.6721789196036325,0.9032258064516149,0.10204081632653056,20251104,True,0.11505922165820648,-0.0033840947546531774
20251103,600089.SH,特变电工,电气设备,breakout_strong,5,,1.4774666468441995,1.0,0.24377642085486134,20251104,True,0.2364864864864864,-0.035585585585585555
20251103,601700.SH,风范股份,电气设备,breakout_strong,5,,1.4045901705846022,1.0,0.07581967213114757,20251104,True,0.14723926380368102,-0.004089979550102152
20251103,600550.SH,保变电气,电气设备,trend_high_like,4,,2.142956665193378,1.0,0.10479375696767014,20251104,True,0.35946248600223973,-0.013437849944008873
20251103,603929.SH,亚翔集成,装修装饰,breakout_strong,4,,1.7969940091522727,1.0,0.19227449287872256,20251104,True,0.12484342379958258,-0.02087682672233826
20251103,600756.SH,浪潮软件,软件服务,trend_high_like,4,,1.3058312731518085,0.5249999999999994,0.1588571428571428,20251104,True,0.15833333333333344,-0.011904761904761862
20251103,601929.SH,吉视传媒,影视音像,breakout_strong,4,,1.2041428060007748,1.0,0.11450381679389317,20251104,True,0.17102137767220893,-0.04988123515439424
20251103,600075.SH,新疆天业,化工原料,trend_high_like,4,,1.0777990826840949,0.9090909090909105,0.0729166666666666,20251104,True,0.11250000000000004,-0.008333333333333304
20251103,603105.SH,芯能科技,电气设备,trend_high_like,3,,0.9329603704241617,0.9444444444444455,0.08324661810613933,20251104,True,0.18172268907563027,-0.007352941176470673
20251031,603876.SH,鼎胜新材,铝,breakout_strong,5,,2.5489472129624238,1.0,0.11824324324324327,20251103,True,0.1508120649651974,-0.017788089713843824
20251031,603399.SH,永杉锂业,小金属,breakout_like,5,,2.4200446390931343,0.5333333333333338,0.11674641148325349,20251103,True,0.10596026490066213,-0.024597918637653704
20251031,600082.SH,海泰发展,园区开发,breakout_strong,5,,2.281584279403174,0.7999999999999983,0.1337719298245613,20251103,True,0.10548523206751059,-0.021097046413502185
20251031,600057.SH,厦门象屿,仓储物流,breakout_like,5,,1.7566435264432645,0.6086956521739144,0.1648616125150421,20251103,True,0.11311672683513829,-0.014440433212996484
20251031,603010.SH,万盛股份,化工原料,breakout_like,5,,1.5189389515540108,0.590909090909091,0.11002661934338956,20251103,True,0.11072961373390555,-0.036909871244635184
20251031,605100.SH,华丰股份,机械基件,breakout_strong,5,,1.2181698790571902,0.830985915492958,0.14726688102893895,20251103,True,0.20031595576619288,-0.019905213270142164
20251031,603489.SH,八方股份,电气设备,breakout_strong,4,,3.7045114059607895,1.0,0.12964311726147132,20251103,True,0.1029674651412229,0.0
20251031,600586.SH,金晶科技,玻璃,trend_high_like,4,,2.7154590735139603,0.7499999999999992,0.08901515151515163,20251103,True,0.23105360443622924,0.0
20251031,603656.SH,泰禾智能,专用机械,trend_high_like,4,,2.2653901017564584,0.5869565217391308,0.09767441860465112,20251103,True,0.112043642467478,-0.013848090642047728
20251031,600992.SH,贵绳股份,钢加工,trend_high_like,3,,2.11453163524116,0.8679245283018865,0.06250000000000003,20251103,True,0.10676901605024414,0.0
20251030,600292.SH,电投水电,水力发电,breakout_strong,5,,4.838632149876051,1.0,0.09849624060150379,20251031,True,0.14566642388929352,-0.043699927166788055
20251030,605060.SH,联德股份,机械基件,breakout_strong,5,,1.614255771205614,1.0,0.18362040948976271,20251031,True,0.2977491961414791,-0.027652733118971207
20251030,600191.SH,华资实业,食品,breakout_like,4,,2.1162379399732454,0.5000000000000037,0.10924369747899161,20251031,True,0.1903642773207992,-0.003525264394829586
20251029,601061.SH,中信金属,商贸代理,breakout_strong,5,,1.8625871776719884,0.7678571428571417,0.2793017456359102,20251030,True,0.13709677419354827,-0.032258064516129115
20251029,000688.SZ,国城矿业,铅锌,breakout_strong,5,,1.7803058206944795,0.8141025641025645,0.12954690491384807,20251030,True,0.19645120405576688,-0.008871989860582907
20251029,603067.SH,振华股份,化工原料,breakout_strong,5,,1.7615965032417447,1.0,0.21578947368421045,20251030,True,0.37812500000000004,-0.006249999999999867
20251028,603232.SH,格尔软件,软件服务,breakout_strong,5,,4.0674278683106975,1.0,0.34300421151146476,20251029,True,0.2660028449502134,0.0
20251028,601890.SH,亚星锚链,船舶,breakout_strong,5,,3.200123000319755,0.8043478260869533,0.08113391984359726,20251029,True,0.12363996043521275,-0.014836795252225365
20251028,600516.SH,方大炭素,矿物制品,breakout_strong,5,,2.465321111418838,1.0,0.1156583629893239,20251029,True,0.1520270270270272,-0.013513513513513487
20251028,603185.SH,弘元绿能,电气设备,breakout_like,5,,2.0911924428999527,0.3092105263157888,0.13545647558386417,20251029,True,0.35678807947019875,-0.01490066225165565
20251028,603556.SH,海兴电力,电器仪表,breakout_strong,5,,1.439533339724996,1.0,0.1526840244294439,20251029,True,0.10857664233576636,-0.010036496350365076
20251028,000155.SZ,川能动力,新型电力,trend_high_like,4,,1.3796073735142618,0.3043478260869572,0.11180124223602483,20251029,True,0.13721973094170403,-0.0017937219730941312
20251028,605555.SH,德昌股份,家用电器,trend_high_like,3,,1.543920687020251,0.8793103448275861,0.11386138613861388,20251029,True,0.1694915254237288,-0.001129943502824804
20251027,000657.SZ,中钨高新,小金属,breakout_strong,5,,2.412470468069389,0.6879999999999995,0.18986083499005965,20251028,True,0.2509310986964619,-0.008379888268156388
20251027,600802.SH,福建水泥,水泥,breakout_strong,5,,1.870487281068685,1.0,0.16252072968490885,20251028,True,0.1762048192771084,-0.031626506024096335
20251027,600120.SH,浙江东方,多元金融,trend_high_like,4,,2.072490210802377,0.5357142857142865,0.08282208588957042,20251028,True,0.16279069767441867,-0.009302325581395432
20251027,601138.SH,工业富联,通信设备,trend_high_like,4,,1.2660817317128532,0.8101851851851865,0.21707708779443255,20251028,True,0.1784209047485248,-0.013627423433548946
20251027,600053.SH,九鼎投资,多元金融,trend_high_like,3,,1.3135099274875446,0.6382978723404238,0.12087912087912084,20251028,True,0.10226644555002773,-0.009397457158651035
20251027,603978.SH,深圳新星,小金属,trend_high_like,3,,1.1806061387935929,0.7889447236180912,0.17935222672064777,20251028,True,0.19251559251559236,0.0
20251024,000547.SZ,航天发展,通信设备,breakout_like,4,,3.047640802586585,0.0857142857142863,0.06708860759493673,20251027,True,0.125,-0.007499999999999951
20251024,601600.SH,中国铝业,铝,trend_high_like,4,,1.2729457873324086,0.4565217391304358,0.19741100323624589,20251027,True,0.1326860841423949,-0.017259978425027023
20251024,000679.SZ,大连友谊,百货,trend_high_like,3,,1.3966626941208462,0.6250000000000028,0.1666666666666667,20251027,True,0.18823529411764706,-0.01764705882352946
20251024,603755.SH,日辰股份,食品,trend_high_like,3,,0.91335265938262,0.9626865671641812,0.13769889840881272,20251027,True,0.1682385153635535,-0.017036811682385022
20251024,605287.SH,德才股份,装修装饰,trend_high_like,3,,0.8494388363999497,0.7803030303030283,0.2687385740402194,20251027,True,0.14889772316588346,-0.011926273942898469
20251024,600066.SH,宇通客车,汽车整车,trend_high_like,3,,0.5620935432665495,0.7966101694915236,0.10862409479921004,20251027,True,0.10043521928356203,-0.010378305992634784
20251023,603759.SH,海天股份,水务,breakout_strong,5,,2.229802099238473,0.8958333333333356,0.149438202247191,20251024,True,0.2600652883569097,-0.009793253536452662
20251023,600551.SH,时代出版,出版业,breakout_strong,4,,1.3609345154890424,0.9000000000000018,0.07126696832579174,20251024,True,0.10247747747747726,-0.009009009009009028
20251023,600510.SH,黑牡丹,全国地产,trend_high_like,3,,1.8059098316819864,0.9473684210526327,0.11961722488038268,20251024,True,0.11951219512195133,-0.013414634146341364
20251023,600502.SH,安徽建工,建筑工程,trend_high_like,3,,1.0689354389806545,1.0,0.05636743215031325,20251024,True,0.10229645093945727,-0.010438413361169019
20251022,603355.SH,莱克电气,家用电器,breakout_strong,5,,3.9628148711999307,1.0,0.06133909287257012,20251023,True,0.11178369652945919,-0.04600484261501214
20251021,603685.SH,晨丰科技,电气设备,breakout_strong,4,,2.891268214641369,0.8976377952755885,0.12335266209804956,20251022,True,0.21942257217847771,-0.021522309711286103
20251021,000632.SZ,三木集团,综合类,breakout_strong,4,,1.738603042261433,1.0,0.12980769230769232,20251022,True,0.1298076923076923,-0.007211538461538547
20251021,000593.SZ,德龙汇能,供气供热,trend_high_like,4,,1.193989530840385,0.9074074074074061,0.18498659517426272,20251022,True,0.3941798941798942,-0.006613756613756627
20251021,603356.SH,华菱精工,运输设备,trend_high_like,3,,0.8058242764845547,0.971428571428572,0.14785714285714288,20251022,True,0.20029347028613342,-0.00807043286867215
20251020,600593.SH,大连圣亚,旅游景点,breakout_strong,5,,2.2695024737618206,1.0,0.1853707414829659,20251021,True,0.21624822359071527,-0.000473709142586376
20251020,000530.SZ,冰山冷热,机械基件,trend_high_like,3,,3.316003117679611,0.7547169811320741,0.08610271903323267,20251021,True,0.11450381679389321,-0.007633587786259555
20251017,600681.SH,百川能源,供气供热,breakout_strong,5,,3.260072413767671,0.7142857142857143,0.06930693069306937,20251020,True,0.3156626506024096,-0.014457831325301318
20251017,603817.SH,海峡环保,环境保护,trend_high_like,3,,1.602123010822365,0.34999999999999665,0.08345978755690438,20251020,True,0.12404287901990796,-0.01071975497702915
20251016,605098.SH,行动教育,文教休闲,breakout_like,5,,2.516232296045849,0.49859943977591065,0.09022177419354835,20251017,True,0.11170212765957466,-0.015957446808510523
20251016,600179.SH,安通控股,水运,breakout_strong,5,,1.9202358709019454,1.0,0.12176165803108802,20251017,True,0.14878048780487818,-0.019512195121951237
20251016,603353.SH,和顺石油,石油贸易,trend_high_like,4,,1.4569145161382704,0.2187500000000007,0.0875286041189932,20251017,True,0.11005917159763334,-0.0011834319526626835
20251016,601288.SH,农业银行,银行,trend_high_like,3,,1.1296362409105778,0.9629629629629637,0.1306122448979592,20251017,True,0.10413885180240312,-0.009345794392523366
20251016,603778.SH,国晟科技,电气设备,trend_high_like,3,,0.6110354018502588,0.5,0.2004950495049505,20251017,True,0.10208816705336443,-0.04640371229698359
20251015,600115.SH,中国东航,空运,breakout_strong,5,,1.844533410191845,0.8709677419354835,0.07511737089201874,20251016,True,0.12528473804100249,-0.004555808656036331
20251015,603069.SH,海汽集团,公共交通,trend_high_like,3,,0.9117115708096885,0.7384615384615353,0.12026143790849665,20251016,True,0.3049267643142475,0.0
20251015,600515.SH,海南机场,机场,trend_high_like,3,,0.8526112449806211,1.0,0.0900473933649289,20251016,True,0.17505995203836933,-0.004796163069544224
20251014,600234.SH,科新发展,装修装饰,breakout_like,5,,4.870170204208111,0.6407185628742517,0.25764192139737985,20251015,True,0.17184801381692583,0.0
20251014,600792.SH,云煤能源,焦炭加工,trend_high_like,4,,1.8277827635698312,0.6666666666666654,0.11246943765281173,20251015,True,0.2592592592592593,-0.014814814814814725
20251014,000572.SZ,海马汽车,汽车整车,trend_high_like,4,,1.6126089539372814,0.5576923076923083,0.2523809523809524,20251015,True,0.2831125827814569,0.0
20251014,601628.SH,中国人寿,保险,trend_high_like,3,,1.434278897846024,0.69230769230769,0.06947890818858554,20251015,True,0.10710710710710702,-0.0045045045045044585
20251013,603192.SH,汇得科技,化工原料,breakout_strong,5,,3.8757770059334984,0.7267759562841527,0.14285714285714285,20251014,True,0.10800821355236145,-0.012731006160164315
20251013,000417.SZ,合百集团,百货,breakout_strong,5,,2.1875005928618414,1.0,0.12158054711246198,20251014,True,0.10344827586206895,-0.03448275862068961
20251013,600758.SH,辽宁能源,煤炭开采,breakout_strong,5,,1.3337851436981834,1.0,0.08499999999999996,20251014,True,0.14500000000000002,-0.0050000000000000044
20251013,601077.SH,渝农商行,银行,trend_high_like,4,,1.6949591907702788,0.9473684210526303,0.0886262924667651,20251014,True,0.10911808669656198,-0.013452914798206428
20251013,603903.SH,中持股份,环境保护,trend_high_like,4,,0.9973080202607848,1.0,0.19999999999999996,20251014,True,0.12553802008608317,-0.04160688665710188
20251010,603097.SH,江苏华辰,电气设备,breakout_strong,5,,2.6958028266804646,0.6904761904761928,0.07901554404145085,20251013,True,0.11116051578479325,-0.004891062694530879
20251010,000600.SZ,建投能源,火力发电,breakout_strong,5,,1.92794392612372,0.8139534883720927,0.1210592686002522,20251013,True,0.20076238881829722,-0.0012706480304954804
20251010,605318.SH,法狮龙,其他建材,breakout_strong,5,,1.3240909768369866,0.9972752043596717,0.3047487321346243,20251013,True,0.3085130028895309,-0.022004889975550168
20251010,600215.SH,派斯林,专用机械,breakout_strong,4,,3.3827050251928785,1.0,0.09921671018276759,20251013,True,0.10533333333333328,-0.0013333333333332975
20251010,605598.SH,上海港湾,建筑工程,trend_high_like,4,,3.2322673147108185,0.7374100719424457,0.10074626865671639,20251013,True,0.21143717080511681,0.0
20251010,601898.SH,中煤能源,煤炭开采,trend_high_like,4,,1.4991952447327392,0.6470588235294121,0.09456066945606686,20251013,True,0.16153846153846163,-0.005982905982905851
20251010,605169.SH,洪通燃气,供气供热,trend_high_like,3,,1.6270382201088824,1.0,0.15030303030303033,20251013,True,0.12797992471769137,-0.04140526976160608
20251009,000506.SZ,招金黄金,黄金,breakout_strong,5,,2.5944697767251843,0.9827586206896525,0.15062388591800366,20251010,True,0.29941126997476863,-0.015138772077375906
20251009,000035.SZ,中国天楹,环境保护,breakout_strong,5,,1.4746678805695843,0.9599999999999973,0.18761384335154832,20251010,True,0.132404181184669,-0.013937282229965153
20251009,601611.SH,中国核建,建筑工程,breakout_strong,4,,5.822657779627695,1.0,0.058823529411764636,20251010,True,0.23429710867397824,-0.017946161515453585
20251009,603730.SH,岱美股份,汽车配件,trend_high_like,4,,2.1626856532859806,0.7777777777777787,0.09630818619582672,20251010,True,0.1696284329563813,0.0
20251009,600489.SH,中金黄金,黄金,trend_high_like,4,,1.1245411514615788,1.0,0.21805869074492093,20251010,True,0.141396933560477,-0.011925042589437829
20251009,600961.SH,株冶集团,铅锌,trend_high_like,4,,1.040654642846963,0.7536231884057951,0.15486993345432548,20251010,True,0.10494571773220751,-0.03437876960192987
20251009,000681.SZ,视觉中国,互联网,trend_high_like,3,,4.123681652183971,1.0,0.15594713656387663,20251010,True,0.13928571428571423,-0.01741071428571417
20251009,600686.SH,金龙汽车,汽车整车,trend_high_like,3,,3.575751969822631,0.882352941176471,0.11967871485943764,20251010,True,0.12123677786818554,-0.006509357200976229
20251009,605008.SH,长鸿高科,橡胶,trend_high_like,3,,2.7346000764232623,0.6581196581196578,0.17675840978593274,20251010,True,0.14936708860759484,-0.008860759493670933
20251009,600635.SH,大众公用,供气供热,trend_high_like,3,,0.8233293657122587,1.0,0.3958020989505247,20251010,True,0.17142857142857126,-0.016541353383458746
20250930,600268.SH,国电南自,电气设备,trend_high_like,3,,1.3846165105458517,0.7058823529411774,0.08097560975609756,20251009,True,0.3236434108527131,-0.006782945736434121
20250930,603038.SH,华立股份,家居用品,trend_high_like,3,,0.9971761237235818,0.5600000000000023,0.14994298745724055,20251009,True,0.20149253731343264,-0.018369690011481032
20250929,603110.SH,东方材料,染料涂料,breakout_strong,5,,1.6388296958314348,0.7461538461538448,0.1194615816040381,20250930,True,0.10621904237754531,-0.020363236103467353
20250929,600095.SH,湘财股份,证券,breakout_strong,4,,2.8690678976884323,0.7467532467532474,0.17718631178707225,20250930,True,0.10378787878787876,-0.03409090909090906
20250929,603556.SH,海兴电力,电器仪表,breakout_like,4,,2.4035354955782706,0.6641221374045788,0.05213613323678498,20250930,True,0.11505376344086016,-0.007526881720430034
20250929,603588.SH,高能环境,环境保护,breakout_strong,4,,1.4971475904848377,1.0,0.08948863636363635,20250930,True,0.22159887798036482,-0.012622720897615736
20250929,600711.SH,盛屯矿业,小金属,trend_high_like,4,,1.4747331706669082,0.8947368421052656,0.14634146341463405,20250930,True,0.2290794979079498,0.0
20250929,603026.SH,石大胜华,化工原料,trend_high_like,4,,0.9509501062014186,1.0,0.18078602620087325,20250930,True,0.23833333333333329,-0.036250000000000004
20250929,601600.SH,中国铝业,铝,trend_high_like,3,,1.9251876185438288,0.9444444444444456,0.10622710622710614,20250930,True,0.14022140221402202,-0.00492004920049216
20250929,600893.SH,航发动力,航空,trend_high_like,3,,1.5743944674914592,0.7939393939393926,0.09726668308298456,20250930,True,0.11028500619578674,-0.005700123915737376
20250929,603181.SH,皇马科技,化工原料,trend_high_like,3,,1.1095237291260196,0.9411764705882333,0.13870614035087708,20250930,True,0.15104740904079383,-0.004410143329658278
20250929,600801.SH,华新建材,水泥,trend_high_like,3,,0.7890040222567519,0.8571428571428543,0.168824163969795,20250930,True,0.14725274725274717,-0.02857142857142858
20250926,601126.SH,四方股份,电气设备,breakout_like,5,,2.4113586248434857,0.6214689265536733,0.11729729729729739,20250929,True,0.2887617065556711,-0.025494276795005155
20250926,603878.SH,武进不锈,钢加工,breakout_like,5,,2.3215545165663225,0.24509803921568638,0.3840090090090091,20250929,True,0.30067567567567566,-0.006756756756756799
20250926,603889.SH,新澳股份,纺织,breakout_strong,5,,2.168957698501126,0.8709677419354835,0.052380952380952396,20250929,True,0.22406015037593985,-0.013533834586466287
20250926,603530.SH,神马电力,电气设备,breakout_like,5,,1.495263039024418,0.47712418300653586,0.1010886469673406,20250929,True,0.3096052222567609,-0.023624494870997825
20250926,600362.SH,江西铜业,铜,trend_high_like,4,,1.2739131108642587,0.26940639269406413,0.16461295418641383,20250929,True,0.34313418830153264,-0.02502345949327489
20250926,601877.SH,正泰电器,电气设备,trend_high_like,3,,1.0772037477166652,0.2773722627737224,0.09056987788331078,20250929,True,0.1039049235993208,-0.026146010186757218
20250925,600468.SH,百利电气,电气设备,breakout_like,4,,3.4985626016171016,0.32352941176470695,0.08035714285714286,20250926,True,0.24357034795763988,-0.0075642965204236745
20250925,600769.SH,祥龙电业,水务,breakout_strong,4,,2.9396249599466096,1.0,0.1279170267934313,20250926,True,0.10410094637223977,-0.02208201892744477
20250925,601168.SH,西部矿业,铜,trend_high_like,4,,2.119543538176725,0.6883116883116902,0.14133074307916466,20250926,True,0.2340529931305202,-0.0004906771344453942
20250925,603301.SH,振德医疗,医疗保健,trend_high_like,4,,0.9120993038872753,0.4795640326975489,0.44492544492544495,20250926,True,0.3503946424300406,-0.010045443673762255
20250925,000029.SZ,深深房Ａ,区域地产,trend_high_like,3,,1.3829437846586132,0.6933333333333351,0.13213703099510596,20250926,True,0.1390284757118927,-0.022445561139028514
20250925,601218.SH,吉鑫科技,电气设备,trend_high_like,3,,0.6313478257338164,1.0,0.22118959107806682,20250926,True,0.29457364341085257,-0.009689922480620172
20250924,603650.SH,彤程新材,化工原料,breakout_strong,5,,2.4105685235053316,1.0,0.13376623376623373,20250925,True,0.11901899495070922,-0.02548689588843478
20250924,603799.SH,华友钴业,小金属,breakout_strong,5,,1.2507847064279067,0.7456790123456803,0.17442922374429218,20250925,True,0.248046875,-0.023259943181818232
20250924,603786.SH,科博达,汽车配件,breakout_strong,5,,1.2059332447708027,0.8079748163693586,0.4228294123852727,20250925,True,0.11538854283672006,-0.02991933013376913
20250924,603226.SH,菲林格尔,家居用品,trend_high_like,4,,1.164739127627642,0.8839285714285713,0.3196875,20250925,True,0.23484848484848486,-0.008787878787878789
20250924,603312.SH,西典新能,电气设备,trend_high_like,3,,1.2663307363914018,0.7345132743362854,0.13385826771653542,20250925,True,0.14056746805284814,0.0
20250923,600577.SH,精达股份,电气设备,breakout_strong,5,,1.8547278810942835,0.9487179487179498,0.15531914893617021,20250924,True,0.1576144834930775,-0.022364217252396235
20250923,600105.SH,永鼎股份,通信设备,breakout_strong,5,,1.3362025025792754,1.0,0.1976647206005005,20250924,True,0.1123778501628665,-0.03908794788273606
20250923,605055.SH,迎丰股份,纺织,breakout_strong,5,,1.2396561076452197,1.0,0.25026178010471206,20250924,True,0.13749999999999996,-0.02083333333333326
20250923,600640.SH,国脉文化,影视音像,breakout_strong,4,,4.315849785696836,0.9759036144578308,0.12601927353595263,20250924,True,0.12100965107646622,-0.015590200445434355
20250923,605056.SH,咸亨国际,电器仪表,trend_high_like,3,,3.7836543879479256,0.7755102040816324,0.14221938775510207,20250924,True,0.1196078431372547,0.0
20250922,600857.SH,宁波中百,百货,breakout_strong,5,,2.463923290713391,1.0,0.10447761194029855,20250923,True,0.19199999999999995,-0.04066666666666663
20250922,603322.SH,超讯通信,通信设备,breakout_strong,5,,2.2599530090155495,1.0,0.17328042328042326,20250923,True,0.1608793918224778,-0.0034929114444216536
20250922,603080.SH,新疆火炬,供气供热,breakout_strong,4,,2.1804807882161534,0.8650793650793663,0.08190819081908192,20250923,True,0.10677433826828175,-0.019291161956034086
20250922,605358.SH,立昂微,半导体,trend_high_like,4,,1.3743082991335331,0.8137254901960771,0.1442376521116679,20250923,True,0.31191335740072224,-0.031046931407942235
20250922,605333.SH,沪光股份,汽车配件,trend_high_like,4,,1.2489869156941615,0.9553571428571453,0.15250068324678878,20250923,True,0.10044150110375272,-0.005242825607064128
20250922,000426.SZ,兴业银锡,铅锌,trend_high_like,4,,0.9227259372892223,0.989361702127658,0.265237020316027,20250923,True,0.13343002175489493,-0.042784626540971704
20250922,603283.SH,赛腾股份,专用机械,trend_high_like,3,,0.9383928322009356,0.7513513513513511,0.17305655581444612,20250923,True,0.159041394335512,-0.0017429193899781703
20250919,603699.SH,纽威股份,机械基件,breakout_strong,5,,1.2744118587860886,1.0,0.19309301739349644,20250922,True,0.13826606875934222,-0.02840059790732441
20250919,600996.SH,贵广网络,影视音像,breakout_strong,4,,2.647892301387319,1.0,0.10233592880978865,20250922,True,0.1661307609860665,-0.016077170418006492
20250919,603726.SH,朗迪集团,家用电器,trend_high_like,4,,2.6439472950332212,0.5407407407407405,0.13843266072266538,20250922,True,0.19512195121951215,-0.008608321377331363
20250919,600895.SH,张江高科,园区开发,trend_high_like,4,,1.2473160902218805,0.5,0.20845410628019315,20250922,True,0.3998472893866123,-0.01959786205141245
20250919,000021.SZ,深科技,元器件,trend_high_like,3,,1.151810206073033,0.41489361702127664,0.1673219746614243,20250922,True,0.1352549889135255,-0.018625277161862575
20250918,600167.SH,联美控股,供气供热,breakout_strong,5,,3.33101382679852,0.7808219178082191,0.09496402877697843,20250919,True,0.4852320675105486,0.0
20250918,603686.SH,福龙马,环境保护,breakout_strong,5,,1.9303299097311535,1.0,0.15945551774428784,20250919,True,0.284741144414169,-0.0009082652134423386
20250918,603871.SH,嘉友国际,仓储物流,trend_high_like,4,,1.4650319104596248,0.49019607843137275,0.14056531703590527,20250919,True,0.13643410852713167,0.0
20250918,601138.SH,工业富联,通信设备,trend_high_like,4,,1.1284642851535822,0.633928571428571,0.30269413629160064,20250919,True,0.1383302864107252,-0.015234613040828737
20250918,000014.SZ,沙河股份,全国地产,trend_high_like,3,,1.269264260261515,0.7469879518072284,0.23999999999999996,20250919,True,0.34834123222748836,-0.02251184834123221
20250917,605178.SH,时空科技,装修装饰,breakout_strong,5,,2.741322323936611,1.0,0.19774627408215198,20250918,True,0.15772416276557433,-0.005761613251710429
20250917,603269.SH,海鸥股份,机械基件,trend_high_like,3,,2.0500876556755507,1.0,0.1338709677419355,20250918,True,0.19367588932806323,-0.02529644268774711
20250916,603286.SH,日盈电子,汽车配件,breakout_strong,5,,1.348373475642826,1.0,0.23290155440414512,20250917,True,0.15177885845917594,-0.014077297158945457
20250916,605228.SH,神通科技,汽车配件,trend_high_like,3,,1.3501702148191257,0.746835443037972,0.14627514953779233,20250917,True,0.1500559910414334,-0.04423292273236279
20250916,600869.SH,远东股份,电气设备,trend_high_like,3,,1.0322856201477586,0.7833333333333322,0.17741935483870971,20250917,True,0.18482758620689643,-0.012413793103448256
20250915,600699.SH,均胜电子,汽车配件,breakout_strong,5,,1.655126025239989,0.8000000000000006,0.2812725958062184,20250916,True,0.37862068965517226,-0.0034482758620689724
20250915,600933.SH,爱柯迪,汽车配件,breakout_strong,5,,1.521591501553482,0.6907894736842088,0.1260340632603406,20250916,True,0.138111058376839,-0.008068343616516427
20250915,000559.SZ,万向钱潮,汽车配件,breakout_strong,5,,1.311873989324064,1.0,0.11799761620977356,20250916,True,0.26454445664105375,-0.006586169045005308
20250915,605389.SH,长龄液压,机械基件,trend_high_like,4,,2.3264386988450205,0.7783641160949877,0.1298969072164948,20250916,True,0.2208013640238704,-0.007885763000852641
20250915,605128.SH,上海沿浦,汽车配件,trend_high_like,4,,1.8310580483412469,0.5148936170212767,0.12662258143521926,20250916,True,0.1456548347613218,-0.009302325581395432
20250915,601512.SH,中新集团,园区开发,trend_high_like,4,,1.3585476369842997,0.9534883720930201,0.15343347639484983,20250916,True,0.1480263157894739,-0.033991228070175294
20250915,603662.SH,柯力传感,电器仪表,trend_high_like,3,,1.1729583038590914,0.4966666666666697,0.13209563242954456,20250916,True,0.1244343891402715,-0.016502528613255185
20250915,605318.SH,法狮龙,其他建材,trend_high_like,3,,0.7924810081293274,0.7194244604316544,0.17028571428571432,20250916,True,0.11114335461404523,-0.010446894950667418
20250912,603228.SH,景旺电子,元器件,breakout_strong,5,,2.023370866851265,1.0,0.23312331233123312,20250915,True,0.10047846889952172,-0.025953313034652647
20250912,603667.SH,五洲新春,机械基件,breakout_like,5,,1.7082612409949935,0.46134663341645943,0.15214866434378624,20250915,True,0.2161223071577485,-0.0074125550150567765
20250912,603019.SH,中科曙光,IT设备,breakout_like,5,,1.696916476405617,0.6672131147540978,0.24591537494763305,20250915,True,0.16712871287128706,-0.014158415841584171
20250912,603829.SH,洛凯股份,电气设备,breakout_strong,5,,1.636629320123806,0.8238993710691839,0.15828770532603284,20250915,True,0.21907090464547685,0.0
20250912,603863.SH,松炀资源,造纸,breakout_like,5,,1.4149571989331027,0.6289062500000001,0.20093457943925222,20250915,True,0.10000000000000009,-0.031797235023041326
20250912,603363.SH,傲农生物,饲料,trend_high_like,4,,1.4316949270109751,0.7037037037037035,0.3477477477477477,20250915,True,0.14814814814814814,-0.04814814814814827
20250912,603083.SH,剑桥科技,通信设备,trend_high_like,4,,0.8727019287189102,1.0,0.46558704453441296,20250915,True,0.20368932038834964,-0.0011650485436893732
20250912,605298.SH,必得科技,运输设备,trend_high_like,3,,1.1326440279725902,1.0,0.5361111111111111,20250915,True,0.158050847457627,-0.04088983050847461
20250912,600386.SH,北巴传媒,汽车服务,trend_high_like,3,,1.0347667210203042,0.7272727272727316,0.08230452674897126,20250915,True,0.11801242236024856,-0.01449275362318847
20250911,603790.SH,雅运股份,染料涂料,breakout_strong,5,,3.9746264673462415,0.9678899082568806,0.1272189349112427,20250912,True,0.18443396226415087,-0.024528301886792447
20250911,603416.SH,信捷电气,电器仪表,trend_high_like,4,,1.3755584344878993,0.7406340057636891,0.11474873137993133,20250912,True,0.1440452428476382,-0.00815036593479701
20250911,600635.SH,大众公用,供气供热,trend_high_like,4,,1.203493410345778,0.9000000000000018,0.05841121495327103,20250912,True,0.16393442622950816,-0.004683840749414414
20250911,603319.SH,美湖股份,汽车配件,trend_high_like,4,,0.9020153037226718,1.0,0.15768362998245172,20250912,True,0.1720510894064613,-0.025795141497620855
20250910,603119.SH,浙江荣泰,汽车配件,breakout_strong,5,,1.369548637015882,0.7623762376237624,0.38544586317865664,20250911,True,0.1222333000997009,-0.033499501495513506
20250910,603298.SH,杭叉集团,工程机械,breakout_strong,5,,1.2122366580453416,0.9064748201438831,0.1484281734978114,20250911,True,0.13780918727915203,-0.0223792697290931
20250910,603239.SH,浙江仙通,汽车配件,trend_high_like,4,,2.0175704426265586,0.17592592592592682,0.17827298050139273,20250911,True,0.20534698521046657,-0.010238907849829282
20250910,605577.SH,龙版传媒,出版业,trend_high_like,4,,1.309945673620685,0.7297297297297302,0.0727272727272728,20250911,True,0.1640625,-0.009943181818181879
20250910,603949.SH,雪龙集团,汽车配件,trend_high_like,3,,0.9936484706027847,0.4249999999999969,0.10324483775811216,20250911,True,0.21765601217656005,-0.017757483510908223
20250910,603316.SH,诚邦股份,建筑工程,trend_high_like,3,,0.6290231704205809,1.0,0.19805825242718456,20250911,True,0.20706575073601585,-0.018645731108930308
20250909,603717.SH,天域生物,农业综合,breakout_strong,5,,3.8650289171010233,1.0,0.1513513513513514,20250910,True,0.1444672131147542,-0.02868852459016391
20250909,600376.SH,首开股份,区域地产,breakout_strong,5,,1.6259243023908623,1.0,0.3238341968911917,20250910,True,0.5228310502283104,-0.0091324200913242
20250909,603878.SH,武进不锈,钢加工,breakout_strong,4,,4.537146723038893,1.0,0.08783783783783777,20250910,True,0.18152866242038201,-0.023885350318471388
20250909,603978.SH,深圳新星,小金属,breakout_strong,4,,2.712820225921765,1.0,0.14780219780219778,20250910,True,0.19187600213789424,-0.019241047568145375
20250909,601929.SH,吉视传媒,影视音像,trend_high_like,4,,1.0910102667253354,0.8679245283018863,0.4766839378238342,20250910,True,0.16487455197132617,-0.0035842293906810374
20250909,603101.SH,汇嘉时代,百货,trend_high_like,3,,0.7640332433086919,1.0,0.3801587301587302,20250910,True,0.23116438356164393,-0.0059931506849315586
20250908,605287.SH,德才股份,装修装饰,breakout_like,5,,3.15884732784116,0.6415094339622639,0.07464454976303317,20250909,True,0.24444444444444446,-0.016111111111111076
20250908,603876.SH,鼎胜新材,铝,breakout_strong,5,,2.2642228252655006,0.978260869565216,0.1724444444444444,20250909,True,0.10016977928692716,-0.03735144312393879
20250908,603920.SH,世运电路,元器件,breakout_strong,5,,1.9319701273252055,0.6946902654867264,0.2233779098563646,20250909,True,0.10973763874873876,0.0
20250908,605050.SH,福然德,仓储物流,breakout_strong,5,,1.4818149947612849,1.0,0.21428571428571433,20250909,True,0.10282258064516125,-0.047883064516129004
20250905,603026.SH,石大胜华,化工原料,breakout_strong,5,,2.77656189995222,0.836666666666666,0.09120603015075367,20250908,True,0.1012262563116133,-0.023803798990141956
20250905,000009.SZ,中国宝安,电气设备,breakout_strong,5,,2.5054124370521014,0.8611111111111117,0.11332007952286287,20250908,True,0.10632183908045989,-0.01245210727969337
20250905,600884.SH,杉杉股份,电气设备,breakout_strong,5,,1.8264528415785173,1.0,0.15327868852459012,20250908,True,0.19289749798224354,-0.02421307506053272
20250905,603511.SH,爱慕股份,服饰,breakout_strong,4,,2.436610768374433,1.0,0.07594128908742817,20250908,True,0.16760124610591887,-0.0037383177570093906
20250905,601311.SH,骆驼股份,电气设备,trend_high_like,4,,2.1647879004268655,0.8666666666666665,0.13909774436090228,20250908,True,0.11853245531514589,-0.026340545625588074
20250905,600052.SH,东望时代,供气供热,trend_high_like,4,,1.588834045973504,0.8499999999999989,0.1090909090909091,20250908,True,0.16194331983805665,-0.012145748987854366
20250905,603226.SH,菲林格尔,家居用品,trend_high_like,4,,1.092501435627542,0.9531914893617023,0.15956151035322777,20250908,True,0.22932481022772655,-0.005193767479025224
20250905,605068.SH,明新旭腾,汽车配件,trend_high_like,4,,0.8945061359598876,1.0,0.2189303578299345,20250908,True,0.12277377794619171,-0.0018946570670709262
20250905,600586.SH,金晶科技,玻璃,trend_high_like,3,,1.864491071330288,0.9545454545454555,0.07558139534883732,20250908,True,0.1027131782945736,-0.0019379844961240345
20250904,603185.SH,弘元绿能,电气设备,trend_high_like,4,,1.7244619876462774,0.24666666666666495,0.2133450395083406,20250905,True,0.13424900310146226,-0.011519716437749294
20250904,603301.SH,振德医疗,医疗保健,trend_high_like,4,,1.5509916840561824,0.30630630630630534,0.14387071344107222,20250905,True,0.29135113591072126,-0.02949382223993613
20250903,603091.SH,众鑫股份,家居用品,breakout_strong,5,,2.2342653897340337,0.7344961240310074,0.15492749334122521,20250904,True,0.14253425625088267,-0.038988557705890714
20250903,605117.SH,德业股份,电气设备,breakout_strong,5,,1.4266168945727227,0.680059523809523,0.21515892420537897,20250904,True,0.1712861123331868,-0.009385540401818493
20250903,603848.SH,好太太,家居用品,breakout_strong,5,,1.2122283760347503,0.91044776119403,0.32578124999999997,20250904,True,0.1284504968715494,-0.020610967979389105
20250903,600828.SH,茂业商业,百货,trend_high_like,3,,2.569059579833905,0.7058823529411755,0.1096196868008948,20250904,True,0.13133640552995396,-0.020737327188940058
20250902,600330.SH,天通股份,专用机械,trend_high_like,4,,1.8473298317003666,0.3372093023255806,0.24224806201550386,20250903,True,0.30875122910521147,-0.03343166175024581
20250901,601069.SH,西部黄金,黄金,breakout_strong,5,,1.6201040352569713,1.0,0.09844810863239578,20250902,True,0.3751622674167028,-0.0008654262224144782
20250901,601116.SH,三江购物,超市连锁,breakout_strong,4,,2.390080147801297,1.0,0.07524059492563424,20250902,True,0.10125523012552318,-0.03765690376569031
20250901,603090.SH,宏盛股份,专用机械,trend_high_like,4,,1.3335529954638121,0.9059405940594069,0.2147255689424365,20250902,True,0.2777777777777777,-0.030555555555555558
20250901,600684.SH,珠江股份,区域地产,trend_high_like,4,,1.210746088616717,0.5999999999999991,0.15209125475285168,20250902,True,0.12185686653771755,-0.029013539651837617
20250829,600593.SH,大连圣亚,旅游景点,breakout_strong,6,4.9364,1.885166030971889,0.7539062499999992,0.1013254786450663,20250901,True,0.1433486238532109,-0.015768348623853345
20250829,603099.SH,长白山,旅游景点,breakout_like,6,4.4672,1.8660730981719533,0.6143958868894602,0.1926851025869759,20250901,True,0.26113089937666945,0.0
20250829,600521.SH,华海药业,化学制药,breakout_strong,6,10.0137,1.8336123241459752,1.0,0.15270727580372248,20250901,True,0.134020618556701,-0.009896907216494832
20250829,603993.SH,洛阳钼业,小金属,trend_high_like,5,4.2159,1.1372191672086078,0.724637681159419,0.27518427518427524,20250901,True,0.11904761904761907,-0.02936507936507926
20250829,600438.SH,通威股份,电气设备,trend_high_like,4,2.3223,1.4559037437147688,0.7634408602150549,0.1196736174070715,20250901,True,0.12333791838606145,-0.02705181109582755
20250828,601138.SH,工业富联,通信设备,trend_high_like,5,7.0429,1.4718882504072852,0.823734729493891,0.34211601307189543,20250829,True,0.20833333333333326,-0.017916666666666692
20250828,600547.SH,山东黄金,黄金,trend_high_like,4,2.6447,1.3758902934606743,0.589743589743593,0.12451127819548874,20250829,True,0.13776435045317204,0.0
20250828,000524.SZ,岭南控股,旅游服务,trend_high_like,4,1.4449,1.2001994172883421,0.6825396825396831,0.1241635687732342,20250829,True,0.18359668924003025,-0.0022573363431150906
20250827,600810.SH,神马股份,化纤,breakout_like,6,4.8067,3.3265679317565033,0.6020408163265302,0.10717896865520732,20250828,True,0.10770750988142308,-0.04150197628458496
20250827,603948.SH,建业股份,化工原料,breakout_strong,5,9.9909,2.8218438795096965,1.0,0.10103626943005181,20250828,True,0.39525691699604737,0.0
20250827,600826.SH,兰生股份,文教休闲,trend_high_like,3,0.5367,1.710698304275192,0.11111111111111184,0.07738607050730871,20250828,True,0.1603603603603605,-0.0018018018018017834
20250826,001300.SZ,三柏硕,文教休闲,breakout_strong,6,3.7253,2.085310802347245,0.7058823529411763,0.08267433501078364,20250827,True,0.11346018322762519,-0.047921071176885155
20250826,603360.SH,百傲化学,农药化肥,breakout_strong,6,10.0238,1.9800978176369146,1.0,0.15784832451499112,20250827,True,0.20319240724762722,0.0
20250826,603363.SH,傲农生物,饲料,breakout_strong,5,10.0796,2.974767253378343,1.0,0.07179487179487175,20250827,True,0.15825688073394484,-0.016055045871559703
20250826,601086.SH,国芳集团,百货,trend_high_like,5,5.2305,1.7254484360554174,0.6859504132231401,0.16871416871416875,20250827,True,0.18041237113402064,-0.0077319587628865705
20250826,603052.SH,可川科技,元器件,trend_high_like,5,4.5568,1.3831301111853802,0.7307692307692301,0.1891891891891892,20250827,True,0.11043872919818476,-0.04145234493192129
20250826,603257.SH,中国瑞林,建筑工程,breakout_like,4,2.2499,2.397514492502563,0.5781990521327011,0.05487245366122228,20250827,True,0.20963636363636362,-0.02036363636363636
20250826,601899.SH,紫金矿业,铜,trend_high_like,4,0.8104,1.0996965254402264,0.7288135593220336,0.14471910112359546,20250827,True,0.1151622943530457,-0.012449977767896692
20250825,601698.SH,中国卫通,电信运营,breakout_strong,6,4.8792,3.0388378844175508,0.8,0.10678733031674222,20250826,True,0.11072514112027787,-0.04472427268779855
20250825,600105.SH,永鼎股份,通信设备,breakout_strong,6,7.234,2.093025264651303,0.8309859154929586,0.09647302904564312,20250826,True,0.18948412698412698,-0.022817460317460347
20250825,605289.SH,罗曼股份,建筑工程,breakout_strong,6,8.5948,1.6542336639462643,0.8991416309012864,0.19698009608785175,20250826,True,0.1545830611800567,-0.011539298933159192
20250825,600531.SH,豫光金铅,铅锌,breakout_strong,6,3.9397,1.3853594777727296,0.7058823529411774,0.10313901345291479,20250826,True,0.1023359288097887,-0.033370411568409475
20250825,600489.SH,中金黄金,黄金,breakout_strong,5,4.4828,2.204410127981283,1.0,0.06208718626155887,20250826,True,0.1597359735973598,-0.010561056105610533
20250825,605100.SH,华丰股份,机械基件,trend_high_like,5,5.3892,2.0703739464593003,0.5742574257425744,0.23798449612403103,20250826,True,0.1814874696847213,-0.0012126111560225583
20250825,603011.SH,合锻智能,专用机械,breakout_strong,5,4.2459,1.9608845488865956,0.9342105263157885,0.07706422018348633,20250826,True,0.10983009708737845,-0.04854368932038844
20250825,603036.SH,如通股份,专用机械,trend_high_like,5,3.6979,1.2458836764380747,0.9196428571428573,0.20438683948155523,20250826,True,0.13259668508287303,-0.007031642390758486
20250825,605298.SH,必得科技,运输设备,trend_high_like,4,6.2631,1.1273736877379417,0.649746192893402,0.4158878504672897,20250826,True,0.3223529411764705,-0.03882352941176459
20250825,600500.SH,中化国际,塑料,trend_high_like,3,1.4151,1.0009234952254344,0.6666666666666634,0.15604395604395604,20250826,True,0.12558139534883717,-0.006976744186046546
20250822,600058.SH,五矿发展,商贸代理,breakout_strong,6,10.0239,2.928247189481275,1.0,0.07394366197183097,20250825,True,0.13368421052631585,-0.02421052631578957
20250822,603882.SH,金域医学,医疗保健,trend_high_like,5,4.0198,1.4414770497616136,0.9242424242424232,0.07668231611893582,20250825,True,0.10654441985456842,-0.011065444198545604
20250822,600118.SH,中国卫星,航空,trend_high_like,4,2.1255,1.3666837978278572,0.9897959183673454,0.08187134502923975,20250825,True,0.3821782178217823,-0.011881188118811892
20250822,603119.SH,浙江荣泰,汽车配件,trend_high_like,4,5.7165,0.97762908192802,0.9375000000000006,0.23520860590202072,20250825,True,0.1361639824304539,-0.003074670571010185
20250822,603379.SH,三美股份,化工原料,trend_high_like,3,2.74,1.0429154701634105,0.7387755102040809,0.2069026548672566,20250825,True,0.11615083600142295,-0.0007114905727498844
20250821,603633.SH,徕木股份,汽车配件,breakout_strong,6,9.9695,2.460980862723732,1.0,0.15714285714285717,20250822,True,0.11933395004625336,-0.03700277520814066
20250821,000830.SZ,鲁西化工,化工原料,breakout_strong,6,5.4427,2.2777354780934944,0.8552631578947375,0.10787401574803145,20250822,True,0.16154452324665103,-0.007092198581560294
20250821,001330.SZ,博纳影业,影视音像,breakout_like,5,2.8513,1.9456846712180687,0.6153846153846143,0.06600000000000002,20250822,True,0.34860557768924316,-0.009960159362549792
20250821,605003.SH,众望布艺,纺织,trend_high_like,4,1.2474,3.655720535436027,0.3919308357348709,0.16380718954248372,20250822,True,0.2491652754590985,-0.028380634390651083
20250821,603815.SH,交建股份,建筑工程,trend_high_like,4,2.4272,1.5198503039411777,0.6666666666666666,0.08618654073199532,20250822,True,0.25903614457831314,0.0
20250821,603171.SH,税友股份,软件服务,trend_high_like,3,2.1536,1.1921521997726179,0.40259740259740173,0.16964924838940593,20250822,True,0.19329568227363825,-0.018036072144288595
20250820,001223.SZ,欧克科技,专用机械,breakout_strong,6,6.9807,2.025490344048509,0.8999999999999997,0.14285714285714285,20250821,True,0.1234687925335407,-0.014194050165273087
20250820,600962.SH,国投中鲁,软饮料,breakout_like,6,3.5147,1.4983757107562292,0.5620915032679731,0.13441860465116282,20250821,True,0.1834862385321101,-0.003669724770642313
20250820,600397.SH,江钨装备,专用机械,trend_high_like,5,6.3694,2.6498702889099146,0.7833333333333334,0.10119047619047615,20250821,True,0.28421052631578925,0.0
20250819,603339.SH,四方科技,专用机械,breakout_strong,6,10.0137,4.6658781809500995,1.0,0.14951989026063098,20250820,True,0.2136916186820217,-0.03007037747920671
20250819,600702.SH,舍得酒业,白酒,breakout_strong,6,6.2454,3.8987850771835317,0.7042801556420242,0.06528459719949088,20250820,True,0.2277192982456142,-0.0056140350877192935
20250819,600779.SH,水井坊,白酒,breakout_like,6,3.6227,3.2906936278930585,0.6039215686274496,0.05747126436781609,20250820,True,0.14298808432630628,-0.0038955087076076866
20250819,605155.SH,西大门,家居用品,breakout_strong,6,7.6753,2.7553542101765944,0.7651515151515148,0.1263537906137184,20250820,True,0.1278248587570623,0.0
20250819,603106.SH,恒银科技,IT设备,breakout_like,6,3.664,2.5623113155392554,0.44961240310077494,0.11473962930273617,20250820,True,0.23628318584070795,-0.010619469026548756
20250819,600549.SH,厦门钨业,小金属,breakout_like,6,4.0404,1.772064580343372,0.4852320675105484,0.12231340367330985,20250820,True,0.15791536050156751,0.0
20250819,600389.SH,江山股份,农药化肥,breakout_strong,6,3.7317,1.6946429229679278,0.6736111111111122,0.08615516502357472,20250820,True,0.11833046471600683,-0.0064543889845094515
20250819,603685.SH,晨丰科技,电气设备,breakout_like,6,4.4586,1.3015581481001222,0.6546762589928051,0.09993792675356918,20250820,True,0.12257281553398047,-0.03519417475728159
20250819,000753.SZ,漳州发展,综合类,breakout_strong,5,7.1685,2.3679542186719322,0.7692307692307705,0.1273344651952462,20250820,True,0.2739495798319327,-0.025210084033613467
20250819,603330.SH,天洋新材,塑料,trend_high_like,4,1.4905,1.3764133209803122,0.7000000000000022,0.10209424083769626,20250820,True,0.16158940397350996,-0.01059602649006619
20250819,600722.SH,金牛化工,化工原料,trend_high_like,4,0.4878,1.3104964536567953,0.7499999999999944,0.058917197452229314,20250820,True,0.20840064620355414,-0.004846526655896688
20250819,605179.SH,一鸣食品,乳制品,trend_high_like,3,2.5603,2.592548393685936,0.7384615384615353,0.05441527446300719,20250820,True,0.17834702754954068,-0.007249879168680584
20250819,601579.SH,会稽山,红黄酒,trend_high_like,3,1.8595,2.4167141197912576,0.5267857142857137,0.10064134188455842,20250820,True,0.27614631633178766,-0.011334363730036046
20250819,605133.SH,嵘泰股份,汽车配件,trend_high_like,3,2.7286,1.7721927040237833,0.8181818181818182,0.12309429700734056,20250820,True,0.17671033478893738,-0.008442503639010113
20250819,603613.SH,国联股份,互联网,trend_high_like,3,0.8203,1.0971106985517896,0.3272727272727263,0.08690476190476182,20250820,True,0.11020408163265305,-0.0106122448979592
20250818,600416.SH,湘电股份,电气设备,breakout_like,6,3.6521,2.407680035087078,0.40404040404040326,0.1528580603725113,20250819,True,0.1204356181934656,-0.014734144778987712
20250818,600658.SH,电子城,园区开发,breakout_like,5,2.4854,3.3650601224145813,0.4999999999999995,0.35150645624103305,20250819,True,0.3088235294117647,-0.02941176470588236
20250818,600703.SH,三安光电,半导体,breakout_like,5,1.859,1.8118845170782802,0.6000000000000031,0.051908396946564864,20250819,True,0.16097190584662102,-0.0060744115413818855
20250818,600111.SH,北方稀土,小金属,trend_high_like,5,10.0,1.0557499190282122,1.0,0.20757050964868878,20250819,True,0.1942494906044827,-0.006112746207833419
20250818,600800.SH,渤海化学,化工原料,trend_high_like,4,4.038,1.943527729384804,0.7407407407407401,0.10933940774487462,20250819,True,0.10114942528735638,-0.011494252873563204
20250818,600510.SH,黑牡丹,全国地产,trend_high_like,4,1.0542,1.283927090350802,0.46428571428571347,0.24336283185840712,20250819,True,0.1875,-0.01636904761904756
20250818,000676.SZ,智度股份,互联网,trend_high_like,3,1.2182,1.9185504843283379,0.6470588235294191,0.06652126499454737,20250819,True,0.2510964912280702,-0.007675438596491113
20250818,601689.SH,拓普集团,汽车配件,trend_high_like,3,1.9652,1.8041186711190453,0.723076923076924,0.10139165009940347,20250819,True,0.22694466720128315,-0.01222935044105855
20250815,600839.SH,四川长虹,家用电器,breakout_strong,6,4.9147,3.373263018174953,0.9322033898305099,0.06322957198443567,20250818,True,0.20868744098205871,-0.014164305949008527
20250815,603186.SH,华正新材,元器件,breakout_strong,6,8.3944,1.7529101876658686,0.8659793814432982,0.20293724966622165,20250818,True,0.15051282051282056,-0.028205128205128216
20250815,600601.SH,方正科技,元器件,breakout_strong,6,9.9349,1.600672990587846,1.0,0.20700152207001526,20250818,True,0.1283497884344147,-0.0028208744710859213
20250815,600673.SH,东阳光,综合类,breakout_strong,6,10.0129,1.5820051149797703,1.0,0.20523497917906006,20250818,True,0.11937716262975773,-0.02768166089965396
20250815,603890.SH,春秋电子,元器件,breakout_strong,6,3.7066,1.4137487524118522,0.9814814814814818,0.08892238131122832,20250818,True,0.1017074981440238,-0.0051967334818114885
20250815,603373.SH,安邦护卫,仓储物流,trend_high_like,5,10.0105,1.7053106733904722,1.0,0.15415094339622645,20250818,True,0.15574074074074074,-0.013518518518518485
20250815,603657.SH,春光科技,家用电器,trend_high_like,5,4.441,1.465811996874,0.7200000000000017,0.17653857266685927,20250818,True,0.34068554396423245,-0.0044709388971683195
20250815,603928.SH,兴业股份,化工原料,trend_high_like,4,3.7736,2.3659324658648355,0.9142857142857111,0.05440900562851789,20250818,True,0.20074119827053738,-0.024088943792464512
20250815,600637.SH,东方明珠,影视音像,trend_high_like,4,2.4328,1.4168194212554948,0.7241379310344825,0.061021170610211624,20250818,True,0.1712499999999999,-0.0024999999999999467
20250814,000721.SZ,西安饮食,酒店餐饮,breakout_like,6,3.3721,3.9311753454529015,0.45205479452054886,0.04648526077097507,20250815,True,0.23147092360319288,-0.007981755986317007
20250814,000036.SZ,华联控股,全国地产,breakout_like,6,3.2995,2.6325858256929253,0.5185185185185189,0.09571788413098245,20250815,True,0.10294117647058831,-0.007352941176470673
20250814,600143.SH,金发科技,塑料,breakout_like,6,3.6794,1.9057456245774407,0.5301204819277108,0.3082851637764933,20250815,True,0.1333333333333333,-0.0012820512820512775
20250814,001395.SZ,亚联机械,专用机械,breakout_like,4,1.342,2.5751095844555434,0.5920000000000016,0.04068522483940055,20250815,True,0.1521181001283698,-0.002995293110825803
20250814,000799.SZ,酒鬼酒,白酒,trend_high_like,4,2.0449,1.71161851045784,0.45112781954887116,0.09296383647798749,20250815,True,0.3872255489021956,-0.00858283433133733
20250813,000962.SZ,东方钽业,小金属,breakout_strong,6,9.9832,2.728697929032976,1.0,0.11051212938005395,20250814,True,0.1564449064449065,-0.0005197505197503949
20250813,603222.SH,济民健康,医疗保健,breakout_strong,6,4.9929,2.694680744922395,0.864406779661017,0.08321964529331519,20250814,True,0.6268861454046639,-0.006858710562414272
20250813,600301.SH,华锡有色,小金属,breakout_strong,6,10.0131,1.919256701696145,1.0,0.14991830065359485,20250814,True,0.14347826086956528,-0.01146245059288531
20250813,601020.SH,华钰矿业,铅锌,breakout_strong,6,9.9851,1.872183308660466,1.0,0.12045454545454538,20250814,True,0.10682624113475181,-0.037677304964538916
20250813,603608.SH,天创时尚,服饰,breakout_strong,6,5.2147,1.5387335302608705,0.9523809523809534,0.18248175182481752,20250814,True,0.15597667638483959,-0.017492711370262426
20250813,603155.SH,新亚强,化工原料,breakout_like,5,3.4161,2.7605425439063307,0.6276595744680841,0.05705521472392647,20250814,True,0.21021021021021014,-0.012612612612612484
20250813,603606.SH,东方电缆,电气设备,breakout_strong,5,3.2147,2.7344979495960007,0.7527472527472512,0.0566640063846767,20250814,True,0.11728639240506333,-0.013449367088607556
20250813,000887.SZ,中鼎股份,汽车配件,breakout_strong,5,2.9491,1.6003697611258074,0.7654320987654312,0.09853249475890981,20250814,True,0.19319938176197837,-0.037094281298299836
20250813,600580.SH,卧龙电驱,电气设备,trend_high_like,5,3.7603,1.3306882795804558,0.7697841726618704,0.2035951543571708,20250814,True,0.44938952343442296,-0.03623473808586064
20250813,603617.SH,君禾股份,机械基件,trend_high_like,4,2.2727,2.032738472810236,0.413333333333334,0.230607966457023,20250814,True,0.12934782608695672,-0.021739130434782483
20250813,603713.SH,密尔克卫,仓储物流,trend_high_like,4,2.4541,1.2528623462001909,0.9299363057324844,0.08176100628930817,20250814,True,0.1141082519964507,-0.00017746228926351915
20250812,605208.SH,永茂泰,铝,breakout_strong,6,8.3647,2.846341154356731,0.8723404255319152,0.11836441893830706,20250813,True,0.1332882273342355,-0.03112313937753719
20250812,600353.SH,旭光电子,元器件,breakout_like,6,6.2371,1.7234504776581125,0.6428571428571426,0.1841584158415842,20250813,True,0.11617458279845949,-0.03979460847240046
20250812,601633.SH,长城汽车,汽车整车,breakout_like,5,1.8206,2.026954305583809,0.5647058823529407,0.06236371565634539,20250813,True,0.10704960835509136,-0.006962576153176636
20250812,001212.SZ,中旗新材,其他建材,trend_high_like,5,3.0371,1.6217252012473817,0.6769230769230756,0.21779808529155784,20250813,True,0.27209554831704663,-0.022366992399565522
20250812,600363.SH,联创光电,元器件,breakout_like,5,1.7921,1.361450718974466,0.6140350877193005,0.08901135604542426,20250813,True,0.10096957539284523,-0.012036108324974926
20250812,600336.SH,澳柯玛,家用电器,trend_high_like,4,0.8368,1.7531673395168177,0.39130434782608947,0.06027397260273966,20250813,True,0.10082872928176778,-0.0055248618784530246
20250812,000815.SZ,美利云,通信设备,trend_high_like,4,0.8856,1.274815515644177,0.30555555555555447,0.07173913043478262,20250813,True,0.11273792093704249,-0.0036603221083455484
20250812,603737.SH,三棵树,染料涂料,trend_high_like,3,1.4702,0.6399690876664583,0.7555555555555564,0.11397590361445775,20250813,True,0.12147239263803677,-0.0007361963190184451
20250811,601137.SH,博威合金,小金属,breakout_strong,6,7.2911,3.4721511134381693,0.8273809523809529,0.06981627296587936,20250812,True,0.3353115727002969,-0.0059347181008900796
20250811,603499.SH,翔港科技,广告包装,breakout_strong,6,6.7766,2.8872138569241415,0.8818897637795259,0.08610451306413297,20250812,True,0.11705882352941166,-0.01941176470588224
20250811,600967.SH,内蒙一机,运输设备,breakout_strong,6,9.9571,1.3295129140138258,0.9960474308300403,0.3053061224489796,20250812,True,0.19937451133698203,-0.017591868647380715
20250811,000011.SZ,深物业A,房产服务,breakout_strong,5,10.0115,4.017109266969801,1.0,0.06584821428571447,20250812,True,0.1645833333333333,-0.0010416666666666075
20250811,600458.SH,时代新材,塑料,breakout_strong,5,1.6442,1.295268575473026,0.8529411764705861,0.06484893146647021,20250812,True,0.10000000000000009,-0.00955882352941173
20250811,603897.SH,长城科技,电气设备,breakout_strong,5,1.6956,1.2313888767606154,0.8867924528301914,0.05706304868316041,20250812,True,0.12177707259024206,-0.01547005156683856
20250811,603607.SH,京华激光,造纸,trend_high_like,4,3.6265,1.6187352968516164,0.9134615384615385,0.09808612440191378,20250812,True,0.1606133979015334,-0.002421307506053405
20250811,603125.SH,常青科技,化工原料,trend_high_like,3,1.8868,0.9140949820984292,0.8,0.05466052934407361,20250812,True,0.11657142857142855,-0.01828571428571435
20250811,603040.SH,新坐标,汽车配件,trend_high_like,3,2.3762,0.6414968620543664,0.8435114503816805,0.25457633515757694,20250812,True,0.10945945945945956,-0.021428571428571463
20250808,600778.SH,友好集团,百货,breakout_strong,6,5.7143,3.2672026635906533,0.7800000000000011,0.06268221574344032,20250811,True,0.12142857142857144,-0.0357142857142857
20250808,600495.SH,晋西车轴,运输设备,breakout_strong,6,4.8077,2.4534307226069485,0.7435897435897443,0.09005628517823648,20250811,True,0.14285714285714302,-0.016071428571428514
20250808,601002.SH,晋亿实业,机械基件,breakout_strong,6,3.0019,2.0224758072091285,0.8181818181818186,0.059149722735674724,20250811,True,0.12159709618874781,-0.01270417422867498
20250808,600113.SH,浙江东日,区域地产,breakout_like,6,4.8562,1.70939543142734,0.4372759856630822,0.17077020202020202,20250811,True,0.5271527152715272,0.0
20250808,603359.SH,东珠生态,建筑工程,trend_high_like,5,3.8961,2.0407497400529966,0.7058823529411765,0.11479944674965423,20250811,True,0.1527777777777779,-0.023611111111111138
20250808,601139.SH,深圳燃气,供气供热,breakout_strong,5,1.0687,1.540731172900516,0.8888888888888911,0.0332326283987915,20250811,True,0.125,-0.012048192771084376
20250808,601606.SH,长城军工,专用机械,breakout_like,5,0.387,1.3791464813683385,0.36363636363636404,0.49226006191950467,20250811,True,0.41191210485736307,-0.00019275250578265624
20250808,603090.SH,宏盛股份,专用机械,trend_high_like,5,3.7313,1.0847852851948019,0.7394957983193279,0.2528230865746549,20250811,True,0.17342130065975514,-0.013509267986176576
20250808,603337.SH,杰克科技,纺织机械,trend_high_like,5,4.6474,0.7622901246186581,0.8013937282229967,0.23595505617977527,20250811,True,0.2737169517884914,-0.022439457898244752
20250808,603031.SH,安孚科技,电气设备,breakout_like,4,1.3993,2.815163317340772,0.5633802816901421,0.10481968318166508,20250811,True,0.23092643051771122,-0.032697547683923744
20250808,600255.SH,鑫科材料,小金属,trend_high_like,4,1.0101,1.248617897698869,0.5454545454545465,0.17530864197530865,20250811,True,0.19696969696969702,-0.025252525252525304
20250808,600513.SH,联环药业,化学制药,trend_high_like,4,10.0142,1.1219167044725944,1.0,0.39804587935429053,20250811,True,0.12923462986198242,-0.032204098703471296
20250808,603993.SH,洛阳钼业,小金属,trend_high_like,4,2.9536,0.9856380987556886,0.6923076923076902,0.16283924843423805,20250811,True,0.14372469635627527,-0.018218623481781493
20250808,000006.SZ,深振业Ａ,区域地产,trend_high_like,3,2.5197,1.8314987657586488,0.9600000000000009,0.06880733944954132,20250811,True,0.17647058823529416,-0.019607843137254832
20250808,600737.SH,中粮糖业,食品,trend_high_like,3,0.7897,0.8726590758093863,0.7692307692307755,0.05945419103313835,20250811,True,0.3567937438905182,-0.009775171065493637
20250808,600172.SH,黄河旋风,矿物制品,trend_high_like,3,0.6565,0.8273557033845919,1.0,0.1118279569892474,20250811,True,0.19565217391304368,-0.019565217391304346
20250807,001268.SZ,联合精密,机械基件,breakout_strong,6,5.8183,1.8283756767011683,0.6937984496124037,0.108841259209645,20250808,True,0.11808476221287623,-0.008087997411840853
20250807,000070.SZ,特发信息,通信设备,breakout_strong,5,10.0257,3.3414102886319457,1.0,0.12274368231046937,20250808,True,0.2914218566392479,-0.03642773207990602
20250807,600498.SH,烽火通信,通信设备,breakout_strong,5,2.5056,2.310900700045174,0.766129032258065,0.07374890254609305,20250808,True,0.12560175054704592,-0.015317286652078876
20250807,603033.SH,三维股份,橡胶,trend_high_like,4,2.5,2.158188350302543,0.6551724137931048,0.10260869565217388,20250808,True,0.11637931034482762,-0.020689655172413834
20250807,000029.SZ,深深房Ａ,区域地产,trend_high_like,4,2.0792,1.0439189900051355,0.5625000000000023,0.1134924500730639,20250808,True,0.11832611832611839,-0.011063011063011108
20250806,603130.SH,云中马,纺织,breakout_strong,6,9.9972,1.2253491374965042,1.0,0.15549597855227876,20250807,True,0.18482097831568356,-0.0030257186081693588
20250806,605378.SH,野马电池,电气设备,breakout_strong,5,9.9811,2.9526180655654444,1.0,0.10236220472440949,20250807,True,0.30752688172042997,-0.02107526881720423
20250806,605196.SH,华通线缆,电气设备,breakout_strong,5,10.0217,2.2194925462428228,1.0,0.1073506081438393,20250807,True,0.10442565887618116,-0.00497265042267514
20250806,603319.SH,美湖股份,汽车配件,breakout_strong,5,7.4006,1.8148721777682446,0.9495798319327742,0.2229892992751121,20250807,True,0.23447098976109215,-0.010238907849829393
20250806,603158.SH,腾龙股份,汽车配件,breakout_strong,5,0.8403,1.4891039889977586,0.8333333333333358,0.04767580452920147,20250807,True,0.10582639714625452,-0.015457788347205792
20250806,600619.SH,海立股份,家用电器,trend_high_like,5,10.0061,1.333072819268675,1.0,0.3513812154696133,20250807,True,0.4138702460850112,-0.01230425055928408
20250805,600452.SH,涪陵电力,水力发电,breakout_strong,6,5.9701,4.981227174990983,0.8787878787878787,0.05833333333333339,20250806,True,0.2084592145015105,-0.0050352467270895485
20250805,603380.SH,易德龙,元器件,breakout_strong,6,10.0,1.9248307267062383,1.0,0.19284171551990117,20250806,True,0.13449600945906015,-0.03931421814957137
20250805,603023.SH,威帝股份,汽车配件,breakout_strong,6,3.2746,1.8442534506081454,0.6842105263157867,0.09701492537313426,20250806,True,0.12682926829268304,-0.004878048780487698
20250805,600203.SH,福日电子,元器件,breakout_strong,6,9.9744,1.4662669774325778,1.0,0.226768968456948,20250806,True,0.3317972350230416,-0.026881720430107503
20250805,603579.SH,荣泰健康,家用电器,breakout_strong,6,7.0195,1.2586181857976275,0.8320802005012543,0.261632766787406,20250806,True,0.16305837215675512,-0.011510002740476866
20250805,601777.SH,千里科技,摩托车,trend_high_like,5,3.0989,2.724956115802327,0.5471698113207553,0.06214039125431521,20250806,True,0.1352601156069364,-0.010404624277456587
20250805,600698.SH,湖南天雁,汽车配件,trend_high_like,5,9.9907,1.3609176073917262,1.0,0.20432692307692313,20250806,True,0.16048387096774186,-0.02580645161290329
20250805,600676.SH,交运股份,汽车配件,trend_high_like,5,3.0797,1.2307879609025594,0.6206896551724158,0.18782608695652175,20250806,True,0.1079646017699114,-0.012389380530973493
20250805,001379.SZ,腾达科技,机械基件,trend_high_like,4,0.6601,1.3908271914397823,0.6923076923076965,0.061026352288488225,20250806,True,0.11896955503512885,-0.001405152224824402
20250805,000547.SZ,航天发展,通信设备,trend_high_like,4,0.7229,1.3885051386065523,0.43478260869564983,0.10476190476190485,20250806,True,0.1546762589928059,-0.0023980815347721673
20250805,603001.SH,奥康国际,服饰,trend_high_like,4,4.5455,0.8090685341211462,0.960784313725491,0.2502744237102085,20250806,True,0.1425389755011135,-0.008908685968819552
20250805,603500.SH,祥和实业,运输设备,trend_high_like,3,1.5512,0.8535298050203741,0.9000000000000018,0.08375378405650859,20250806,True,0.23458038422649152,-0.011122345803842415
20250805,600595.SH,中孚实业,铝,trend_high_like,3,0.8299,0.6222099964735336,0.5714285714285733,0.10655737704918024,20250806,True,0.10905349794238672,-0.018518518518518712
20250804,001306.SZ,夏厦精密,机械基件,breakout_strong,6,10.006,2.952103853128346,1.0,0.17750929368029741,20250805,True,0.12541254125412515,-0.007026509102523226
20250804,605298.SH,必得科技,运输设备,breakout_strong,6,10.0196,1.338801953322834,1.0,0.15750915750915742,20250805,True,0.14086956521739125,-0.01449275362318836
20250804,603119.SH,浙江荣泰,汽车配件,breakout_strong,6,10.0,1.2721126737609667,1.0,0.3187907935417383,20250805,True,0.13683688646504732,-0.011733597752437652
20250804,600626.SH,申达股份,汽车配件,trend_high_like,5,5.7441,2.7944752218232147,0.7812499999999993,0.11330049261083733,20250805,True,0.13868613138686126,-0.017031630170316392
20250804,603507.SH,振江股份,电气设备,breakout_strong,5,6.1526,2.6774688253145245,0.9840000000000003,0.08359375000000002,20250805,True,0.11235521235521229,-0.004633204633204491
20250804,603712.SH,七一二,通信设备,trend_high_like,5,5.6088,2.18028682952578,0.9794520547945221,0.10950226244343898,20250805,True,0.17713004484304928,0.0
20250804,000901.SZ,航天科技,汽车配件,trend_high_like,4,3.2609,1.1102867611619933,0.8870967741935506,0.11267605633802813,20250805,True,0.3814814814814813,-0.007407407407407418
20250804,603701.SH,德宏股份,汽车配件,trend_high_like,3,1.5556,0.9532543449666092,0.9545454545454557,0.06652126499454737,20250805,True,0.1042007637752318,-0.007092198581560183
20250801,603052.SH,可川科技,元器件,breakout_strong,6,9.9855,5.955042411180318,1.0,0.07042253521126761,20250804,True,0.11702849389416548,-0.01933514246947088
20250801,603150.SH,万朗磁塑,塑料,breakout_strong,6,7.4484,4.073462372980865,0.7430340557275529,0.06396209653538654,20250804,True,0.20792079207920788,0.0
20250801,603312.SH,西典新能,电气设备,breakout_strong,6,4.8454,2.633328796459498,0.804597701149426,0.11243484735666422,20250804,True,0.1361166007905139,-0.006916996047430679
20250801,603189.SH,网达软件,软件服务,breakout_strong,6,3.2551,1.7144535598235005,0.8505747126436795,0.1087975013014055,20250804,True,0.13185108583247152,-0.016546018614270963
20250801,601798.SH,蓝科高新,化工机械,breakout_strong,6,3.8977,1.6642458206199662,0.9142857142857109,0.08726415094339625,20250804,True,0.10259433962264142,-0.010613207547169767
20250801,603080.SH,新疆火炬,供气供热,trend_high_like,4,2.6172,1.8229147229353386,0.7179487179487185,0.10397074190177649,20250804,True,0.17428267800212538,-0.011689691817215686
20250801,600021.SH,上海电力,火力发电,trend_high_like,4,2.3231,1.5759019021908427,0.7058823529411774,0.0955284552845528,20250804,True,0.12195121951219501,-0.014227642276422814
20250801,603203.SH,快克智能,专用机械,trend_high_like,4,1.7584,1.3546963129619214,0.6262626262626283,0.10074626865671639,20250804,True,0.1094696969696971,0.0
20250801,605580.SH,恒盛能源,供气供热,trend_high_like,3,0.5844,0.6478852425112454,0.6206896551724146,0.17300380228136875,20250804,True,0.15558424790187209,-0.016139444803098812
20250731,600629.SH,华建集团,建筑工程,trend_high_like,5,8.1668,2.416126281545909,0.822033898305084,0.34406912804399065,20250801,True,0.2679628064243449,-0.01775147928994092
20250731,603683.SH,晶华新材,化工原料,trend_high_like,5,7.1928,1.1384804902134058,0.7647058823529421,0.2626794258373205,20250801,True,0.20617110799438998,-0.013557737260401992
20250730,603229.SH,奥翔药业,化学制药,breakout_like,5,0.0949,5.008219433334969,0.07575757575757681,0.16034155597722957,20250731,True,0.1711026615969582,-0.011406844106463754
20250730,603063.SH,禾望电气,电气设备,breakout_strong,5,5.9022,3.0802145947361548,0.8021582733812961,0.11340206185567006,20250731,True,0.15856416054267952,0.0
20250729,600326.SH,西藏天路,水泥,breakout_strong,6,10.0255,3.5555347612483645,1.0,0.47107438016528924,20250730,True,0.14571092831962407,-0.017038777908343072
20250729,000801.SZ,四川九洲,家用电器,breakout_strong,6,4.3877,3.474920499879673,0.7053571428571426,0.05950095969289836,20250730,True,0.10546139359698681,-0.008160703075957287
20250729,600730.SH,中国高科,文教休闲,breakout_strong,6,5.1007,2.337821820841696,1.0,0.17222963951935916,20250730,True,0.12435897435897436,-0.015384615384615441
20250729,605198.SH,安德利,软饮料,breakout_strong,6,4.7772,2.0719727776464443,0.8402777777777772,0.10956130483689548,20250730,True,0.1428571428571428,-0.013406593406593448
20250729,600684.SH,珠江股份,区域地产,trend_high_like,5,4.186,2.059200889289948,0.6216216216216226,0.10043668122270741,20250730,True,0.2318181818181817,-0.00909090909090915
20250729,601089.SH,福元医药,化学制药,trend_high_like,5,9.9904,1.437982660652768,1.0,0.28956372968349015,20250730,True,0.27659574468085113,-0.03872340425531917
20250729,000813.SZ,德展健康,化学制药,trend_high_like,4,2.0356,1.613023556407807,0.6666666666666653,0.20792079207920788,20250730,True,0.33164556962025316,-0.005063291139240533
20250729,600658.SH,电子城,园区开发,trend_high_like,3,0.2101,0.9818601327366192,0.6153846153846096,0.08471074380165293,20250730,True,0.11949685534591192,-0.008385744234800652
20250729,603516.SH,淳中科技,IT设备,trend_high_like,3,1.9441,0.7198693723021191,0.7452229299363067,0.34198560060629035,20250730,True,0.40677637947725076,-0.03175217812197484
20250728,603976.SH,正川股份,医疗保健,breakout_strong,6,6.6759,2.8266081064888877,0.7262357414448672,0.19838781907747424,20250729,True,0.17647058823529393,-0.023981900452488714
20250728,000802.SZ,北京文化,影视音像,breakout_strong,6,3.4951,2.4493510977793176,0.7368421052631582,0.0932038834951457,20250729,True,0.1407407407407406,-0.012962962962963065
20250728,600208.SH,衢州发展,全国地产,trend_high_like,5,5.6555,1.1256851466364135,0.8857142857142858,0.28571428571428575,20250729,True,0.47432762836185827,-0.012224938875305624
20250728,600733.SH,北汽蓝谷,汽车整车,trend_high_like,3,0.8783,0.8949083014783137,0.5555555555555522,0.11477411477411473,20250729,True,0.10519801980198018,-0.004950495049505066
20250725,001367.SZ,海森药业,化学制药,breakout_like,6,3.3013,2.314144017576086,0.3774319066147855,0.13352272727272724,20250728,True,0.12974939369442207,-0.010913500404203691
20250724,603633.SH,徕木股份,汽车配件,trend_high_like,4,2.8121,1.8186639157354838,0.8285714285714321,0.11982570806100214,20250725,True,0.1092896174863387,0.0
20250724,600539.SH,狮头股份,互联网,trend_high_like,3,1.6436,0.9583483922028962,1.0,0.1160267111853089,20250725,True,0.28474576271186436,-0.008474576271186529
20250724,001331.SZ,胜通能源,供气供热,trend_high_like,3,1.8447,0.65746592353147,1.0,0.0863377609108158,20250725,True,0.18989710009354543,-0.028063610851262744
20250723,603992.SH,松霖科技,家居用品,trend_high_like,4,0.4158,2.1329031510071803,0.6202531645569607,0.16762295081967213,20250724,True,0.18293180890159255,0.0
20250722,603367.SH,辰欣药业,化学制药,breakout_strong,6,9.9834,4.420046306795866,1.0,0.23460898502495842,20250723,True,0.3095959595959594,-0.0060606060606061
20250722,603337.SH,杰克科技,纺织机械,breakout_strong,6,3.8742,1.8433908150006684,0.8849557522123902,0.13661757237176236,20250723,True,0.10635080645161277,-0.014616935483870885
20250722,600682.SH,南京新百,生物制药,trend_high_like,5,4.414,3.0363926751356654,0.5737704918032792,0.09077809798270904,20250723,True,0.19225251076040184,0.0
20250722,600977.SH,中国电影,影视音像,breakout_strong,5,2.7119,2.018630092125449,0.8333333333333327,0.12405699916177707,20250723,True,0.29180327868852474,-0.012295081967212962
20250722,603055.SH,台华新材,纺织,breakout_strong,5,0.6431,1.6651807697930519,0.7500000000000044,0.05117270788912584,20250723,True,0.10106382978723394,0.0
20250722,605158.SH,华达新材,钢加工,trend_high_like,3,1.6355,1.354431683179275,0.7586206896551707,0.11447084233261345,20250723,True,0.20459770114942533,-0.006896551724137834
20250721,000683.SZ,博源化工,化工原料,breakout_strong,6,10.0604,5.118439195104783,1.0,0.07632093933463807,20250722,True,0.1407678244972579,-0.01645338208409508
20250721,600089.SH,特变电工,电气设备,breakout_strong,6,6.748,4.370881425527093,0.8837209302325605,0.10015772870662458,20250722,True,0.17043740573152344,-0.02413273001508298
20250721,601800.SH,中国交建,建筑工程,breakout_like,6,4.4494,4.365298366824847,0.46153846153846223,0.08503767491926795,20250722,True,0.12526539278131632,-0.015923566878980888
20250721,000922.SZ,佳电股份,电气设备,breakout_strong,6,5.0134,3.184273732302896,0.7727272727272733,0.10948275862068962,20250722,True,0.15365853658536577,-0.034146341463414664
20250721,605255.SH,天普股份,汽车配件,breakout_strong,6,9.9849,3.054983315531586,1.0,0.11731315042573322,20250722,True,0.23318181818181816,-0.03409090909090906
20250721,603280.SH,南方路机,工程机械,breakout_strong,6,9.9962,2.633339897140011,1.0,0.17155110793423878,20250722,True,0.39793882978723394,-0.018284574468084958
20250721,001206.SZ,依依股份,造纸,breakout_strong,6,6.4923,1.8486223166478624,0.7358490566037743,0.11610650371017024,20250722,True,0.11600831600831607,0.0
20250721,000960.SZ,锡业股份,小金属,breakout_strong,6,3.2297,1.3579805533710183,0.8208955223880631,0.16597510373443985,20250722,True,0.11046511627906996,-0.0034883720930232176
20250721,605296.SH,神农集团,农业综合,breakout_strong,5,9.0102,2.6771436637937587,0.9056603773584894,0.09672528805336561,20250722,True,0.12796352583586623,-0.003039513677811634
20250721,603871.SH,嘉友国际,仓储物流,breakout_strong,5,5.219,2.2630132724587546,0.6923076923076917,0.1289449954914337,20250722,True,0.10628875110717462,-0.005314437555358653
20250721,601608.SH,中信重工,专用机械,trend_high_like,5,4.0449,2.159153068647498,0.8571428571428544,0.1380753138075314,20250722,True,0.12343096234309625,-0.014644351464435212
20250721,601233.SH,桐昆股份,化纤,breakout_like,5,2.2222,1.9865016781199432,0.6499999999999989,0.08883025505716798,20250722,True,0.10608695652173927,-0.0008695652173912327
20250721,600985.SH,淮北矿业,煤炭开采,trend_high_like,5,3.9931,1.7767157649047338,0.8809523809523835,0.06750000000000005,20250722,True,0.13861386138613874,-0.008250825082508184
20250721,601001.SH,晋控煤业,煤炭开采,breakout_strong,5,2.6005,1.4849163295329708,0.7906976744186048,0.09575289575289564,20250722,True,0.20366132723112118,-0.009153318077803174
20250721,600331.SH,宏达股份,农药化肥,trend_high_like,5,4.1379,1.4166482748349056,0.8947368421052652,0.17841409691629956,20250722,True,0.11419068736141913,-0.011086474501108556
20250721,601636.SH,旗滨集团,玻璃,trend_high_like,5,3.8079,1.0188321335125763,0.9090909090909068,0.18852459016393436,20250722,True,0.11341853035143767,-0.01757188498402551
20250721,601003.SH,柳钢股份,普钢,trend_high_like,5,9.9511,0.8515619335972221,1.0,0.43719412724306683,20250722,True,0.18571428571428572,-0.04999999999999993
20250721,603226.SH,菲林格尔,家居用品,trend_high_like,4,3.5741,0.8903820217735829,0.6935483870967726,0.22547584187408493,20250722,True,0.3849000740192452,-0.03774981495188745
20250721,600711.SH,盛屯矿业,小金属,trend_high_like,4,3.8136,0.8279226474270797,0.9642857142857119,0.23458445040214476,20250722,True,0.11292517006802716,0.0
20250721,000576.SZ,甘化科工,电气设备,trend_high_like,3,1.3436,1.084751205296469,0.5818181818181835,0.21669793621013136,20250722,True,0.11621368322399261,-0.012183692596063778
20250721,600315.SH,上海家化,日用化工,trend_high_like,3,2.3191,1.026216897677142,0.7195121951219507,0.09254267744833793,20250722,True,0.11520947176684859,-0.00045537340619317135
20250718,600316.SH,洪都航空,航空,breakout_strong,6,8.2723,3.458414222813221,0.8450363196125907,0.14158597225857114,20250721,True,0.12402711523976917,-0.0010042681395932007
20250718,600895.SH,张江高科,园区开发,breakout_strong,6,5.1797,2.9649534126575734,0.9629629629629638,0.11555555555555559,20250721,True,0.15352697095435675,-0.004149377593361092
20250718,600619.SH,海立股份,家用电器,breakout_strong,6,10.016,2.1210262177455066,1.0,0.22027439024390236,20250721,True,0.263235294117647,-0.022058823529411686
20250718,000657.SZ,中钨高新,小金属,breakout_like,6,3.1061,1.67343239799686,0.6197183098591534,0.14977645305514156,20250721,True,0.42193173565722586,-0.01815541031227308
20250718,600426.SH,华鲁恒升,农药化肥,breakout_strong,5,5.0639,3.309738235652833,0.9553571428571422,0.04966139954853264,20250721,True,0.104305370616955,0.0
20250718,000762.SZ,西藏矿业,小金属,trend_high_like,5,3.8903,1.6631129373674003,0.7874999999999981,0.13672795851013683,20250721,True,0.1145454545454545,-0.020454545454545392
20250718,600857.SH,宁波中百,百货,breakout_strong,5,2.6126,1.3713357063790688,0.9047619047619068,0.18214285714285708,20250721,True,0.14285714285714302,-0.014196983141082531
20250718,600792.SH,云煤能源,焦炭加工,trend_high_like,5,10.0543,0.8644044708003903,1.0,0.14285714285714293,20250721,True,0.10972568578553621,-0.027431421446383997
20250718,000830.SZ,鲁西化工,化工原料,trend_high_like,4,2.027,2.1474050860712737,0.7307692307692295,0.04627006610009445,20250721,True,0.11441441441441436,-0.0108108108108107
20250718,000701.SZ,厦门信达,商贸代理,trend_high_like,4,5.0314,1.6986717718226267,0.8292682926829262,0.15789473684210528,20250721,True,0.14848484848484866,-0.021212121212121127
20250718,601118.SH,海南橡胶,橡胶,trend_high_like,4,0.6098,1.0458595317804744,0.7500000000000056,0.07474747474747477,20250721,True,0.1088709677419355,-0.006048387096774244
20250718,600507.SH,方大特钢,特种钢,trend_high_like,4,1.3359,0.8956739776246365,0.928571428571424,0.2026515151515152,20250721,True,0.23320895522388052,-0.00932835820895539
20250718,601595.SH,上海电影,影视音像,trend_high_like,3,2.045,1.9673550251211829,0.413793103448277,0.09906914893617011,20250721,True,0.14006622516556289,0.0
20250718,600486.SH,扬农化工,农药化肥,trend_high_like,3,2.464,0.9636603484138663,0.934210526315793,0.06881261290852353,20250721,True,0.13076046246539663,-0.013515714053085826
20250718,603338.SH,浙江鼎力,工程机械,trend_high_like,3,1.1224,0.8367495315797688,0.9036144578313272,0.1492929292929293,20250721,True,0.1025745811197385,-0.01042092357989366
20250717,000422.SZ,湖北宜化,农药化肥,breakout_strong,6,4.7297,3.126765105587252,0.7733333333333334,0.06721311475409825,20250718,True,0.16996047430830052,-0.011857707509881465
20250717,000566.SZ,海南海药,化学制药,breakout_strong,6,6.7524,1.8535010277846415,0.9245283018867922,0.15091463414634138,20250718,True,0.11890243902439024,-0.021341463414634054
20250717,001359.SZ,平安电工,矿物制品,breakout_strong,6,10.0,1.2381204780166428,1.0,0.3249141736145169,20250718,True,0.25,-0.015596330275229331
20250717,600650.SH,锦江在线,公共交通,trend_high_like,5,4.7073,2.01349945332075,0.7980769230769255,0.1594285714285714,20250718,True,0.20162696106914568,-0.018012783265543453
20250717,000735.SZ,罗牛山,农业综合,trend_high_like,4,1.9293,1.5507492388478463,0.6842105263157875,0.09733124018838306,20250718,True,0.11041009463722395,-0.014195583596214534
20250717,603496.SH,恒为科技,IT设备,trend_high_like,4,1.8182,1.430335676176757,0.9090909090909133,0.08037094281298293,20250718,True,0.1784055727554179,-0.011222910216718285
20250717,603577.SH,汇金通,电气设备,trend_high_like,3,1.0776,0.994328368994202,0.8888888888888911,0.08227848101265835,20250718,True,0.10660980810234544,-0.008528784648187626
20250717,601100.SH,恒立液压,工程机械,trend_high_like,3,0.0,0.8043695666659826,0.6752136752136674,0.1440832249674904,20250718,True,0.11364822546972841,-0.020615866388308923
20250716,605116.SH,奥锐特,化学制药,breakout_strong,6,3.3058,1.810239570822972,0.903225806451613,0.09058134294727362,20250717,True,0.10472370766488392,-0.01916221033868093
20250716,603728.SH,鸣志电器,电气设备,breakout_strong,5,2.9545,1.8345551555289221,0.8318181818181827,0.10752505520638693,20250717,True,0.10470668485675305,-0.012619372442019161
20250716,001301.SZ,尚太科技,电气设备,breakout_strong,5,2.73,1.5991628154466462,0.721973094170402,0.0962787950383934,20250717,True,0.10589627292447235,-0.009268388877933353
20250716,001283.SZ,豪鹏科技,电气设备,trend_high_like,5,3.7197,1.1244049004350194,0.756281407035176,0.23869268897149942,20250717,True,0.18019000155738985,-0.004983647406945901
20250716,600774.SH,汉商集团,化学制药,trend_high_like,3,2.381,1.0294528432673866,0.9199999999999946,0.14918918918918916,20250717,True,0.2999999999999998,0.0
20250716,000788.SZ,北大医药,化学制药,trend_high_like,3,1.7134,0.6897291340863804,0.8750000000000028,0.11764705882352945,20250717,True,0.12788906009244982,0.0
20250715,600230.SH,沧州大化,化工原料,breakout_strong,6,5.8932,5.950800799150304,0.7553191489361701,0.09249084249084247,20250716,True,0.438893844781445,-0.01873327386262269
20250715,603001.SH,奥康国际,服饰,breakout_strong,6,9.987,5.634813430465773,1.0,0.23346303501945523,20250716,True,0.10110974106041937,-0.025893958076448675
20250715,603039.SH,泛微网络,软件服务,breakout_strong,5,9.9963,2.2187301685399006,1.0,0.08087974459028027,20250716,True,0.12222222222222223,-0.024836601307189565
20250715,603109.SH,神驰机电,电气设备,trend_high_like,5,9.9922,1.8098876554981507,1.0,0.15565706254392128,20250716,True,0.11797362942401102,-0.017349063150589816
20250715,600850.SH,电科数字,软件服务,breakout_strong,5,1.2863,1.3373336837179746,0.9148936170212782,0.07926078028747431,20250716,True,0.11133851821530905,-0.0032746623004501485
20250715,603275.SH,众辰科技,电器仪表,trend_high_like,5,3.6253,1.1453885734212965,0.5666666666666673,0.24689899586532782,20250716,True,0.23745819397993317,-0.016328939602596848
20250715,600380.SH,健康元,化学制药,trend_high_like,3,0.4274,0.9438813337594668,0.6315789473684186,0.08736217133163693,20250716,True,0.1071428571428572,0.0
20250714,605259.SH,绿田机械,农用机械,breakout_strong,6,10.0137,5.069849531822936,1.0,0.17375400091449478,20250715,True,0.17419354838709689,-0.04556451612903223
20250714,603486.SH,科沃斯,家用电器,breakout_strong,6,9.9983,1.726240775195257,1.0,0.1340866925282509,20250715,True,0.10276073619631898,-0.0076687116564416735
20250714,000513.SZ,丽珠集团,化学制药,breakout_strong,5,3.2738,1.5819135642624016,0.9767441860465108,0.07278059184217534,20250715,True,0.13359683794466393,-0.0015810276679842916
20250714,600449.SH,宁夏建材,水泥,trend_high_like,4,1.7857,1.894667718833342,0.2424242424242426,0.06861313868613135,20250715,True,0.11070381231671544,-0.006598240469208205
20250714,000880.SZ,潍柴重机,专用机械,trend_high_like,4,10.0,1.1127433587124105,1.0,0.24350894882782959,20250715,True,0.32512820512820517,-0.01025641025641022
20250711,600392.SH,盛和资源,小金属,breakout_strong,6,9.978,2.682368053865316,1.0,0.11867977528089883,20250714,True,0.1300970873786409,-0.037540453074433655
20250711,603200.SH,上海洗霸,环境保护,trend_high_like,4,6.6791,1.1945080435902797,0.8450413223140495,0.33109791147729456,20250714,True,0.1741176470588235,-0.0039215686274510775
20250711,603308.SH,应流股份,机械基件,trend_high_like,3,2.6407,0.9512427476115978,0.9540229885057482,0.11143695014662756,20250714,True,0.22916666666666674,-0.025416666666666643
20250710,600111.SH,北方稀土,小金属,breakout_strong,6,10.0204,4.665929944947763,1.0,0.07536907536907529,20250711,True,0.1153846153846152,-0.020979020979021046
20250710,603439.SH,三力制药,中成药,breakout_strong,5,9.9662,5.6116361560655506,1.0,0.08737092930897535,20250711,True,0.11093871217998452,-0.02948021722265326
20250710,000758.SZ,中色股份,铅锌,breakout_strong,5,2.1739,1.7240082231403957,0.9000000000000018,0.06576402321083169,20250711,True,0.15969581749049433,-0.0076045627376425395
20250710,000831.SZ,中国稀土,小金属,trend_high_like,4,5.9211,2.527478359541403,0.7089201877934278,0.09600000000000004,20250711,True,0.10581732034745972,-0.015530402737562565
20250710,600326.SH,西藏天路,水泥,trend_high_like,4,3.7736,1.130136139910526,0.8604651162790726,0.15783664459161154,20250711,True,0.11136363636363611,-0.015909090909090984
20250710,000705.SZ,浙江震元,医药商业,trend_high_like,4,1.1682,1.0151505106716532,0.9230769230769251,0.07043879907621241,20250711,True,0.2182448036951501,-0.010392609699769073
20250710,600195.SH,中牧股份,农业综合,trend_high_like,3,1.3643,0.7943872095397569,1.0,0.07754010695187166,20250711,True,0.11036339165545095,-0.0053835800807536804
20250709,603081.SH,大丰实业,专用机械,breakout_strong,6,10.0092,3.23791780018218,1.0,0.10815602836879423,20250710,True,0.20333333333333337,-0.030833333333333268
20250709,603778.SH,国晟科技,电气设备,breakout_strong,6,10.1333,2.866294902964685,1.0,0.2178477690288714,20250710,True,0.3422982885085575,-0.014669926650366705
20250709,000151.SZ,中成股份,商贸代理,breakout_like,5,5.5688,5.32610520632981,0.5757575757575755,0.0815047021943573,20250710,True,0.11136712749615985,-0.016897081413210335
20250709,603767.SH,中马传动,汽车配件,breakout_like,5,4.6763,2.7925689690307864,0.3819444444444446,0.16315789473684214,20250710,True,0.13154761904761902,-0.017857142857142905
20250708,600390.SH,五矿资本,多元金融,trend_high_like,5,4.4983,1.9526114506737735,0.7249999999999994,0.15569823434991983,20250709,True,0.14072847682119205,-0.0033112582781458233
20250707,001896.SZ,豫能控股,火力发电,breakout_strong,6,10.0,2.643223034113276,1.0,0.16406249999999997,20250708,True,0.19928825622775803,-0.02491103202846967
20250707,603676.SH,卫信康,化学制药,breakout_like,5,0.7886,6.389905127673052,0.3467741935483868,0.22003154574132486,20250708,True,0.21859706362153353,-0.013866231647634564
20250707,600236.SH,桂冠电力,水力发电,breakout_strong,5,5.4517,4.270158941926842,0.755555555555555,0.04761904761904756,20250708,True,0.10359712230215834,-0.048920863309352525
20250707,603013.SH,亚普股份,汽车配件,breakout_strong,5,4.3968,1.7316397865687503,0.7894736842105247,0.11654755360087965,20250708,True,0.13638814016172485,-0.010781671159029615
20250707,000796.SZ,凯撒旅业,旅游服务,trend_high_like,4,2.799,1.2597087676129122,1.0,0.1119221411192215,20250708,True,0.21836228287841197,-0.007444168734491385
20250707,600927.SH,永安期货,多元金融,trend_high_like,4,10.0,0.7646095848966352,1.0,0.1988950276243093,20250708,True,0.1812499999999999,-0.03874999999999995
20250707,603683.SH,晶华新材,化工原料,trend_high_like,3,2.8302,1.0975976555250426,0.6880733944954135,0.15416916616676676,20250708,True,0.13577981651376136,0.0
20250704,600475.SH,华光环能,电气设备,breakout_strong,6,9.9738,4.3307384603717285,1.0,0.12360515021459223,20250707,True,0.5038461538461538,-0.0461538461538461
20250704,600267.SH,海正药业,化学制药,breakout_strong,6,10.0207,3.524843913576824,1.0,0.123671497584541,20250707,True,0.20257826887661157,-0.03038674033149169
20250704,600571.SH,信雅达,软件服务,breakout_strong,6,10.0297,2.075221935732756,1.0,0.17505470459518604,20250707,True,0.22663913267940106,-0.008776458440888035
20250704,603716.SH,塞力医疗,医药商业,trend_high_like,5,10.0209,0.13045228450843768,0.5,0.39196242171189977,20250707,True,0.1986301369863015,-0.041095890410958846
20250704,000514.SZ,渝开发,区域地产,trend_high_like,4,0.6452,2.5237011778649294,0.04999999999999889,0.11652542372881353,20250707,True,0.5794979079497906,0.0
20250703,600016.SH,民生银行,银行,trend_high_like,3,0.0,0.6588957627241516,0.44444444444444553,0.11244979919678724,20250704,True,0.14516129032258052,-0.002016129032258007
20250702,000530.SZ,冰山冷热,机械基件,breakout_strong,6,10.0826,2.40167716812272,1.0,0.18389057750759877,20250703,True,0.13452914798206272,-0.026905829596412634
20250702,600704.SH,物产中大,仓储物流,breakout_like,5,2.6365,2.5439782569111724,0.5294117647058817,0.05772811918063324,20250703,True,0.13369963369963367,-0.0073260073260073
20250702,603089.SH,正裕工业,汽车配件,trend_high_like,4,3.7267,3.1267362490818016,0.42647058823529377,0.19312362838332117,20250703,True,0.1287711552612214,0.0
20250702,600191.SH,华资实业,食品,trend_high_like,4,2.1192,2.030389754017348,0.875,0.08678756476683937,20250703,True,0.12353706111833551,-0.016905071521456483
20250702,600513.SH,联环药业,化学制药,trend_high_like,4,1.1742,1.8850455053744726,0.32075471698113234,0.14863593603010347,20250703,True,0.35562015503875966,-0.012596899224806224
20250702,603062.SH,麦加芯彩,染料涂料,trend_high_like,3,0.135,2.266341117036233,0.0,0.10336432049579464,20250703,True,0.11374722838137452,-0.013082039911308296
20250701,600673.SH,东阳光,综合类,breakout_strong,6,8.9424,1.86587300739789,0.8983050847457633,0.21742738589211624,20250702,True,0.12350597609561742,-0.03824701195219127
20250701,600744.SH,华银电力,火力发电,breakout_strong,5,9.9778,2.215453606996426,1.0,0.12295081967213108,20250702,True,0.474,-0.018000000000000016
20250701,603538.SH,美诺华,化学制药,trend_high_like,4,6.9001,1.1339641293985814,0.7794871794871796,0.30597014925373134,20250702,True,0.3133208255159474,-0.00797373358348974
20250630,000737.SZ,北方铜业,铜,breakout_like,6,5.3346,4.064609908897073,0.46551724137930955,0.15421920465567407,20250701,True,0.24183006535947715,-0.0429505135387489
20250630,601218.SH,吉鑫科技,电气设备,breakout_strong,6,9.893,1.8855272386047606,1.0,0.08823529411764708,20250701,True,0.2662037037037035,-0.04398148148148162
20250630,600732.SH,爱旭股份,电气设备,breakout_like,6,5.56,1.4676521564470113,0.6052631578947358,0.1468253968253968,20250701,True,0.10837817063797073,-0.01537279016141424
20250630,000811.SZ,冰轮环境,工程机械,breakout_like,5,5.0375,3.1106439355825724,0.4848484848484852,0.1266598569969355,20250701,True,0.15596330275229353,0.0
20250630,601865.SH,福莱特,玻璃,breakout_strong,5,5.4785,2.680309809871586,0.8767123287671236,0.07728181212524984,20250701,True,0.12164813603662528,-0.011118378024852826
20250630,600619.SH,海立股份,家用电器,trend_high_like,4,4.2962,3.3694368460199695,0.31481481481481516,0.12188841201716737,20250701,True,0.16106194690265463,0.0
20250627,600711.SH,盛屯矿业,小金属,breakout_strong,6,4.0609,1.7386265735698403,0.8500000000000026,0.11092715231788078,20250630,True,0.11040000000000005,-0.012800000000000034
20250626,603316.SH,诚邦股份,建筑工程,trend_high_like,5,10.0741,3.435629629798889,1.0,0.1562082777036048,20250627,True,0.5960000000000001,0.0
20250626,603228.SH,景旺电子,元器件,trend_high_like,5,9.9906,2.490989802623307,1.0,0.17903682719546735,20250627,True,0.24058459808881394,-0.01630129286115789
20250626,600967.SH,内蒙一机,运输设备,trend_high_like,4,0.0,3.122101547051529,0.2974358974358976,0.2712177121771219,20250627,True,0.3163265306122449,-0.0006377551020407823
20250626,603936.SH,博敏电子,元器件,trend_high_like,4,0.0,1.8164082005706268,0.2758620689655166,0.14253647586980925,20250627,True,0.18027210884353728,-0.00793650793650802
20250626,000856.SZ,冀东装备,专用机械,trend_high_like,3,1.1429,2.3173491806681836,0.23255813953488305,0.07417840375586864,20250627,True,0.1304347826086958,-0.000945179584120992
20250626,605123.SH,派克新材,航空,trend_high_like,3,2.1339,1.1115234500700075,0.47499999999999787,0.19763465374750647,20250627,True,0.1890893592839893,-0.003977837761045655
20250625,600858.SH,银座股份,百货,breakout_strong,6,10.0,3.2815122913237453,1.0,0.12820512820512822,20250626,True,0.11204013377926425,-0.03511705685618738
20250625,603948.SH,建业股份,化工原料,breakout_like,5,2.2756,7.2068988793386355,0.3848920863309352,0.25621576064053947,20250626,True,0.16695804195804187,-0.045454545454545414
20250625,600698.SH,湖南天雁,汽车配件,breakout_strong,5,10.0,2.2598971619868764,1.0,0.14550264550264547,20250626,True,0.3232323232323233,-0.015151515151515138
20250625,603275.SH,众辰科技,电器仪表,trend_high_like,4,3.1461,3.3201604226918477,0.6848484848484848,0.14772727272727276,20250626,True,0.1286666666666667,-0.016000000000000014
20250624,603155.SH,新亚强,化工原料,breakout_strong,6,9.981,8.202370547580353,1.0,0.17624763108022748,20250625,True,0.2204396910279265,-0.019607843137254832
20250624,601519.SH,大智慧,软件服务,breakout_strong,6,5.5127,3.1701845404199918,0.75,0.07853403141361257,20250625,True,0.15094339622641528,-0.0031446540880502027
20250624,603663.SH,三祥新材,小金属,breakout_strong,6,6.2605,2.444592357449683,0.7814207650273215,0.10424098295679743,20250625,True,0.1330438215554679,0.0
20250624,000065.SZ,北方国际,建筑工程,breakout_strong,5,10.0307,3.635074951130673,1.0,0.09746954076850976,20250625,True,0.14889705882352944,-0.02573529411764719
20250624,601606.SH,长城军工,专用机械,breakout_like,5,0.4455,3.5754059569740466,0.5977337110481583,0.3618811881188118,20250625,True,0.6190476190476193,0.0
20250624,605319.SH,无锡振华,汽车配件,breakout_strong,5,4.5208,1.5045593115419473,0.7129186602870812,0.12739965095986044,20250625,True,0.13710144927536216,-0.04318840579710148
20250624,603118.SH,共进股份,通信设备,trend_high_like,5,4.0486,1.40228505556177,0.9487179487179453,0.10465116279069768,20250625,True,0.13689320388349513,-0.008737864077669855
20250623,605580.SH,恒盛能源,供气供热,breakout_strong,6,7.1786,4.100741646021431,0.947916666666666,0.146031746031746,20250624,True,0.11093375897845181,-0.0015961691939345712
20250623,603773.SH,沃格光电,元器件,trend_high_like,3,2.0298,2.14746999893893,0.8086956521739138,0.11278519156263457,20250624,True,0.10521662245800179,0.0
20250623,603051.SH,鹿山新材,塑料,trend_high_like,3,2.6631,2.0722817173195764,0.8,0.08567153011597453,20250624,True,0.13977272727272738,0.0
20250623,603659.SH,璞泰来,化工原料,trend_high_like,3,1.4594,1.3132571210652448,0.6164383561643823,0.12239142695995488,20250624,True,0.107040641099027,-0.008586147681740042
20250620,603200.SH,上海洗霸,环境保护,trend_high_like,4,5.0525,2.390005452857955,0.7020547945205465,0.13685263947960968,20250623,True,0.27988260405549625,-0.008804695837780097
20250620,603125.SH,常青科技,化工原料,trend_high_like,4,5.6376,2.211871511314076,0.7967479674796749,0.09589905362776023,20250623,True,0.10279765777488614,-0.017566688353936266
20250619,603386.SH,骏亚科技,元器件,breakout_like,5,0.9692,4.191588355966786,0.056603773584906106,0.07430069930069927,20250620,True,0.12478485370051651,-0.02151462994836484
20250618,600110.SH,诺德股份,电气设备,breakout_strong,6,10.1036,3.780965393057344,1.0,0.17179487179487177,20250619,True,0.534675615212528,-0.029082774049216997
20250618,600992.SH,贵绳股份,钢加工,breakout_strong,5,9.9778,3.7753258262856195,1.0,0.10368349249658933,20250619,True,0.10209601081812036,-0.01690331304935766
20250618,603186.SH,华正新材,元器件,trend_high_like,4,4.9513,2.4703488043351314,0.8303030303030317,0.06795395469736347,20250619,True,0.11375464684014869,-0.0018587360594793934
20250618,605389.SH,长龄液压,机械基件,trend_high_like,3,2.4349,1.1668800872111975,1.0,0.12093663911845723,20250619,True,0.10958149779735682,-0.03634361233480177
20250617,600113.SH,浙江东日,区域地产,breakout_strong,6,9.9931,4.288649653648381,1.0,0.07442489851150201,20250618,True,0.5949044585987262,-0.01146496815286624
20250616,603373.SH,安邦护卫,仓储物流,trend_high_like,5,7.0543,1.1881754845252097,0.7505882352941171,0.2305958938407611,20250617,True,0.13424124513618696,-0.002675097276264582
20250613,000968.SZ,蓝焰控股,石油开采,breakout_like,6,5.9701,5.917136124890304,0.6304347826086958,0.06314243759177676,20250616,True,0.17421124828532242,-0.04526748971193417
20250613,000159.SZ,国际实业,石油贸易,breakout_like,6,3.777,3.953417071074215,0.6470588235294114,0.08536585365853662,20250616,True,0.18803418803418803,-0.02564102564102555
20250613,600570.SH,恒生电子,软件服务,breakout_like,6,3.8548,3.7271674034447964,0.34020618556700893,0.09031791907514451,20250616,True,0.14234234234234222,-0.0014414414414414267
20250613,600367.SH,红星发展,化工原料,breakout_strong,5,10.0302,5.165957535490781,1.0,0.1153846153846154,20250616,True,0.12590163934426246,-0.04393442622950816
20250613,000617.SZ,中油资本,多元金融,trend_high_like,3,2.0144,2.3604438905242686,0.5588235294117635,0.08321775312066569,20250616,True,0.12552891396332866,-0.02961918194640334
20250611,600562.SH,国睿科技,通信设备,trend_high_like,5,3.5395,0.7549107891927502,0.7488151658767783,0.17442668519805418,20250612,True,0.18922700244840862,-0.008394543546694555
20250611,600714.SH,金瑞矿业,化工原料,trend_high_like,3,1.9499,1.9451484493557982,0.6136363636363633,0.09683257918552038,20250612,True,0.26849315068493174,-0.012785388127853792
20250611,603091.SH,众鑫股份,家居用品,trend_high_like,3,1.6271,0.6476725012877335,0.7378640776699036,0.19927536231884058,20250612,True,0.18548240014590567,-0.01076053255517051
20250610,603959.SH,百利科技,建筑工程,breakout_strong,6,4.9383,3.7981886873495507,1.0,0.294238683127572,20250611,True,0.15490196078431384,0.0
20250610,600246.SH,万通发展,区域地产,breakout_strong,6,6.136,2.142277061796327,0.8181818181818182,0.13607594936708864,20250611,True,0.12031249999999982,-0.0031250000000000444
20250610,600353.SH,旭光电子,元器件,trend_high_like,5,9.9631,1.0796728589930642,1.0,0.22183098591549294,20250611,True,0.23549488054607504,-0.007679180887371961
20250609,600521.SH,华海药业,化学制药,breakout_strong,6,3.8462,1.908921489953381,0.765822784810128,0.2586750788643533,20250610,True,0.11606217616580294,-0.0031088082901555847
20250609,603538.SH,美诺华,化学制药,breakout_strong,6,9.9738,1.706194166709294,1.0,0.1504702194357366,20250610,True,0.1298185941043084,-0.04421768707482998
20250609,600366.SH,宁波韵升,矿物制品,trend_high_like,5,4.0964,2.208265769417869,0.5384615384615392,0.10380622837370246,20250610,True,0.370967741935484,-0.012672811059907807
20250609,000554.SZ,泰山石油,石油贸易,breakout_strong,5,1.4129,1.5562600638754427,0.9333333333333346,0.048062015503876045,20250610,True,0.21826625386996912,-0.02631578947368418
20250609,000795.SZ,英洛华,矿物制品,trend_high_like,4,9.9901,4.565779663106307,1.0,0.11717352415026838,20250610,True,0.11428571428571432,-0.018749999999999933
20250609,600530.SH,交大昂立,医疗保健,trend_high_like,4,10.0637,0.670115588214567,1.0,0.480561555075594,20250610,True,0.25168539325842687,-0.02359550561797763
20250609,603308.SH,应流股份,机械基件,trend_high_like,3,2.8329,1.0714450596399792,0.7500000000000027,0.11161731207289291,20250610,True,0.11365719523373063,-0.004124656278643446
20250606,603585.SH,苏利股份,农药化肥,breakout_strong,6,9.9827,5.223345538857939,1.0,0.13271783035199072,20250609,True,0.15240641711229963,-0.036363636363636376
20250606,000701.SZ,厦门信达,商贸代理,breakout_strong,6,10.0826,3.452519630557637,1.0,0.15206611570247933,20250609,True,0.289922480620155,-0.037209302325581395
20250606,600706.SH,曲江文旅,旅游景点,trend_high_like,4,0.852,1.2476005637460392,0.6666666666666666,0.09958932238193025,20250609,True,0.34431455897980867,-0.002125398512221044
20250606,600302.SH,标准股份,纺织机械,trend_high_like,3,1.3889,1.184612619191489,0.6470588235294087,0.06462585034013604,20250609,True,0.10068259385665534,-0.020477815699658675
20250605,000506.SZ,招金黄金,黄金,breakout_strong,6,10.0407,4.692707948650996,1.0,0.1285714285714286,20250606,True,0.23270440251572344,-0.0062893081761006275
20250605,605299.SH,舒华体育,文教休闲,breakout_strong,6,9.9889,4.417486929693762,1.0,0.10893246187363835,20250606,True,0.16753381893860575,-0.04474505723204991
20250605,001389.SZ,广合科技,元器件,breakout_strong,6,10.0041,3.7160290574826345,1.0,0.09336419753086425,20250606,True,0.10125414976023617,-0.023976392475101416
20250605,603899.SH,晨光股份,文教休闲,breakout_like,6,3.6554,2.574485838506498,0.6384180790960468,0.11689145793192038,20250606,True,0.13385826771653542,-0.0211023622047245
20250605,000530.SZ,冰山冷热,机械基件,breakout_strong,6,10.0182,2.047744475392171,1.0,0.09450171821305854,20250606,True,0.10033444816053505,-0.021739130434782705
20250605,600601.SH,方正科技,元器件,breakout_strong,5,10.0233,3.746670108657808,1.0,0.09956709956709955,20250606,True,0.11228813559322037,-0.02330508474576254
20250605,000525.SZ,红太阳,农药化肥,trend_high_like,5,4.9865,1.019761301867667,1.0,0.11228533685601064,20250606,True,0.12623762376237613,-0.027227722772277252
20250604,603823.SH,百合花,染料涂料,breakout_strong,6,10.0,2.3635704802583604,1.0,0.06709558823529416,20250605,True,0.17892976588628762,-0.041806020066889604
20250604,603042.SH,华脉科技,通信设备,breakout_strong,6,9.9786,1.3141984395625113,1.0,0.1261558784676354,20250605,True,0.2943372744243933,-0.037958929682638476
20250604,600927.SH,永安期货,多元金融,trend_high_like,5,3.7559,2.581919195946345,0.7391304347826089,0.11655530809205644,20250605,True,0.2229729729729728,-0.006756756756756799
20250604,603883.SH,老百姓,医药商业,trend_high_like,5,4.7155,1.6185069154542677,0.6567164179104471,0.12784503631961244,20250605,True,0.10669253152279334,0.0
20250604,000558.SZ,天府文旅,旅游景点,trend_high_like,4,3.7313,1.6563688341068858,0.7499999999999981,0.10213776722090265,20250605,True,0.16385542168674694,-0.021686746987952032
20250604,000426.SZ,兴业银锡,铅锌,trend_high_like,4,2.9218,1.4979091358307894,0.626865671641791,0.09257950530035339,20250605,True,0.16454802259887003,-0.007062146892655385
20250604,603106.SH,恒银科技,IT设备,trend_high_like,4,1.7123,1.4331861077674894,0.37288135593220456,0.12499999999999988,20250605,True,0.18047673098751416,0.0
20250603,603017.SH,中衡设计,建筑工程,breakout_strong,6,9.9898,5.004505932239359,1.0,0.16954314720812183,20250604,True,0.20619554695062936,0.0
20250603,601007.SH,金陵饭店,酒店餐饮,breakout_like,6,5.4469,2.814340425852072,0.5555555555555551,0.08209959623149388,20250604,True,0.1633986928104576,-0.024836601307189565
20250603,600250.SH,南京商旅,商贸代理,breakout_strong,6,9.9652,2.2584749682257335,1.0,0.10991379310344823,20250604,True,0.22899999999999987,-0.04800000000000004
20250603,001234.SZ,泰慕士,服饰,breakout_strong,6,5.1381,1.7713575991110044,1.0,0.09330254041570438,20250604,True,0.1054813450023031,-0.02763703362505765
20250603,600259.SH,中稀有色,小金属,breakout_strong,6,10.0,1.4484539831735852,1.0,0.23027444253859353,20250604,True,0.2050739957716703,-0.002114164904862492
20250603,605296.SH,神农集团,农业综合,breakout_strong,5,4.2656,2.4573171467113593,0.874418604651163,0.10708291372943933,20250604,True,0.1074380165289257,-0.028099173553719048
20250603,600419.SH,天润乳业,乳制品,breakout_strong,5,6.6937,2.0065080576039636,0.8039215686274502,0.10960232783705148,20250604,True,0.10268714011516322,-0.01247600767754331
20250603,000888.SZ,峨眉山Ａ,旅游景点,breakout_strong,5,3.2934,1.6884865515552718,1.0,0.0480349344978166,20250604,True,0.12363636363636354,-0.0058181818181818334
20250603,603906.SH,龙蟠科技,电气设备,trend_high_like,5,9.9913,1.463193726883934,1.0,0.2515625,20250604,True,0.20235294117647062,-0.006274509803921524
20250603,000766.SZ,通化金马,化学制药,trend_high_like,5,5.8505,1.1787782147860435,0.9121621621621628,0.1928057553956836,20250604,True,0.14172494172494177,-0.006993006993006978
20250603,000603.SZ,盛达资源,铅锌,trend_high_like,4,5.7883,2.618381230036706,0.8928571428571449,0.07320540156361059,20250604,True,0.16642547033285093,-0.0007235890014472002
20250603,000989.SZ,九芝堂,中成药,trend_high_like,4,10.0,1.6191249008288227,1.0,0.15999999999999995,20250604,True,0.10553814002089856,-0.002089864158829613
20250603,001338.SZ,永顺泰,啤酒,trend_high_like,3,2.7658,1.587480316798194,0.8936170212765977,0.08559670781893011,20250604,True,0.2163989856297548,0.0
20250530,605005.SH,合兴股份,汽车配件,breakout_like,5,2.5128,10.00035599361635,0.48771929824561333,0.20974358974358973,20250603,True,0.4791550861589773,0.0
20250530,603956.SH,威派格,专用机械,trend_high_like,5,3.6309,4.260688970557407,0.5172413793103445,0.13513513513513514,20250603,True,0.22388059701492513,0.0
20250530,600158.SH,中体产业,文教休闲,trend_high_like,3,1.4815,2.50212466938014,0.45454545454545553,0.07710843373493982,20250603,True,0.12969696969696964,0.0
20250530,000950.SZ,重药控股,医药商业,trend_high_like,3,0.4024,1.1660273246420794,0.4285714285714304,0.05719921104536489,20250603,True,0.1046277665995976,-0.006036217303822755
20250529,603194.SH,中力股份,工程机械,breakout_strong,6,10.0059,5.05147854838235,1.0,0.07114735658042748,20250530,True,0.15356489945155394,0.0
20250529,605118.SH,力鼎光电,元器件,breakout_strong,6,3.9206,2.2295981091721813,0.8157894736842098,0.12342569269521424,20250530,True,0.19207920792079203,-0.012376237623762387
20250529,600557.SH,康缘药业,中成药,breakout_strong,4,2.2533,1.7276317264745276,1.0,0.0419847328244274,20250530,True,0.11212121212121207,-0.0060606060606061
20250528,603506.SH,南都物业,房产服务,breakout_strong,6,10.0362,1.9828844809976887,1.0,0.17431192660550457,20250529,True,0.19457735247208952,-0.014354066985645897
20250528,600960.SH,渤海汽车,汽车配件,trend_high_like,3,0.939,0.8972848366900014,0.6249999999999972,0.23863636363636367,20250529,True,0.2930232558139534,-0.0046511627906975495
20250527,603373.SH,安邦护卫,仓储物流,breakout_strong,6,5.2807,2.6533569896157836,0.6749999999999992,0.15355367066393674,20250528,True,0.12434933487565081,-0.0023134759976864983
20250527,600990.SH,四创电子,通信设备,breakout_strong,6,10.0,2.0261091916349847,1.0,0.26484947111472734,20250528,True,0.1953888237592809,-0.01875732708089095
20250527,603011.SH,合锻智能,专用机械,breakout_strong,6,7.7179,1.6945949648928151,0.7424242424242425,0.3812375249500997,20250528,True,0.344871794871795,-0.023717948717948634
20250527,600573.SH,惠泉啤酒,啤酒,breakout_like,6,3.038,1.611563915217454,0.6481481481481497,0.10418375717801473,20250528,True,0.16131687242798343,-0.006584362139917754
20250527,600216.SH,浙江医药,化学制药,trend_high_like,5,3.0951,2.7826834948937624,0.5662650602409646,0.06867554309740719,20250528,True,0.11705924339757323,-0.0035688793718771095
20250527,605337.SH,李子园,乳制品,trend_high_like,4,2.8486,2.1796169354086388,0.7000000000000011,0.13488034807831759,20250528,True,0.1573529411764707,0.0
20250527,605255.SH,天普股份,汽车配件,trend_high_like,4,2.5716,1.388592613126209,0.6792452830188688,0.16440677966101697,20250528,True,0.2445589919816724,0.0
20250527,603087.SH,甘李药业,生物制药,trend_high_like,3,1.5573,0.8801487622117452,0.45512820512820706,0.1481270203460735,20250528,True,0.1272373540856031,-0.0019455252918287869
20250526,600650.SH,锦江在线,公共交通,breakout_strong,6,10.0351,2.4907273091915827,1.0,0.14956982131039046,20250527,True,0.24808673469387754,-0.02869897959183665
20250526,600105.SH,永鼎股份,通信设备,breakout_strong,6,10.0,1.8109141007978067,1.0,0.23296158612143741,20250527,True,0.110843373493976,-0.030120481927710885
20250526,600882.SH,妙可蓝多,乳制品,breakout_strong,6,7.7329,1.6309150647495585,0.8314176245210723,0.11826821541710664,20250527,True,0.11278458844133099,-0.008756567425569184
20250526,600192.SH,长城电工,电气设备,breakout_strong,6,10.0299,1.5462873157545862,1.0,0.14166666666666672,20250527,True,0.25777202072538885,-0.0012953367875647714
20250526,603390.SH,通达电气,汽车配件,trend_high_like,5,10.0083,3.0376072362338,1.0,0.28796992481203004,20250527,True,0.44610778443113785,-0.0052395209580838875
20250526,603076.SH,乐惠国际,专用机械,trend_high_like,5,9.9834,1.6122318774471684,1.0,0.17923133776792308,20250527,True,0.1883327331652862,-0.04141159524666904
20250526,600189.SH,泉阳泉,软饮料,trend_high_like,4,2.8129,1.6422298703983176,0.6999999999999982,0.10326086956521748,20250527,True,0.11243386243386255,0.0
20250523,000705.SZ,浙江震元,医药商业,trend_high_like,4,1.5971,2.874871508550226,0.36111111111110894,0.08543922984356207,20250526,True,0.11435523114355228,-0.012165450121654708
20250523,603611.SH,诺力股份,专用机械,trend_high_like,4,2.6042,2.06664762694147,0.4198473282442746,0.15115115115115113,20250526,True,0.19132653061224492,0.0
20250523,000967.SZ,盈峰环境,环境保护,trend_high_like,4,1.0249,1.3047074418215736,0.2058823529411774,0.21678321678321688,20250526,True,0.14060258249641322,-0.008608321377331363
20250522,605167.SH,利柏特,建筑工程,breakout_like,6,3.4304,4.481364657695484,0.38235294117646956,0.11099796334012219,20250523,True,0.27638190954773867,-0.015075376884421954
20250521,001207.SZ,联科科技,化工原料,breakout_strong,6,4.8227,3.388408136907755,0.7975460122699396,0.1200551977920883,20250522,True,0.1183136899365369,-0.0072529465095194645
20250521,603725.SH,天安新材,塑料,breakout_like,5,1.6435,6.101198560756378,0.41558441558441456,0.15802781289506954,20250522,True,0.16959798994974884,-0.028894472361808976
20250521,603223.SH,恒通股份,公路,trend_high_like,5,4.5506,1.9801757642262987,0.7719298245614022,0.09327548806941444,20250522,True,0.1467391304347827,0.0
20250520,600059.SH,古越龙山,红黄酒,trend_high_like,4,1.6287,1.381379683769306,0.6562499999999966,0.08994708994708991,20250521,True,0.2556149732620321,-0.0032085561497325887
20250520,600644.SH,乐山电力,水力发电,trend_high_like,4,10.0316,1.033945903860799,1.0,0.3705759888965996,20250521,True,0.17095205003474634,-0.040305767894371125
20250519,600148.SH,长春一东,汽车配件,breakout_like,6,5.1509,3.086176263465732,0.44318181818181934,0.16129032258064527,20250520,True,0.13750616067028099,-0.023164120256283782
20250519,603016.SH,新宏泰,电气设备,breakout_strong,6,10.0069,2.405930462360468,1.0,0.16354515050167215,20250520,True,0.12158730158730147,-0.026984126984127
20250519,600463.SH,空港股份,园区开发,breakout_strong,6,10.0102,2.3752455720872767,1.0,0.21525096525096513,20250520,True,0.30482256596906265,-0.03730664240218384
20250519,603991.SH,至正股份,半导体,breakout_strong,6,7.8542,2.3029833506175885,0.7904191616766472,0.1902447491754904,20250520,True,0.11466576864792066,-0.014817309311331961
20250519,601579.SH,会稽山,红黄酒,breakout_strong,6,8.8753,1.4846970113567206,0.8963414634146352,0.24032974001268226,20250520,True,0.32814445828144456,-0.024283935242839227
20250519,600550.SH,保变电气,电气设备,breakout_strong,5,10.0386,4.161923733805099,1.0,0.11455847255369937,20250520,True,0.15901455767077266,-0.04255319148936154
20250516,600389.SH,江山股份,农药化肥,breakout_strong,6,8.1486,2.0448274145106917,0.8494623655913991,0.15600000000000003,20250519,True,0.15100864553314097,-0.010951008645533222
20250516,603970.SH,中农立华,农药化肥,breakout_like,5,6.0606,3.673737538771819,0.6344827586206891,0.08214285714285717,20250519,True,0.13970064148253747,-0.017106200997861754
20250516,603926.SH,铁流股份,汽车配件,trend_high_like,5,4.0274,3.327242120789486,0.5871559633027529,0.2715447154471544,20250519,True,0.1617055510860821,-0.032984714400643655
20250516,603607.SH,京华激光,造纸,trend_high_like,5,3.2525,1.4275402028561925,0.6435643564356435,0.16039603960396032,20250519,True,0.3279839518555667,-0.014042126379137487
20250515,001206.SZ,依依股份,造纸,trend_high_like,4,1.7885,1.3661993187040373,0.9594594594594626,0.17424629535002556,20250516,True,0.31680584551148216,-0.019832985386221247
20250514,603332.SH,苏州龙杰,化纤,breakout_strong,6,10.0383,6.810387460970478,1.0,0.3524904214559388,20250515,True,0.31868131868131866,-0.03223443223443223
20250514,605055.SH,迎丰股份,纺织,breakout_strong,6,10.013,5.983629091002942,1.0,0.36931079323797145,20250515,True,0.41982864137086895,0.0
20250514,000420.SZ,吉林化纤,化纤,breakout_strong,6,9.9196,4.438768967199644,1.0,0.15128205128205124,20250515,True,0.20990566037735836,-0.004716981132075526
20250514,600470.SH,六国化工,农药化肥,trend_high_like,5,3.0909,1.982102527861772,0.6097560975609754,0.12041884816753932,20250515,True,0.1704745166959578,0.0
20250513,605166.SH,聚合顺,化纤,breakout_strong,6,9.9822,4.906633191719581,1.0,0.10714285714285718,20250514,True,0.10048622366288495,-0.008103727714748765
20250513,000520.SZ,凤凰航运,水运,breakout_strong,6,9.9352,3.103965392753509,1.0,0.19238476953907815,20250514,True,0.21021611001964646,-0.007858546168958758
20250513,605138.SH,盛泰集团,服饰,breakout_strong,6,10.0313,1.466847442357253,1.0,0.25644699140401145,20250514,True,0.15332428765264594,-0.042062415196743586
20250513,601083.SH,锦江航运,水运,trend_high_like,5,6.205,1.3966191919387294,0.6410256410256411,0.1483333333333333,20250514,True,0.2318965517241378,-0.0017241379310344307
20250513,603900.SH,莱绅通灵,服饰,trend_high_like,5,4.502,1.234755509537006,0.5833333333333335,0.25651041666666663,20250514,True,0.18850267379679142,-0.004010695187165791
20250512,600530.SH,交大昂立,医疗保健,breakout_like,6,6.2147,5.932208818681518,0.6078431372549015,0.2693032015065913,20250513,True,0.48381294964028787,0.0
20250512,603997.SH,继峰股份,汽车配件,breakout_strong,6,3.3252,1.5554496256592243,0.6862745098039211,0.21776729559748437,20250513,True,0.10944881889763791,-0.018110236220472364
20250512,601022.SH,宁波远洋,水运,trend_high_like,5,4.7679,1.9430860989284562,0.7777777777777782,0.17417061611374407,20250513,True,0.534324942791762,-0.01830663615560646
20250512,600428.SH,中远海特,水运,breakout_strong,5,3.9474,1.9002208113521701,1.0,0.11954765751211634,20250513,True,0.11419753086419737,-0.026234567901234684
20250512,000612.SZ,焦作万方,铝,trend_high_like,3,2.0528,0.876010992660784,1.0,0.1692969870875179,20250513,True,0.1282051282051282,-0.00712250712250706
20250509,603331.SH,百达精工,专用机械,breakout_strong,6,9.9617,5.271542120332871,1.0,0.2576628352490421,20250512,True,0.10110294117647056,-0.040441176470588314
20250509,600345.SH,长江通信,通信设备,breakout_strong,5,4.899,2.880489934863671,0.7786885245901641,0.20773759461732552,20250512,True,0.11364579012857745,-0.03774367482372465
20250509,601319.SH,中国人保,保险,trend_high_like,3,1.2228,0.8758134245803766,0.7058823529411774,0.13903743315508021,20250512,True,0.13618157543391174,-0.01468624833110821
20250508,603083.SH,剑桥科技,通信设备,breakout_strong,5,9.9971,3.2371763760973646,1.0,0.22036775106082043,20250509,True,0.15957446808510634,-0.007712765957446743
20250508,600879.SH,航天电子,航空,breakout_strong,5,3.3372,2.4867583592290727,0.9772727272727277,0.09582863585118373,20250509,True,0.11444444444444435,-0.029999999999999916
20250508,601601.SH,中国太保,保险,breakout_like,4,1.5655,1.714545688927671,0.48091603053435084,0.08802033682872576,20250509,True,0.10614173228346457,-0.00440944881889771
20250508,000559.SZ,万向钱潮,汽车配件,trend_high_like,4,10.043,1.1836938604991252,1.0,0.24193548387096783,20250509,True,0.2862595419847327,-0.011450381679389388
20250508,605218.SH,伟时电子,元器件,trend_high_like,3,1.9459,0.8470047856231526,0.9066666666666663,0.26647834274952914,20250509,True,0.10671015843429643,-0.01817334575955265
20250507,601606.SH,长城军工,专用机械,breakout_like,6,6.2346,3.323702249576129,0.6067415730337066,0.16275430359937404,20250508,True,0.16796874999999978,-0.014843750000000044
20250507,605016.SH,百龙创园,食品,breakout_strong,6,9.4069,1.3343414731824286,0.9442060085836914,0.31149793861658265,20250508,True,0.13913043478260856,-0.013478260869565162
20250507,600523.SH,贵航股份,汽车配件,breakout_like,5,6.8823,3.5232581001272543,0.6576576576576584,0.20363062352012629,20250508,True,0.28837209302325584,-0.010852713178294615
20250507,000576.SZ,甘化科工,电气设备,breakout_strong,5,4.2641,2.1756943485162488,0.7999999999999995,0.21322537112010798,20250508,True,0.3373173970783532,-0.01195219123505975
20250507,605080.SH,浙江自然,文教休闲,breakout_strong,5,5.7897,1.2232980833627762,0.7961783439490444,0.30412192587461034,20250508,True,0.1700247437256983,-0.0014139271827500188
20250507,603350.SH,安乃达,电气设备,trend_high_like,4,7.3942,3.8689118086786523,0.7549295774647893,0.2585969738651995,20250508,True,0.10208502572434353,-0.024370430544272903
20250507,601919.SH,中远海控,水运,trend_high_like,4,1.6484,1.0734711232066472,0.8500000000000026,0.12739726027397258,20250508,True,0.11940298507462677,-0.005427408412483015
20250506,605198.SH,安德利,软饮料,breakout_strong,6,9.9921,1.796767268854596,1.0,0.1477526694810033,20250507,True,0.18200316527243965,-0.025774361293239734
20250506,603966.SH,法兰泰克,专用机械,breakout_strong,5,4.3764,1.7616107263913663,0.7627118644067786,0.2641711229946524,20250507,True,0.15195071868583176,-0.022587268993839893
20250506,600156.SH,华升股份,纺织,breakout_strong,5,7.8067,1.395010194079479,0.8260869565217389,0.28395061728395066,20250507,True,0.2096219931271477,-0.01718213058419249
20250506,000678.SZ,襄阳轴承,汽车配件,trend_high_like,4,4.0329,1.206739720642643,0.6666666666666695,0.2549923195084486,20250507,True,0.40866873065015485,-0.03792569659442724
20250506,001328.SZ,登康口腔,日用化工,trend_high_like,4,4.5535,1.0584798571648626,0.9888888888888885,0.23202001250781729,20250507,True,0.19928451178451168,-0.028619528619528767
20250506,600855.SH,航天长峰,专用机械,trend_high_like,3,3.1985,1.1569237925218985,0.9666666666666675,0.14663023679417134,20250507,True,0.34912280701754383,-0.00877192982456132
20250506,001696.SZ,宗申动力,摩托车,trend_high_like,3,3.3745,1.083394360004758,1.0,0.26325328500226547,20250507,True,0.1477477477477478,-0.0022522522522522292
20250506,603657.SH,春光科技,家用电器,trend_high_like,3,9.9822,1.042507986193973,1.0,0.3000000000000001,20250507,True,0.5404699738903396,-0.013577023498694385
20250430,600281.SH,华阳新材,小金属,breakout_like,6,5.4591,6.12072341063739,0.6000000000000004,0.2803970223325063,20250506,True,0.29145728643216073,-0.002512562814070307
20250430,605133.SH,嵘泰股份,汽车配件,breakout_strong,6,9.9913,1.485284080000214,1.0,0.31904090267983076,20250506,True,0.17214996174445285,-0.04310124968120377
20250430,000158.SZ,常山北明,软件服务,breakout_strong,5,9.9951,1.274992162560632,1.0,0.26198934280639424,20250506,True,0.1356292517006803,-0.01743197278911568
20250430,603166.SH,福达股份,汽车配件,trend_high_like,5,9.9732,1.183238002156307,1.0,0.36132315521628505,20250506,True,0.10979228486646875,-0.023738872403560984
20250430,600336.SH,澳柯玛,家用电器,trend_high_like,4,7.9805,2.5283295528900793,0.6923076923076917,0.2474074074074074,20250506,True,0.10313901345291465,-0.013452914798206428
20250430,603286.SH,日盈电子,汽车配件,trend_high_like,4,6.4099,2.2795040824969304,0.7343283582089555,0.34991222937390287,20250506,True,0.11521675880128024,-0.022403258655804392
20250430,603897.SH,长城科技,电气设备,trend_high_like,4,5.4812,2.182270035984538,0.7577319587628873,0.23694466095089642,20250506,True,0.1549800796812748,-0.003984063745020028
20250430,603337.SH,杰克科技,纺织机械,trend_high_like,4,3.9104,1.6141789658030061,0.5841584158415859,0.27055306427503745,20250506,True,0.1968880909634949,-0.024536205864751692
20250430,605128.SH,上海沿浦,汽车配件,trend_high_like,4,3.7994,1.3039598213864885,0.9545454545454516,0.20717319490325628,20250506,True,0.12357414448669202,-0.009743346007604514
20250430,603300.SH,海南华铁,多元金融,trend_high_like,4,4.2632,1.1075496583264188,0.7590361445783141,0.2857142857142856,20250506,True,0.1200000000000001,-0.01043478260869557
20250430,600835.SH,上海机电,运输设备,trend_high_like,4,3.6483,0.8449138156732837,0.8217821782178223,0.26086956521739135,20250506,True,0.10767832803271227,-0.012721490231712873
20250430,605069.SH,正和生态,环境保护,trend_high_like,3,10.0114,1.1078717026845515,1.0,0.24769703172978505,20250506,True,0.11573604060913723,-0.003045685279187804
20250429,600499.SH,科达制造,专用机械,breakout_strong,6,6.596,2.062302517848123,0.9038461538461559,0.2006802721088436,20250430,True,0.12084257206208426,-0.0011086474501108556
20250429,603983.SH,丸美生物,日用化工,breakout_strong,6,9.9899,2.0299145238004352,1.0,0.23407679926419864,20250430,True,0.13636363636363646,-0.006818181818181723
20250429,600184.SH,光电股份,专用机械,breakout_strong,6,7.0973,1.9626807484701572,0.727272727272727,0.18127340823970037,20250430,True,0.15914137675795703,-0.007401924500370027
20250429,600605.SH,汇通能源,房产服务,breakout_strong,5,4.4101,1.766035964839729,0.9826589595375717,0.27426390403489637,20250430,True,0.10618279569892453,-0.03091397849462385
20250429,603040.SH,新坐标,汽车配件,breakout_strong,5,10.0105,1.7028310425835615,1.0,0.29309769923307766,20250430,True,0.38430769230769246,0.0
20250429,605050.SH,福然德,仓储物流,trend_high_like,5,3.5649,1.652805782394907,0.7543859649122798,0.21830985915492948,20250430,True,0.11307420494699638,-0.0026501766784453595
20250429,603683.SH,晶华新材,化工原料,breakout_like,5,2.3397,1.3275371116019006,0.6315789473684218,0.21882951653944008,20250430,True,0.11505922165820648,-0.004230118443316444
20250429,600592.SH,龙溪股份,机械基件,breakout_strong,5,4.2945,1.2513389387774203,0.9154929577464781,0.3236021771400297,20250430,True,0.49,-0.03049999999999997
20250429,600839.SH,四川长虹,家用电器,trend_high_like,4,5.3535,2.040606761267367,0.5964912280701749,0.21421800947867312,20250430,True,0.11067961165048534,-0.009708737864077777
20250429,600889.SH,南京化纤,机械基件,trend_high_like,4,3.4268,1.655746162881413,0.6601941747572834,0.24807121661721074,20250430,True,0.13663845223700122,0.0
20250429,603985.SH,恒润股份,电气设备,trend_high_like,4,1.7751,1.5353378839387364,0.3983050847457618,0.28742857142857137,20250430,True,0.12478235635519441,0.0
20250429,600410.SH,华胜天成,软件服务,trend_high_like,3,0.4717,2.232314379789196,0.2894736842105249,0.27752293577981657,20250430,True,0.4061032863849767,-0.018779342723004744
20250428,603665.SH,康隆达,服饰,trend_high_like,5,6.0055,1.1223847647679839,0.8699186991869914,0.3053515215110178,20250429,True,0.12473684210526326,-0.008421052631578996
20250425,000993.SZ,闽东电力,水力发电,breakout_like,6,5.9396,2.154305509005793,0.621621621621622,0.19999999999999993,20250428,True,0.11038961038961048,-0.03525046382189234
20250425,603605.SH,珀莱雅,日用化工,breakout_strong,5,9.9987,2.5129348939992973,1.0,0.12941315385523666,20250428,True,0.1399768250289688,-0.0037079953650057673
20250425,603359.SH,东珠生态,建筑工程,breakout_strong,5,10.0346,2.343740345147731,1.0,0.34817170111287765,20250428,True,0.3704918032786886,-0.011475409836065431
20250425,603256.SH,宏和科技,玻璃,trend_high_like,4,4.8837,2.4516539039553598,0.517241379310343,0.26982378854625555,20250428,True,0.11136363636363611,-0.011363636363636576
20250425,001298.SZ,好上好,元器件,trend_high_like,4,10.0082,1.6160642179204414,1.0,0.30190058479532156,20250428,True,0.1208791208791209,-0.009852216748768572
20250425,600262.SH,北方股份,专用机械,breakout_strong,4,1.7223,1.4805585347505064,0.7123287671232866,0.2057569296375267,20250428,True,0.2502645502645504,-0.007407407407407196
20250425,603319.SH,美湖股份,汽车配件,trend_high_like,4,4.7147,1.2518622486564217,0.7441077441077429,0.31156930126002297,20250428,True,0.1527536231884059,-0.018840579710144856
20250424,000966.SZ,长源电力,火力发电,trend_high_like,5,5.5901,2.039792335137715,0.7428571428571411,0.15192307692307694,20250425,True,0.2078431372549021,-0.02941176470588225
20250423,600505.SH,西昌电力,水力发电,trend_high_like,5,5.0033,1.9850653964223628,0.7627118644067794,0.34527486102532434,20250424,True,0.3686274509803922,-0.0032679738562092497
20250423,603119.SH,浙江荣泰,汽车配件,trend_high_like,4,10.0,1.4672506366280818,1.0,0.33776223776223774,20250424,True,0.1568075117370893,-0.013380281690140827
20250422,600303.SH,曙光股份,汽车整车,breakout_strong,6,6.0606,3.6091879256192683,0.7575757575757575,0.2936893203883495,20250423,True,0.14457831325301185,-0.04578313253012056
20250422,603351.SH,威尔药业,化学制药,breakout_strong,5,10.0,3.7179504385777062,1.0,0.2622829700775767,20250423,True,0.11742025937609535,-0.041359971959341046
20250422,603918.SH,金桥信息,软件服务,breakout_strong,5,4.942,3.081233208612242,0.7909090909090908,0.27207207207207207,20250423,True,0.10176470588235298,-0.02882352941176458
20250422,603067.SH,振华股份,化工原料,breakout_strong,5,9.983,2.1709875549884305,1.0,0.23899371069182385,20250423,True,0.1278048780487806,-0.024390243902439046
20250422,600962.SH,国投中鲁,软饮料,breakout_like,4,1.9345,2.3537226189096936,0.42553191489361575,0.21183345507669835,20250423,True,0.10160818713450293,-0.049707602339181256
20250418,600961.SH,株冶集团,铅锌,breakout_like,6,6.07,2.1435199339706927,0.38333333333333425,0.24975514201762983,20250421,True,0.11079274116523408,-0.03438395415472795
20250417,000042.SZ,中洲控股,全国地产,trend_high_like,4,3.1056,1.1387493385200431,0.6562499999999993,0.11976047904191614,20250418,True,0.11994002998500752,-0.022488755622188994
20250417,600865.SH,百大集团,百货,trend_high_like,3,2.4149,2.018078926024706,0.6071428571428563,0.1875,20250418,True,0.4115092290988056,0.0
20250417,600838.SH,上海九百,百货,trend_high_like,3,1.0465,1.692437817898347,0.5312499999999993,0.18233944954128448,20250418,True,0.1192129629629628,-0.01967592592592593
20250416,605179.SH,一鸣食品,乳制品,breakout_strong,6,4.2523,1.7304081838473937,0.7521008403361344,0.2117117117117117,20250417,True,0.2566371681415931,-0.017233348858872732
20250416,000419.SZ,通程控股,百货,trend_high_like,3,1.1785,1.489463699468193,0.8399999999999999,0.17910447761194032,20250417,True,0.11092436974789921,-0.005042016806722782
20250415,600969.SH,郴电国际,水力发电,breakout_like,6,7.3025,3.2559596001056965,0.6603773584905668,0.1792717086834733,20250416,True,0.12359550561797761,-0.021067415730337102
20250415,603237.SH,五芳斋,食品,breakout_like,5,2.2349,3.8091825207151166,0.4516129032258081,0.1184415584415585,20250416,True,0.16283924843423803,-0.0224425887265135
20250415,603696.SH,安记食品,食品,breakout_strong,5,10.0236,3.28497005997032,1.0,0.15942028985507253,20250416,True,0.6109324758842443,-0.026795284030010746
20250414,000899.SZ,赣能股份,火力发电,breakout_strong,6,6.1606,1.5500585198145251,0.892857142857142,0.11691022964509386,20250415,True,0.19461697722567273,-0.017598343685300222
20250414,605567.SH,春雪食品,食品,trend_high_like,4,3.7204,1.5194980808110734,0.5161290322580627,0.13714902807775373,20250415,True,0.1323851203501094,-0.035010940919037226
20250414,000506.SZ,招金黄金,黄金,trend_high_like,4,5.0269,1.0697833551329936,1.0,0.15424610051993062,20250415,True,0.13659359190556497,-0.02866779089376048
20250410,605188.SH,国光连锁,超市连锁,breakout_strong,6,5.7107,4.056905533677043,0.8172043010752689,0.16073619631901845,20250411,True,0.5674999999999999,0.0
20250410,600547.SH,山东黄金,黄金,breakout_strong,6,5.3114,1.7353020363085905,0.8325358851674635,0.13916786226685793,20250411,True,0.11806020066889644,-0.019397993311036754
20250410,600988.SH,赤峰黄金,黄金,breakout_strong,6,7.9114,1.6772964538424302,0.7819905213270154,0.197267292912041,20250411,True,0.2869080779944291,0.0
20250410,000975.SZ,山金国际,黄金,breakout_strong,6,4.5842,1.4573139741790588,0.7922077922077924,0.1534931157572666,20250411,True,0.15271659324522768,-0.026921194322075404
20250410,601068.SH,中铝国际,建筑工程,trend_high_like,5,6.576,1.8467679759857123,0.9249999999999995,0.1631355932203389,20250411,True,0.11016949152542388,-0.01906779661016944
20250409,600903.SH,贵州燃气,供气供热,breakout_like,6,3.1437,4.2257215564836645,0.2741935483870966,0.06715328467153285,20250410,True,0.13146233382570172,0.0
20250409,600391.SH,航发科技,航空,breakout_strong,6,10.0199,2.706622436739239,1.0,0.11065386374028356,20250410,True,0.12483281319661166,-0.013820775746767655
20250409,603057.SH,紫燕食品,食品,trend_high_like,5,4.7059,1.8719196162594762,0.9381443298969068,0.13974854932301745,20250410,True,0.17529296875,-0.002929687499999889
20250409,603688.SH,石英股份,矿物制品,trend_high_like,5,10.0157,1.3597446268826705,1.0,0.21275395033860045,20250410,True,0.28099173553719026,-0.015151515151515027
20250409,603267.SH,鸿远电子,元器件,trend_high_like,4,10.0,0.8019833294502057,1.0,0.2529711375212224,20250410,True,0.11390456644433034,-0.043954164528818174
20250408,600180.SH,瑞茂通,仓储物流,breakout_strong,6,9.9034,5.317671510051082,1.0,0.12837837837837843,20250409,True,0.26249999999999996,0.0
20250407,000505.SZ,京粮控股,食品,breakout_like,6,3.2415,4.638978159775278,0.4722222222222222,0.07484076433121029,20250408,True,0.14599686028257453,-0.02982731554160134
20250407,603477.SH,巨星农牧,农业综合,trend_high_like,4,2.3392,2.088536202363668,0.5648535564853561,0.20454545454545456,20250408,True,0.1899095668729176,-0.02427415516420761
20250403,601008.SH,连云港,港口,breakout_strong,6,10.1036,4.5886686478258385,1.0,0.08999999999999997,20250407,True,0.545045045045045,-0.029279279279279424
20250403,600032.SH,浙江新能,新型电力,breakout_strong,6,9.9612,4.306261026805807,1.0,0.10630407911001229,20250407,True,0.14250614250614246,-0.012285012285012442
20250403,600292.SH,电投水电,水力发电,breakout_strong,6,10.0405,3.566841044146422,1.0,0.13636363636363638,20250407,True,0.11111111111111116,-0.041481481481481564
20250403,603336.SH,宏辉果蔬,农业综合,breakout_like,6,3.9683,2.547821605860768,0.446808510638298,0.14396887159533062,20250407,True,0.3028037383177571,0.0
20250403,601579.SH,会稽山,红黄酒,breakout_like,5,0.1642,4.024363767142447,0.46739130434782583,0.18062397372742195,20250407,True,0.16269165247018735,-0.03747870528109021
20250403,600127.SH,金健米业,农业综合,breakout_strong,5,3.0864,3.017462239185043,0.7000000000000003,0.05239520958083827,20250407,True,0.22541603630862328,0.0
20250403,000715.SZ,中兴商业,百货,trend_high_like,5,3.1339,2.756708349691795,0.8372093023255827,0.14673913043478262,20250407,True,0.288793103448276,0.0
20250403,000729.SZ,燕京啤酒,啤酒,breakout_strong,5,2.0734,1.5411152747295889,0.9487179487179499,0.09389671361502343,20250407,True,0.10322580645161294,-0.030645161290322687
20250403,601098.SH,中南传媒,出版业,breakout_like,5,1.4634,1.2594118891651145,0.6666666666666677,0.1374045801526718,20250407,True,0.1057487579843861,-0.007806955287437911
20250403,600095.SH,湘财股份,证券,trend_high_like,4,1.8204,4.3240790845209816,0.34939759036144685,0.2125890736342043,20250407,True,0.18908629441624347,0.0
20250403,603569.SH,长久物流,公路,trend_high_like,4,9.944,3.7168207208085575,1.0,0.11934673366834173,20250407,True,0.19573901464713717,0.0
20250403,601952.SH,苏垦农发,种植业,trend_high_like,4,2.3013,2.9274374997612864,0.8620689655172387,0.04480651731160891,20250407,True,0.2163742690058481,-0.03508771929824561
20250403,600354.SH,敦煌种业,种植业,trend_high_like,4,3.405,2.76069021879177,0.45945945945945915,0.05536332179930801,20250407,True,0.2838063439065108,-0.0233722871452422
20250403,000713.SZ,国投丰乐,种植业,trend_high_like,4,3.819,2.6166768124236914,0.9600000000000009,0.07287449392712551,20250407,True,0.27213541666666674,-0.02864583333333326
20250403,600359.SH,新农开发,种植业,trend_high_like,4,2.2222,1.5328270071683952,0.9523809523809534,0.0928571428571429,20250407,True,0.2559774964838255,-0.04781997187060494
